HCPCS_Cd,HCPCS_Desc,Provider_Count,Service_Records,Total_Beneficiaries,Total_Services,Avg_Medicare_Payment,Avg_Submitted_Charge,Avg_Allowed_Amount
K1034,"Provision of covid-19 test, nonprescription self-administered and self-collected use, fda approved, authorized or cleared, one test count",972,972,677775,5958089,10.708046159816668,12.178119490006377,10.708046159816668
Q9967,"Low osmolar contrast material, 300-399 mg/ml iodine concentration, per ml",357,357,35491,3369932,0.09032305306778711,2.1842866957462186,0.11543361402885155
99214,"Established patient office or other outpatient visit, 30-39 minutes",14647,14667,1707884,2920533,81.10232704684528,255.6897691657422,115.32383633882
P9603,Travel allowance one way in connection with medically necessary laboratory specimen collection drawn from home bound or nursing home bound patient; prorated miles actually travelled,5,5,14128,2768799,1.0136656942,1.45036785508,1.0136656942
A0425,"Ground mileage, per statute mile",254,254,143875,2512664,7.283999326930709,18.431569262797247,9.132823182470473
99213,"Established patient office or other outpatient visit, 20-29 minutes",14352,14360,1426172,2212178,56.967272472370794,174.83235490145995,81.96931537227167
J1439,"Injection, ferric carboxymaltose, 1 mg",46,46,1644,2125478,0.8832900720152174,3.2915869220934786,1.1115348084152175
J0717,"Injection, certolizumab pegol, 1 mg (code may be used for medicare when drug administered under the direct supervision of a physician, not for use when drug is self administered)",23,23,677,1728442,4.480104460256522,15.587208786152175,5.636579483517392
97110,"Therapy procedure using exercise to develop strength, endurance, range of motion, and flexibility, each 15 minutes",2237,2237,137632,1699644,18.683401643219312,69.38079753103844,24.25417637321502
A9575,"Injection, gadoterate meglumine, 0.1 ml",107,107,11004,1613316,0.11170887762523365,2.1021935069635513,0.1411737041738318
Q0138,"Injection, ferumoxytol, for treatment of iron deficiency anemia, 1 mg (non-esrd use)",35,35,1369,1357111,0.6401898208457143,3.7792800424599995,0.8094405446085714
J0878,"Injection, daptomycin, 1 mg",7,7,136,1356552,0.04744669401428571,1.7734314480857143,0.05927349225714286
J0897,"Injection, denosumab, 1 mg",304,304,11358,1244244,16.721962375967436,41.21286737279836,21.208269379380592
99232,"Follow-up hospital inpatient care per day, typically 25 minutes",5123,5123,382292,1101807,55.103334018058895,198.38174830044719,69.57165498453406
J9271,"Injection, pembrolizumab, 1 mg",63,63,1405,1019765,42.03302684347619,129.9120182226508,52.66962695815873
J0881,"Injection, darbepoetin alfa, 1 microgram (non-esrd use)",37,37,1189,997077,2.4984342186513513,13.594555526372973,3.155232307581081
J0585,"Injection, onabotulinumtoxina, 1 unit",96,96,2166,892570,4.793649828236458,14.243657768207292,6.058529220816666
85025,"Complete blood cell count (red cells, white blood cell, platelets), automated test and automated differential white blood cell count",1013,1013,470315,876714,7.6251598849552815,33.0929177412082,7.6251598849552815
36415,Insertion of needle into vein for collection of blood sample,2546,2546,454562,870827,2.9496342861769445,15.08873278190593,2.9496342861769445
97530,Therapy procedure using functional activities,1642,1642,83491,848127,26.46372348645006,72.9031850837095,34.08256755590438
97140,"Therapy procedure using manual technique, each 15 minutes",1892,1892,94375,813988,16.600418340934514,65.4919402200777,21.521571853567124
97112,"Therapy procedure to re-educate brain-to-nerve-to-muscle function, each 15 minutes",1695,1695,83123,756895,22.8123451719646,70.72999220509027,29.44804057742832
99233,"Follow-up hospital inpatient care per day, typically 35 minutes",4103,4103,301699,735416,80.03283281804484,296.9002528025257,100.76418227338216
J1071,"Injection, testosterone cypionate, 1 mg",24,24,705,732714,0.018947912375,4.397517099408334,0.026838715116666665
J1602,"Injection, golimumab, 1 mg, for intravenous use",34,34,1017,658588,11.687980840147059,51.52568281085294,14.698892787529411
80053,"Blood test, comprehensive group of blood chemicals",742,742,331586,588433,10.359026815560782,46.15265167707143,10.359026815560782
17003,"Destruction of precancer skin growth, 2-14 growths",557,557,96721,568219,4.6523065870825855,25.162129400017594,6.275296242085637
J7328,"Hyaluronan or derivative, gelsyn-3, for intra-articular injection, 0.1 mg",30,30,975,556337,1.5858897363433333,5.393076014813333,2.005853655543333
A9585,"Injection, gadobutrol, 0.1 ml",93,93,6414,544250,0.25750462513440864,3.637898364954839,0.325588520355914
80061,"Blood test, lipids (cholesterol and triglycerides)",687,687,400871,541798,13.157639600433772,56.517749818851534,13.157639600433772
J3262,"Injection, tocilizumab, 1 mg",15,15,268,533485,4.5780507186,12.241639944753333,5.756031658653333
83036,Hemoglobin a1c level,1419,1419,342179,519355,9.514764250522198,38.96290704554954,9.514764250522198
J3301,"Injection, triamcinolone acetonide, not otherwise specified, 10 mg",1164,1164,69038,498385,0.8317008398630584,10.796769701723369,1.1296315807131443
G0008,Administration of influenza virus vaccine,3729,3729,478051,481862,26.829691556133653,40.07580441565208,26.829691556133653
J1453,"Injection, fosaprepitant, 1 mg",39,39,1105,471000,0.13580343503076922,4.543840299520513,0.17174880754102564
71045,"X-ray of chest, 1 view",792,793,369927,469513,7.074749857037201,48.81228422038588,9.440929010416015
J0129,"Injection, abatacept, 10 mg (code may be used for medicare when drug administered under the direct supervision of a physician, not for use when drug is self administered)",35,35,1050,466977,34.442487400714285,84.2678520476,43.26447911065714
J1100,"Injection, dexamethasone sodium phosphate, 1 mg",641,641,30215,457022,0.08746865518034322,6.4121186099926675,0.11963327602823713
88305,"Pathology examination of tissue using a microscope, intermediate complexity",511,512,214001,441136,32.72325958660352,182.93360866760742,42.599368233748045
93010,Routine electrocardiogram (ecg) using at least 12 leads with interpretation and report only,1624,1630,339258,425335,6.168508431147914,51.145046119155765,8.137974273929325
Q5101,"Injection, filgrastim-sndz, biosimilar, (zarxio), 1 microgram",12,12,222,380760,0.21083836294166666,2.311919106025,0.26675369828333334
98941,"Chiropractic manipulative treatment, 3-4 spinal regions",839,839,44157,377942,27.60138987069011,59.93216248893683,39.23021080704053
A0435,"Fixed wing air mileage, per statute mile",6,6,1464,349429,10.270181491899999,95.85631941999999,12.873098608
J1756,"Injection, iron sucrose, 1 mg",25,25,563,344900,0.16320548689599998,2.326075669952,0.20895964923600002
99204,"New patient office or other outpatient visit, 45-59 minutes",6793,6799,330104,330132,111.92254723704588,385.0607005619037,158.58181561745624
J9267,"Injection, paclitaxel, 1 mg",33,33,596,323017,0.0952967052,3.388247353442424,0.12010076475151515
99215,"Established patient office or other outpatient visit, 40-54 minutes",4434,4441,211939,320334,120.8694669276271,374.46445763083136,164.92135051872438
99309,"Follow-up nursing facility visit per day, typically 25 minutes",1024,1031,85207,311389,63.226634188093115,186.15571288788556,83.02966318629097
81001,"Manual urinalysis test with examination using microscope, automated",431,431,216746,303365,3.108724471694664,18.359213048738283,3.108724471694664
93000,Routine electrocardiogram (ecg) using at least 12 leads with interpretation and report,2202,2202,231906,294067,9.952950969440737,64.39415093126249,14.236181425563988
99308,"Follow-up nursing facility visit per day, typically 15 minutes",981,987,78640,292057,47.739544508686116,141.91565060835157,63.62809475271428
J9299,"Injection, nivolumab, 1 mg",20,20,313,291525,22.040955125365,74.91590504615,27.57022670033
92014,Established patient complete exam of visual system,1096,1096,251806,290835,79.40494418118587,194.15169448346714,123.09444554871808
U0005,"Infectious agent detection by nucleic acid (dna or rna); severe acute respiratory syndrome coronavirus 2 (sars-cov-2) (coronavirus disease [covid-19]), amplified probe technique, cdc or non-cdc, making use of high throughput technologies, completed within",125,125,139767,280516,24.657363794376,50.009839095592,24.657363794376
G0439,"Annual wellness visit, includes a personalized prevention plan of service (pps), subsequent visit",3059,3060,273159,273159,118.27279206361357,262.9433973935075,118.27279206361357
J3111,"Injection, romosozumab-aqqg, 1 mg",15,15,334,272373,7.391861006066667,20.725457483579998,9.304562802946666
99285,Emergency department visit for life threatening or functioning severity,1820,1820,256125,265702,142.77618061255933,1184.47584724211,172.30611055944505
99203,"New patient office or other outpatient visit, 30-44 minutes",5071,5072,264566,264599,72.31323522646747,250.7089696217088,105.15858688201932
J7320,"Hyaluronan or derivitive, genvisc 850, for intra-articular injection, 1 mg",29,29,1800,258303,12.352168867496552,27.658275400517244,15.53393287072414
99223,"Initial hospital inpatient care per day, typically 70 minutes",3859,3859,232850,246637,153.41863297054883,538.679821023234,195.58371424604817
J1095,"Injection, dexamethasone 9 percent, intraocular, 1 microgram",3,3,515,240679,0.7384570520999999,2.186038034733333,0.9232793325666666
90662,"Influenza vaccine split virus, preservative free",2451,2451,232231,233422,67.14989694097858,92.35439859867809,67.14990529067911
92134,Imaging of retina,781,782,120914,228524,27.394239897687594,106.55463895294629,38.724121346285166
99212,"Established patient office or other outpatient visit, 10-19 minutes",3382,3382,158847,216769,36.67654107302927,110.93242586493731,51.708722896931995
J0185,"Injection, aprepitant, 1 mg",18,18,519,211120,1.354882923511111,5.512432341516667,1.6940113787388889
83735,Magnesium level,219,219,126431,209178,6.578481953014156,29.521054584416895,6.578481953014156
95004,Test for allergy using allergenic extract,102,102,3497,200359,3.209006290793137,13.246129173360785,4.128119618651961
C9290,"Injection, bupivacaine liposome, 1 mg",14,14,969,197991,1.0631335606571428,6.03885221465,1.3324250009714285
77067,Screening mammography,602,608,187628,190274,69.47374563455921,235.26973501966447,69.47374563455921
96372,Injection of drug or substance under skin or into muscle,1827,1827,75853,189538,9.71128947401872,52.814300433551175,13.507782306657472
71046,"X-ray of chest, 2 views",1772,1778,175233,188280,13.762009486278965,74.64395673596569,19.691023158722047
66984,Removal of cataract with insertion of prosthetic lens,450,452,44944,187080,319.83029161400043,1765.4554376340532,405.31021813011677
93306,"Ultrasound of heart with color-depicted blood flow, rate, direction and valve function",1047,1055,176333,183061,90.46352323022369,458.5881421536341,121.24167473489668
82728,Ferritin (blood protein) level,274,274,118869,180572,13.349776501774452,48.69361329683102,13.349776501774452
J7345,"Aminolevulinic acid hcl for topical administration, 10% gel, 10 mg",20,20,570,173805,1.247028204935,2.56174039132,1.57263779377
J3300,"Injection, triamcinolone acetonide, preservative free, 1 mg",14,14,1537,173786,2.779841252792857,13.65331931005,3.5760709019857146
17000,"Destruction of precancer skin growth, 1 growth",630,630,127565,173052,36.81662273004397,156.5944610023905,52.26158166473651
J2777,"Injection, faricimab-svoa, 0.1 mg",40,40,1492,169948,29.76340331875,66.10209038315,37.356871434175005
U0003,"Infectious agent detection by nucleic acid (dna or rna); severe acute respiratory syndrome coronavirus 2 (sars-cov-2) (coronavirus disease [covid-19]), amplified probe technique, making use of high throughput technologies as described by cms-2020-01-r",109,109,85815,169936,74.09243866608257,192.7986273513945,74.09243866608257
11721,"Removal of fingernails or toenails, 6 or more nails",408,409,72487,169897,30.755360686662346,89.17633491108802,42.43269996836185
99291,"Critical care, first 30-74 minutes",2100,2101,99721,169178,178.65733973507378,1106.7011995270252,216.09518220748214
J9263,"Injection, oxaliplatin, 0.5 mg",15,15,239,168432,0.04923565978666667,19.031257908493334,0.062251421493333334
J3380,"Injection, vedolizumab, 1 mg",13,13,208,163801,17.243179564384615,51.24131899384615,21.655643051153845
G0283,"Electrical stimulation (unattended), to one or more areas for indication(s) other than wound care, as part of a therapy plan of care",509,509,21769,161190,7.245051127107269,39.44905138175639,9.331856605897052
70450,Ct scan head or brain without contrast,724,728,146352,153604,36.40921259496703,285.2549583641401,49.196142268331045
84550,"Uric acid level, blood",207,207,103212,152664,4.448362064952174,20.130158671048793,4.448390858502416
81003,Automated urinalysis test,1445,1445,108942,151391,2.207460442691765,14.107887503637855,2.207460442691765
84443,"Blood test, thyroid stimulating hormone (tsh)",592,592,108549,149514,16.526499433913852,61.88941249764696,16.526499433913852
87798,"Detection test by nucleic acid for organism, amplified probe technique",43,43,16217,148515,34.63431118383721,117.67244055453489,34.63431118383721
84439,"Thyroxine (thyroid chemical), free",304,304,101473,144975,8.855335652080592,37.62947953974441,8.855335652080592
77063,Screening 3d breast mammography,506,510,138361,142105,35.00217735427843,124.24759894478628,35.00217735427843
80048,"Blood test, basic group of blood chemicals (calcium, total)",492,492,91505,138975,8.310127986117479,39.04303169592642,8.310127986117479
20610,Aspiration and/or injection of fluid from large joint,1261,1262,78879,137724,46.035818451229794,280.1758502093716,62.425408405435824
87150,"Identification of organisms by genetic analysis, amplified probe technique",7,7,8754,136031,34.646987498142856,84.64502586642857,34.646987498142856
99239,"Hospital discharge day management, more than 30 minutes",1752,1752,129308,135509,81.54797984297318,320.50539048051365,102.82918065993037
J2357,"Injection, omalizumab, 5 mg",21,21,458,135381,27.70896852740476,78.5638108734762,34.83325655542857
J1745,"Injection, infliximab, excludes biosimilar, 10 mg",37,37,827,133415,28.30962462878378,150.51519961605405,35.6781138464054
A0427,"Ambulance service, advanced life support, emergency transport, level 1 (als 1 - emergency)",202,202,86143,127840,370.8853080381188,1207.8810958679207,471.39200464420793
J3121,"Injection, testosterone enanthate, 1 mg",3,3,72,126704,0.030349586933333336,0.09645456383333334,0.045659977866666666
J9144,"Injection, daratumumab, 10 mg and hyaluronidase-fihj",13,13,286,125823,35.38167841515384,126.98717913976922,44.30205837692308
99490,"Chronic care management services, first 20 minutes of clinical staff time directed by health care professional, per calendar month",412,412,29347,124219,45.48438413769661,99.74622322523544,60.08907328808253
Q9966,"Low osmolar contrast material, 200-299 mg/ml iodine concentration, per ml",59,59,5044,123877,0.2620273346186441,14.36953490529661,0.3315361266016949
G2066,"Interrogation device evaluation(s), (remote) up to 30 days; implantable cardiovascular physiologic monitor system, implantable loop recorder system, or subcutaneous cardiac rhythm monitor system, remote data acquisition(s), receipt of transmissions and tec",132,132,19425,123846,41.24320045360303,210.68485158467425,57.24236695897727
0124A,Fee covid-19 vac 13 res,1144,1144,122420,122525,38.54163586876923,62.18550627211014,38.54163586876923
95165,Professional service for preparation and provision of 1 or more antigens,96,96,4386,121722,11.0558683999125,27.78341189596875,14.89937333636354
99222,"Initial hospital inpatient care per day, typically 50 minutes",2748,2748,114187,121458,103.84525307560408,353.82868740448686,133.0289768201281
82607,Cyanocobalamin (vitamin b-12) level,345,345,92888,120339,14.816406078878261,54.03900890523768,14.816406078878261
J0586,"Injection, abobotulinumtoxina, 5 units",7,7,233,118943,6.581565974128572,18.517263474142858,8.311079758114285
99284,Emergency department visit for problem of high severity,1819,1819,115572,118701,91.85897757839912,764.7561353352721,118.26661914512918
J0885,"Injection, epoetin alfa, (for non-esrd use), 1000 units",29,29,859,118441,6.3752576169103445,28.242433789275864,8.130042181631035
98940,"Chiropractic manipulative treatment, 1-2 spinal regions",410,410,16517,115279,19.077523903373173,48.199011978309755,27.57339464307073
97116,"Therapy procedure for walking training, each 15 minutes",350,350,10092,115245,17.945130494405714,59.48871644709428,23.08154302670857
99231,"Follow-up hospital inpatient care per day, typically 15 minutes",1467,1467,50616,114855,29.590672869531698,111.53311280533265,37.5314024615317
92012,Established patient problem focused exam of visual system,563,563,72902,114559,60.844469294449375,149.18465246453286,89.43935653045115
90837,"Psychotherapy, 1 hour",460,460,11624,114194,93.62227498872174,202.37592119393912,122.73916121391305
J7329,"Hyaluronan or derivative, trivisc, for intra-articular injection, 1 mg",36,36,1281,109501,9.641780313280556,72.25746666666666,12.1057917711
90694,"Influenza vaccine, quadrivalent inactivated, 0.5 ml dosage",1347,1347,108402,108885,67.89213107240758,91.04240132808314,67.89213107240758
67028,Injection of drug into eye,140,140,23893,106108,90.71492896817144,513.7452787320143,119.68688628567142
J0588,"Injection, incobotulinumtoxin a, 1 unit",7,7,216,102662,3.953635898242857,12.058244261857142,4.978013187585715
J2469,"Injection, palonosetron hcl, 25 mcg",83,83,2779,99433,0.8076736813915663,63.434870717932526,1.0165751976216868
11102,"Biopsy of related skin growth, first growth",569,570,82938,98922,59.54615141653158,217.15400749704912,83.36039986769123
0064A,Adm sarscov2 50mcg/0.25mlbst,925,925,96158,97671,38.85433509354811,56.672003439521085,38.85433509354811
J0178,"Injection, aflibercept, 1 mg",80,80,9459,93992,715.1674734465,1616.897500219875,898.42519961725
92250,Photography of the retina,742,744,86931,92829,25.148581706867205,111.97931062437232,36.48333621732258
Q5106,"Injection, epoetin alfa-epbx, biosimilar, (retacrit) (for non-esrd use), 1000 units",23,23,446,89545,6.401377277669566,26.36061977597826,8.146158877347826
90834,"Psychotherapy, 45 minutes",359,359,10548,89507,64.58419488318941,169.72862953728134,85.50337358081337
74177,Ct scan of abdomen and pelvis with contrast,865,868,85508,89178,101.00547459339747,665.1992574098215,133.5345904998203
97535,"Training for self-care or home management, each 15 minutes",435,435,17614,87808,21.440852774117243,73.09100794910574,27.733464733491953
J7325,"Hyaluronan or derivative, synvisc or synvisc-one, for intra-articular injection, 1 mg",52,52,1208,86862,7.862661150382692,29.296429922634616,9.999292118517307
80307,"Testing for presence of drug, by chemistry analyzers",136,136,27413,86651,60.209882659867645,234.28905937702206,60.209882659867645
88341,"Special stained specimen slides to examine tissue, each additional procedure",343,344,22783,85438,29.39688900115988,139.66871353722385,37.01725239583721
83540,Iron level,243,243,54714,82748,6.358244028549794,24.415374691097533,6.358244028549794
A0429,"Ambulance service, basic life support, emergency transport (bls-emergency)",240,240,59517,81882,316.23403589241667,911.2335680465001,404.05588466775004
85027,"Complete blood cell count (red cells, white blood cell, platelets), automated test",204,204,60673,81341,6.353368662133824,28.31807166893186,6.353368662133824
83615,Lactate dehydrogenase (enzyme) level,109,109,33777,81093,5.941753681970643,28.07778395707156,5.941753681970643
85610,"Blood test, clotting time",358,358,19894,80790,4.2184184407089385,22.008587110618716,4.2184184407089385
0134A,Fee covid-19 vac 14 res,767,767,80098,80168,38.065871358393224,58.624946401346676,38.065871358393224
17110,"Destruction of skin growth, 1-14 growths",545,546,62839,79051,74.33636397731502,237.39800576096886,104.37857056919414
J7318,"Hyaluronan or derivative, durolane, for intra-articular injection, 1 mg",30,30,856,78715,10.67070032056,29.3804053662,13.443215096476667
92083,Exam of visual field with extended testing,826,826,69561,78591,41.64802172635956,137.20594072226635,60.71478179579661
99211,Office or other outpatient visit for the evaluation and management of established patient that may not require presence of healthcare professional,737,737,50970,76809,17.229278166440842,58.70061121684626,22.33700050273609
J2182,"Injection, mepolizumab, 1 mg",6,6,118,76800,22.52368985,73.48274225966667,28.31835324533333
92133,Imaging of optic nerve,778,778,69865,76795,23.678131123029562,104.64704395504756,34.638245418249355
77014,Ct guidance for insertion of radiation therapy fields,145,147,8249,76647,53.00790224212925,304.8352695832517,66.78975857742176
84153,"Psa (prostate specific antigen) measurement, total",255,255,57609,75248,18.06660478006667,69.51093717331372,18.06660478006667
73030,"X-ray of shoulder, minimum of 2 views",1186,1193,61409,74141,14.733181441124142,78.7448400438969,20.361809077787427
J1568,"Injection, immune globulin, (octagam), intravenous, non-lyophilized (e.g., liquid), 500 mg",9,9,159,74034,32.83769106188889,152.07014914444446,41.21225216
J2405,"Injection, ondansetron hydrochloride, per 1 mg",43,43,1445,72828,0.06734623316976744,6.56871712875814,0.08602716639767442
J9025,"Injection, azacitidine, 1 mg",6,6,81,72738,0.5525514284333334,5.669999999999999,0.6943831903666666
73630,"X-ray of foot, minimum of 3 views",1075,1079,52448,71833,15.276335542585265,70.7131280226089,21.074568614945413
82306,Vitamin d-3 level,367,367,57054,71587,29.08717491762943,97.30286237664305,29.08717491762943
77080,"Dxa bone density measurement of hip, pelvis, spine",624,627,71046,71554,23.054332328464277,152.39176134828006,23.054332328464277
81002,"Urinalysis, manual test",958,958,51178,69573,3.4206000069199374,14.526039000069416,3.4206000069199374
74176,Ct scan of abdomen and pelvis without contrast,821,824,66558,68509,75.79882072961772,550.4174760674526,100.05796798549758
J3304,"Injection, triamcinolone acetonide, preservative-free, extended-release, microsphere formulation, 1 mg",35,35,1274,68478,13.131422212088571,40.322097948571425,16.608448793865715
99205,"New patient office or other outpatient visit, 60-74 minutes",1944,1947,68187,68196,155.61975922497638,511.1598111419055,209.63328377651874
73502,"X-ray of hip, 2-3 views",1087,1089,60001,67825,17.021785627446373,89.92033177991644,23.661388658110468
74018,"X-ray of abdomen, 1 view",776,779,59480,67717,9.01716720766534,56.03607315932862,12.190080577589475
71250,Ct scan of chest without contrast,817,820,64667,67515,48.99900047041098,375.4023461688903,65.64510558540245
99457,"Management using the results of remote vital sign monitoring per calendar month, first 20 minutes",146,146,15443,67467,38.71235436633562,113.73187206773288,49.96485834736301
99336,"Established patient custodial care facility, group care, or assisted living visit, typically 40 minutes",268,268,16169,66814,86.45160364833956,235.13888459932835,118.97271734873881
85652,"Red blood cell sedimentation rate, to detect inflammation, automated",114,114,44470,65267,2.6601834424964914,15.199179944489472,2.6601834424964914
J0702,"Injection, betamethasone acetate 3 mg and betamethasone sodium phosphate 3 mg",275,275,20024,65235,4.914042505638181,17.839356238249454,6.613631166090182
88342,"Special stained specimen slides to examine tissue, initial procedure",365,365,47719,64792,35.25216323693699,171.9488103256822,44.631186392638355
A0428,"Ambulance service, basic life support, non-emergency transport, (bls)",71,71,40185,63559,193.284046231831,852.5178727995775,246.9874563967606
G0444,"Annual depression screening, 15 minutes",719,719,63496,63506,17.291425454530042,39.57901075253686,17.291425454530042
J9030,"Bcg live intravesical instillation, 1 mg",26,26,429,62482,2.1754683019923076,6.894083217688461,2.779933581592308
J2778,"Injection, ranibizumab, 0.1 mg",30,30,2773,62027,221.65386026,674.2006076199999,278.8046843463333
82550,"Creatine kinase (cardiac enzyme) level, total",98,98,41575,61568,6.403287777904082,28.325173015517343,6.403287777904082
86769,Measure of severe acute respiratory syndrome coronavirus 2 (covid-19) antibody,20,20,38228,61392,41.46176050795,93.37311472755,41.46176050795
84402,"Testosterone (hormone) level, free",17,17,46218,61144,25.08058084464706,109.20032064182354,25.08058084464706
99497,"Advance care planning, first 30 minutes",852,852,56190,60952,61.97286755829554,185.47753959799294,76.17570962217641
51798,Ultrasound measurement of bladder capacity after voiding,295,295,43390,60614,7.83781518942339,72.17668804643729,10.682126006434238
A0436,"Rotary wing air mileage, per statute mile",7,7,754,60380,29.00004255242857,330.41600434000003,36.34737792185714
J2785,"Injection, regadenoson, 0.1 mg",205,205,14871,59326,47.81816298412683,148.73871553676585,60.21518683476585
73562,"X-ray of knee, 3 views",867,870,45939,59193,16.766925792698505,85.43502036319805,23.524251877457125
0054A,Adm sarscv2 30mcg trs-sucr b,835,835,58850,59086,39.043925853682396,62.79792365890156,39.043925853682396
83970,Parathormone (parathyroid hormone) level,102,102,37517,57714,40.606454322431375,135.96243423344117,40.606454322431375
92136,Measurement of corneal curvature and depth of eye,286,286,36523,57378,28.85254073104545,161.9728072968881,39.409919008055944
92004,New patient complete exam of visual system,878,878,55148,55151,90.2924534436401,228.21285037603985,145.09902131320842
95117,Professional service for multiple injections of allergen,124,124,6384,54875,7.88383646788871,35.43661556491935,11.139500003534678
J3010,"Injection, fentanyl citrate, 0.1 mg",26,26,2481,54821,0.5971372434076924,12.946071164726922,0.7564937001307693
97150,Therapy procedure in a group setting,232,232,12141,54718,10.99825780449612,43.558725966500006,14.120898042698276
11042,"Removal of skin and tissue, 20.0 sq cm or less",353,356,13872,54042,72.14088796742696,270.0561922161292,93.02911222178932
87077,Bacterial culture for aerobic isolates,62,62,38047,53091,7.9289044786564515,28.639773768414518,7.9289044786564515
99283,Emergency department visit for problem of moderate severity,1434,1434,51314,53050,53.03602932457811,479.32166957895055,69.93666970246164
U0004,"2019-ncov coronavirus, sars-cov-2/2019-ncov (covid-19), any technique, multiple types or subtypes (includes all targets), non-cdc, making use of high throughput technologies as described by cms-2020-01-r",19,19,9929,51709,73.5806789798421,198.52340094789474,73.5806789798421
99310,"Follow-up nursing facility visit per day, typically 35 minutes",426,430,22859,51440,94.20937199348606,292.9573548774186,121.49940893047675
J9155,"Injection, degarelix, 1 mg",9,9,181,50467,3.1243901095,8.66742892907778,3.983291407155556
11720,"Removal of fingernails or toenails, 1-5 nails",205,205,23368,50408,23.52136386593073,61.97390837499512,32.048465627063415
93880,Ultrasound of both sides of head and neck blood flow,804,807,48732,50244,80.60630861999381,346.206543044052,107.34329405116976
Q5110,"Injection, filgrastim-aafi, biosimilar, (nivestym), 1 microgram",2,2,28,49140,0.28179083605,5.25,0.35615854225
P9604,Travel allowance one way in connection with medically necessary laboratory specimen collection drawn from home bound or nursing home bound patient; prorated trip charge,16,17,18166,48551,8.692095357370588,11.413325365588236,8.692095357370588
84481,"Thyroid hormone, t3 measurement, free",68,68,34963,48211,16.525565071129414,59.75946458779412,16.525565071129414
11056,"Removal of noncancer thickened skin growth, 2-4 growths",262,262,20771,47448,59.53162353669351,132.2905710207214,81.46477664521755
71260,Ct scan of chest with contrast,717,722,44593,47441,50.753022436795014,423.9688219373186,67.39778571437257
J1030,"Injection, methylprednisolone acetate, 40 mg",413,413,23125,47376,4.728070019189346,22.316092836753025,6.325914183984262
82784,Gammaglobulin (immune system protein) measurement,42,42,8625,47363,9.134625440735714,51.84858341909524,9.134625440735714
G6015,"Intensity modulated treatment delivery, single or multiple fields/arcs,via narrow spatially and temporally modulated beams, binary, dynamic mlc, per treatment session",56,56,3743,47181,297.40198101357146,1846.6842534132143,373.02721921803567
73564,"X-ray of knee, 4 or more views",697,698,37522,47087,20.25779705253825,103.62857375579657,28.36401002670602
J1569,"Injection, immune globulin, (gammagard liquid), non-lyophilized, (e.g., liquid), 500 mg",15,15,277,46801,35.62308459846667,132.22561376066668,44.61055739426667
93970,Ultrasound study of arm or leg veins with compression and maneuvers,701,706,43559,46694,68.72709549104107,342.0594724784136,90.68772510816997
45385,Removal of polyps or growths of large bowel using an endoscope with mechanical snare,533,534,46232,46615,222.97401448649063,1527.9268369730712,285.12368722368916
96413,"Administration of chemotherapy into vein, 1 hour or less",226,226,12597,46580,107.51235712923894,472.5482276173009,137.08806128230088
97035,"Application of ultrasound, each 15 minutes",191,191,6221,46547,8.418988077902618,39.24829389884293,10.962030548301572
82746,"Folic acid level, serum",135,135,37081,46516,14.464244199851851,58.25813840091852,14.464244199851851
99307,"Follow-up nursing facility visit per day, typically 10 minutes",307,309,20564,46149,31.04101209332686,98.43911357246279,41.5307210633657
99442,"Telephone medical discussion with physician, 11-20 minutes",954,956,32140,46012,54.538320381724894,160.71656478109102,81.31662902941318
82570,Creatinine level to test for kidney function or muscle injury,368,368,34080,45832,5.086483611416576,22.95801275844538,5.086483611416576
J0696,"Injection, ceftriaxone sodium, per 250 mg",260,260,7753,45637,0.34822323938846156,17.332028057559615,0.48988807859
90832,"Psychotherapy, 30 minutes",210,210,8527,45164,48.146794035680955,131.21326882969524,64.23575715851429
86141,"Measurement c-reactive protein for detection of infection or inflammation, high sensitivity",28,28,36361,45075,12.782812705214285,48.63537254053572,12.782812705214285
87426,Detection test by immunoassay technique for severe acute respiratory syndrome coronavirus,725,725,39042,45056,38.00297834430069,97.37137260088001,38.00297834430069
72100,"X-ray of lower and sacral spine, 2-3 views",956,960,41208,44956,16.642536179460937,89.57465184325416,23.079413281634793
J7170,"Injection, emicizumab-kxwh, 0.5 mg",1,1,13,44857,121.7183998,154.16882159,152.5740375
45380,Biopsy of large bowel using a flexible endoscope,518,520,44547,44797,135.87960394804423,1315.3158304412884,174.15230132177692
00142,Anesthesia for lens surgery,591,591,39710,44775,77.54011378110322,885.7335800588612,98.32334348971912
93294,"Evaluation of single, dual, multiple lead or leadless pacemaker system, remote up to 90 days",229,229,23552,44570,21.010176911693016,96.99117298709608,29.984120609227077
11103,"Biopsy of related skin growth, each additional growth",425,426,25892,44395,37.101932855448354,116.7548638267136,48.16437602463145
J0485,"Injection, belatacept, 1 mg",1,1,31,44275,2.9844670807,14.377002823,3.7446089215
43239,"Biopsy of esophagus, stomach, and/or upper small bowel using a flexible endoscope",519,520,42648,43920,100.04237050439808,1019.9736921207885,129.15621254099614
J2350,"Injection, ocrelizumab, 1 mg",2,2,41,43800,45.6996127105,98.904016627,57.1704002105
84165,"Protein measurement, serum",96,96,30514,43596,12.638888431749999,58.945624004916674,15.472476560687499
90960,"Dialysis services, 4 or more physician visits per month (20 years or older)",220,221,9482,43439,281.8622460704525,767.9330017342534,357.9158336148417
93971,Ultrasound study of one arm or leg veins with compression and maneuvers,760,765,37965,43317,35.32708212166144,204.12286862381308,47.70195211432026
J1642,"Injection, heparin sodium, (heparin lock flush), per 10 units",6,6,169,42837,0.011666097733333334,1.0013033051833333,0.015143986983333335
99152,"Use of a drug to induce depression of consciousness by physician performing a procedure (5 years or older), initial 15 minutes",569,571,36240,42025,13.792533464146059,110.33239362087741,17.36258000128879
97161,"Evaluation for physical therapy, typically 20 minutes",993,993,38803,41914,74.35159641243102,180.64334847471298,101.85815197140181
96375,Injection of additional new drug or substance into vein,170,170,8236,41867,12.496522100288825,78.1184066096353,15.806315046929411
J1306,"Injection, inclisiran, 1 mg",5,5,127,41752,9.74041950378,19.1660192942,12.2354741356
86038,Screening test for autoimmune disorder,26,26,37185,41712,11.907144733884614,50.010323859653845,11.907144733884614
88313,Special stained specimen slides to examine tissue including interpretation and report,210,211,16115,41705,20.148215568562563,89.82776518655452,25.41312067363033
72148,Mri scan of lower spinal canal without contrast,554,559,39467,41648,84.38357769208945,795.1867292797084,111.62564910627192
71275,Ct scan of blood vessels of chest with contrast,598,601,41036,41635,75.74117343762563,536.8938285209933,100.20853594719966
86140,Measurement c-reactive protein for detection of infection or inflammation,121,121,26642,41272,5.089801869207438,28.142570449192565,5.089801869207438
J0642,"Injection, levoleucovorin (khapzory), 0.5 mg",1,1,14,41100,1.1570145985,5.0,1.4499002433
80076,Liver function blood test panel,109,109,26999,40544,8.04329452627156,36.00440569496055,8.04329452627156
84450,"Liver enzyme (sgot), level",64,64,20835,40537,5.1005485625015625,21.07198346812656,5.1005485625015625
J7336,"Capsaicin 8% patch, per square centimeter",1,1,27,40440,2.5456162216,7.1821958457,3.2042772008
J1561,"Injection, immune globulin, (gamunex-c/gammaked), non-lyophilized (e.g., liquid), 500 mg",4,4,107,40232,35.6060588785,119.3765309,44.71876103175
90833,"Psychotherapy with evaluation and management visit, 30 minutes",213,213,10287,40035,48.246603179436626,132.8549712331925,64.29515987734742
78452,Nuclear medicine studies of heart muscle at rest and with stress and spect,545,548,39252,40003,164.53550483315874,727.9093270339563,211.48668937441607
88185,"Flow cytometry technique for dna or cell analysis, each additional marker",17,17,1538,39685,16.918711201764705,128.1960525302941,21.293674719294117
99335,"Established patient custodial care facility, group care, or assisted living visit, typically 25 minutes",228,228,12511,39416,61.872139791460526,177.05961910135088,85.7727871008728
72125,Ct scan of upper spine without contrast,512,512,38102,38681,39.14081434049414,307.5700901647031,51.93866167177539
99238,"Hospital discharge day management, 30 minutes or less",918,918,35758,38124,55.45502964630174,208.0897607279096,70.28407025977887
80069,Kidney function blood test panel,41,41,20309,37582,8.551452155036586,39.72023960309756,8.551452155036586
87186,"Evaluation of antimicrobial drug (antibiotic, antifungal, antiviral), microdilution or agar dilution",75,75,11794,37288,8.4949169662,30.488432722214668,8.4949169662
97113,"Therapy procedure using water pool to exercises, each 15 minutes",70,70,2036,36884,22.727952539857142,70.19360332314285,29.412385547085712
99454,"Remote monitoring of physiologic parameters, initial supply of devices with daily recordings or programmed alerts transmission, each 30 days",110,110,6451,36833,42.533227819209095,125.20091860948182,55.15712746512727
87481,"Detection test for candida species (yeast), amplified probe technique",48,48,8044,36705,34.67727714735417,114.9617956964375,34.67727714735417
77300,Calculation of radiation therapy dose,175,177,8536,36073,32.51928428713559,177.54559788264405,40.775230665288134
73560,"X-ray of knee, 1-2 views",656,657,27982,35555,13.061613872314917,67.18385656080213,17.835885555385694
96365,"Infusion into a vein for therapy, prevention, or diagnosis, 1 hour or less",267,267,12439,35378,51.12255143652435,232.90787404264793,66.18385123893633
93296,"Evaluation of single, dual, multiple lead or leadless pacemaker system or implantable defibrillator system, remote up to 90 days",139,139,17476,35257,16.7213647982518,93.41098146451797,23.510283147431657
83550,Iron binding capacity,189,189,24642,35223,8.587006089008465,30.798873427628042,8.587006089008465
87804,Detection test by immunoassay with direct visual observation for influenza virus,574,574,17830,35027,16.20189784243432,41.83808632578746,16.20189784243432
97162,"Evaluation for physical therapy, typically 30 minutes",1006,1006,32608,35002,73.79944622339661,177.32420095375645,100.66145408883399
J0153,"Injection, adenosine, 1 mg (not to be used to report any adenosine phosphate compounds)",10,10,873,34834,0.36821084046,5.68174005965,0.46101332553
G0009,Administration of pneumococcal vaccine,1382,1382,34576,34719,28.173121938951738,46.256435306061434,28.173121938951738
G0103,Prostate cancer screening; prostate specific antigen test (psa),211,211,34657,34657,18.991651890682466,64.64944463052606,18.991651890682466
69210,Removal of impacted ear wax,431,432,26676,34551,30.714759867780092,123.09923550895371,44.16150211719213
00811,Anesthesia for other procedure on large bowel using an endoscope,916,916,34333,34491,80.65724342213318,961.3246245284814,102.63400320570088
99349,"Established patient home visit, typically 40 minutes",234,234,12550,34248,83.34359239818802,247.23535579858972,113.0964257763205
92557,Comprehensive hearing and speech recognition test,278,278,32930,34237,25.9713964772723,113.11344249910432,37.48003957766907
99306,"Initial nursing facility visit per day, typically 45 minutes",420,423,30642,33690,125.84332665335934,322.76566264011825,160.66054396763596
95024,Test for allergy using allergenic extract injected into skin,54,54,1659,33516,6.370008277392593,18.64638503066852,8.212645076474073
J3420,"Injection, vitamin b-12 cyanocobalamin, up to 1000 mcg",331,331,9584,33493,1.2071567440287008,13.878836902246526,1.6790419644141992
00731,"Anesthesia for other procedure on esophagus, stomach, or upper small bowel using an endoscope",1113,1113,32837,33399,86.50380336930098,1116.8989410844474,110.26596035575112
86160,"Measurement of complement (immune system proteins), antigen,",13,13,13712,33058,11.742436449461538,61.26660040146154,11.742436449461538
86803,Hepatitis c antibody measurement,29,29,22605,32929,14.029377872068967,61.0989154337931,14.029377872068967
84520,"Urea nitrogen level to assess kidney function, quantitative",64,64,23916,32879,3.8955495511546876,19.66774446513125,3.8955495511546876
70551,Mri scan of brain without contrast,511,514,32364,32816,74.92383403135409,618.4640194827432,98.81083525779766
88312,Special stained specimen slides to identify organisms including interpretation and report,247,247,21656,32803,36.141258837311746,136.51829034116597,46.04396019080971
86376,Microsomal antibodies (autoantibody) measurement,29,29,27848,32332,14.352104208241379,57.442056552620684,14.352104208241379
76770,Complete ultrasound scan behind abdominal cavity,660,663,30981,32211,39.4442694165083,229.40020672361237,53.87486894494419
99443,"Telephone medical discussion with physician, 21-30 minutes",648,650,20978,31970,79.68962105175078,253.55040790012922,116.88831122840155
76942,Ultrasonic guidance for needle placement,779,779,24380,31691,27.976034001385113,287.5539139973633,35.527603546921696
84295,Blood sodium level,21,21,24992,31644,4.719457325280952,20.301307421866664,4.719457325280952
99220,"Initial hospital observation care per day, typically 70 minutes",883,884,30721,31247,137.0185867461086,591.4235898943891,175.0161791685294
73130,"X-ray of hand, minimum of 3 views",706,707,23635,30968,14.071039027001273,70.66802923036549,19.3640517658372
84100,Phosphate level,94,94,17538,30834,4.662724136223404,19.16088384931064,4.662724136223404
93243,Heart rhythm analysis and report of continous external ekg over more than 48 hours up to 7 days,4,4,29477,30548,121.21679615949999,388.0,153.73666718525
82248,"Bilirubin level, direct",26,26,22054,30159,4.804861496596154,18.460755034284617,4.804861496596154
J1447,"Injection, tbo-filgrastim, 1 microgram",1,1,15,29760,0.3340245296,1.9,0.4264563172
J1885,"Injection, ketorolac tromethamine, per 15 mg",241,241,6502,29726,0.4099241148186722,13.66329057727137,0.5636538123564315
88307,"Pathology examination of tissue using a microscope, moderately high complexity",297,297,18033,29583,70.78553316630976,345.9463697783603,89.32689758924242
85651,"Red blood cell sedimentation rate, to detect inflammation, non-automated",92,92,18584,29300,4.202927261544565,19.373685537972825,4.202927261544565
G2023,"Specimen collection for severe acute respiratory syndrome coronavirus 2 (sars-cov-2) (coronavirus disease [covid-19]), any specimen source",36,36,9941,28711,23.146445411916666,57.79506244308334,23.146445411916666
86003,"Measurement of antibody (ige) to allergic substance, crude allergen extract, each",5,5,1264,28185,5.13055319362,19.7238718454,5.13055319362
86334,Immunologic analysis technique on serum (immunofixation),63,63,17928,28039,17.804106287079364,87.205623532873,20.027663774714284
99202,"New patient office or other outpatient visit, 15-29 minutes",772,772,27765,27769,47.950846396405446,166.10120722389507,68.21338494041191
93298,"Evaluation of cardiac rhythm monitor system, remote up to 30 days",126,126,6355,27716,19.727074876460318,86.40990565277778,26.700038641984126
76705,Limited ultrasound scan of abdomen,669,674,26403,27511,26.60762757424926,169.70491304277598,36.26740394062611
87500,"Detection test by nucleic acid for vancomycin resistance strep (vre), amplified probe technique",29,29,23040,27438,34.62915190513793,74.89622560803448,34.62915190513793
66821,Removal of recurring cataract in lens capsule using a laser,302,303,17708,27416,241.41899324348978,948.5143956660881,314.61514040125445
73610,"X-ray of ankle, minimum of 3 views",726,727,21604,27312,14.857767223611418,71.47737189676478,20.473355079349105
94729,Test to examine how well the lungs exchange gases,294,294,25797,27239,23.49328126154558,91.04334392051769,30.78702187472041
G0127,"Trimming of dystrophic nails, any number",84,84,11775,26854,11.974752752879763,45.134610677,16.52435241927976
70553,Mri scan of brain before and after contrast,411,415,25334,26790,124.18209154224579,1044.7670507093494,162.37422885242168
64483,"Injection of anesthetic and/or steroid drug into sacral spine nerve root using imaging guidance, single level",272,273,17596,26733,178.6758367522784,1524.4247739209156,230.9444785413187
92567,Test to assess middle ear function,257,257,25366,26664,11.579253502844358,49.74287085329572,16.302354968922177
94010,Test to measure expiratory airflow and volume,285,287,20718,26608,14.77838052683519,80.02790189877003,19.817906078410104
20611,Aspiration and/or injection of fluid large joint using ultrasound guidance,264,264,15213,26432,75.71940528811363,394.23498652446966,100.22710120025758
99439,"Chronic care management services for two or more chronic conditions, additional 20 minutes of clinical staff time directed by health care professional, per calendar month",183,183,8002,26429,35.033434123584705,85.02943918011475,45.3576587861694
99305,"Initial nursing facility visit per day, typically 35 minutes",353,354,24371,26415,97.29648875955367,257.534408270339,124.66222873207627
76536,Ultrasound scan of head and neck soft tissue,524,528,25057,26289,43.493968650787885,211.21160879583522,61.26588986496212
83880,Natriuretic peptide (heart and blood vessel protein) level,68,68,18447,26286,38.7362548609853,114.09941963589706,38.7362548609853
J1437,"Injection, ferric derisomaltose, 10 mg",9,9,217,26200,18.361823696000002,68.37751226555555,23.024504262
Q4197,"Puraply xt, per square centimeter",6,6,153,26150,211.26165772666664,510.887290985,264.8299276783333
93018,Exercise or drug-induced heart stress test with electrocardiogram (ecg) with review by physician,417,418,25771,26018,10.977137489444738,79.91631204378469,14.413936030038277
G0279,"Diagnostic digital breast tomosynthesis, unilateral or bilateral (list separately in addition to 77065 or 77066)",325,327,25006,25886,25.83497039573089,132.50118508596637,35.231996160198776
99221,"Initial hospital inpatient care per day, typically 30 minutes",904,904,24444,25319,77.47476338767146,287.4126490691261,98.88186376281747
G2067,"Medication assisted treatment, methadone; weekly bundle including dispensing and/or administration, substance use counseling, individual and group therapy, and toxicology testing, if performed (provision of the services by a medicare-enrolled opioid treatm",28,28,921,25210,210.7886138525,228.632526395,215.31017199250002
90785,Psychiatric services complicated by communication factor,42,42,2980,25155,9.374703962395238,48.47371311916667,12.524440777230954
52000,Diagnostic exam of bladder and urethra using an endoscope,281,283,21607,25144,151.74772789031448,658.386102181152,201.0183963644664
J9041,"Injection, bortezomib (velcade), 0.1 mg",16,16,249,25059,28.46600145558125,106.80332419368125,35.6198174606375
93793,Anticoagulant management of patient taking warfarin,136,136,5930,24999,7.520834501781618,34.22483226510294,10.949001611022794
82378,Carcinoembryonic antigen (cea) protein level,56,56,12303,24886,18.63856662319643,93.221180760875,18.63856662319643
73110,"X-ray of wrist, minimum of 3 views",649,651,19221,24877,14.151236181570198,73.34189516219509,19.376802860172194
72110,"X-ray of lower and sacral spine, minimum of 4 views",509,513,23614,24651,24.114164537730606,131.47234044634894,33.62458862750487
17311,"Removal and microscopic exam of growth of head, neck, hands, feet, or genitals, 1-5 tissue blocks",93,93,19369,24394,450.39063742086023,1478.5808875923658,573.725093128172
87635,Amplifed dna or rna probe detection of severe acute respiratory syndrome coronavirus 2 (covid-19) antigen,410,410,20995,24374,50.444878173260975,124.17221843779512,50.444878173260975
82043,Urine microalbumin (protein) level,312,312,18944,24135,5.67433949798109,28.699521289203847,5.67433949798109
93295,"Evaluation of single, dual, or multiple lead implantable defibrillator system, remote up to 90 days",165,165,13346,24098,26.393749385386663,185.33535261865455,37.46359971977576
77427,"Radiation treatment management, 5 treatment sessions",146,147,7911,24030,151.9907884772789,723.6229550869388,191.4410057747619
93015,Exercise or drug-induced heart stress test with electrocardiogram (ecg) with supervision and review by physician,240,240,23579,23880,52.270474887216665,275.82851545799997,66.87782401415417
82565,Blood creatinine level,155,155,16778,23764,5.025536893878065,24.8762795743,5.025536893878065
90677,"Pneumococcal conjugate vaccine, 20 valent (pcv20), for intramuscular use",970,970,23648,23695,274.56422879016185,397.8427640963639,274.56422879016185
99217,Hospital observation care on day of discharge,800,800,23285,23694,54.4895593935325,229.737829546905,69.65442690415
G0442,"Annual alcohol misuse screening, 15 minutes",262,262,23671,23675,17.68295899331336,38.11532184064427,17.68295899331336
J9037,"Injection, belantamab mafodotin-blmf, 0.5 mg",1,1,13,23600,34.537285169,100.0,43.306161017
90682,"Influenza vaccine, quadrivalent derived from recombinant dna",170,170,23229,23358,64.99142376893529,82.60402333485294,64.99142376893529
78815,Nuclear medicine study from skull base to mid-thigh with ct scan,239,240,20163,23336,437.65912560514164,1738.0332706661668,551.7676574683334
93016,Exercise or drug-induced heart stress test with electrocardiogram (ecg) with supervision by physician,380,380,22927,23050,16.122484538026317,95.39132908643158,21.385538882194737
87086,"Bacterial colony count, urine",149,149,16854,22949,7.931072743879866,28.948743249852352,7.931072743879866
11055,"Removal of noncancer thickened skin growth, 1 growth",209,209,12052,22885,51.453766028393304,111.86337513648324,70.20507094463636
J9264,"Injection, paclitaxel protein-bound particles, 1 mg",4,4,53,22700,10.723696579750001,38.0646474085,13.3167208565
88304,"Pathology examination of tissue using a microscope, moderately low complexity",282,282,20209,22475,11.883562579125533,102.6990364035993,15.339386590209221
J0461,"Injection, atropine sulfate, 0.01 mg",9,9,179,22238,0.05635969645555556,0.9598334381777778,0.07154457521111111
96367,"Infusion into a vein for therapy, prevention, or diagnosis, additional sequential infusion, 1 hour or less",112,112,4830,22204,23.896844432017854,129.16193036705357,30.1946244445
G0180,"Physician or allowed practitioner certification for medicare-covered home health services under a home health plan of care (patient not present), including contacts with home health agency and review of reports of patient status required by physicians and",629,629,18606,22139,40.66475080475993,126.78952789951033,53.0500538440302
J7322,"Hyaluronan or derivative, hymovis, for intra-articular injection, 1 mg",9,9,328,21985,21.02474749588889,66.63255967077777,26.361118686111112
J1040,"Injection, methylprednisolone acetate, 80 mg",260,260,12585,21772,7.923329655478847,37.75692269883346,10.838768564291922
97016,Application of blood vessel compression device,120,120,3970,21710,6.941968038940833,44.5819242371,8.952986343424167
83721,Ldl cholesterol level,59,59,17377,21646,10.342024913847458,32.95050624266102,10.342024913847458
81000,"Manual urinalysis test with examination using microscope, non-automated",116,116,14403,21625,3.9415309494689654,19.169880403485344,3.9415309494689654
95886,"Needle measurement of electrical activity in arm or leg muscles, complete study",195,196,13102,21607,71.49083080479082,264.77678006233674,91.16891285767858
17004,"Destruction of precancer skin growth, 15 or more growths",266,266,14610,21482,115.36614746930451,365.7034050468421,159.69238320960528
A9500,"Technetium tc-99m sestamibi, diagnostic, per study dose",136,136,11786,21472,104.5189343825147,325.39366893699264,131.3836081732353
Q0092,Set-up portable x-ray equipment,8,8,11186,21360,18.73335546525,47.626946367624996,24.582010482625
82962,Blood glucose (sugar) test performed by hand-held instrument,219,219,11214,21317,3.205181059504566,13.771327840389954,3.205181059504566
76700,Complete ultrasound scan of abdomen,425,426,19390,20884,50.06180502190141,258.6317762202723,69.6598776475493
64493,"Injection of lower or sacral spine facet joint using imaging guidance, single level",278,278,12121,20749,158.3195439862338,1321.623425774892,204.19026491385253
76642,Limited ultrasound scan of 1 breast,321,321,19139,20686,35.45310050636137,193.6352716215919,50.25826207457321
81479,Molecular pathology procedure,2,2,20189,20480,1823.5857651350002,2144.8180392,1823.5857651350002
94060,Test to measure expiratory airflow and volume changes before and after medication administration,278,279,18577,20455,19.424615336826523,116.17855464411828,25.62175677912939
88112,"Cell examination of specimen, selective cellular enhancement technique",178,178,17587,20441,24.40592758071348,188.06103804471348,31.649540377932585
95115,Professional service for single injection of allergen,61,61,1915,20409,6.374469669904918,25.1817114214918,9.05719648627377
87070,"Bacterial culture, any other source except urine, blood or stool, aerobic",11,11,15799,20398,8.510433193672727,57.298237548181824,8.510433193672727
J1097,"Phenylephrine 10.16 mg/ml and ketorolac 2.88 mg/ml ophthalmic irrigation solution, 1 ml",11,11,3113,20358,77.06430927545455,314.71868655363636,96.570810187
90791,Psychiatric diagnostic evaluation,384,384,19559,20296,111.08900506606771,278.3824931784896,149.65841616106772
93280,Programming of dual lead pacemaker system,277,278,15689,20296,48.10999399885252,177.337482644759,66.13870963461511
77065,Diagnostic mammography of 1 breast,329,330,18491,20237,43.298166323827274,203.92421133596972,61.43471943711212
G0101,Cervical or vaginal cancer screening; pelvic and clinical breast examination,508,508,20077,20094,38.20554494335433,93.83942276944882,38.20554494335433
88311,Preparation of tissue for examination by removing any calcium present,198,198,13937,19989,10.293868844047475,52.2260606404899,13.041115848974746
70498,Ct scan of blood vessels of neck with contrast,394,395,19721,19927,68.50059838496709,491.1357762126481,88.6964573483114
J9171,"Injection, docetaxel, 1 mg",4,4,54,19737,0.36686281647499996,66.0798198483,0.458904696
77334,Design and construction of complex radiation treatment device,129,129,7520,19729,59.670603440736436,420.9245623604806,75.24729797565116
92202,Extended exam of the back part of the eye with optic nerve drawing,78,78,15311,19501,12.056422560053846,67.12384106602565,16.586626506038463
62323,Injection of substance into lower spine canal using imaging guidance,246,246,13833,19419,143.09215748541055,1183.5824974700813,186.46719297231706
90935,Hemodialysis procedure with physician evaluation,188,188,8009,19364,57.63407195123404,265.9548674592287,72.58525207796276
99458,"Management using the results of remote vital sign monitoring per calendar month, each additional 20 minutes",69,69,3215,19140,31.63591891495652,99.2403528738116,40.19056722298551
97597,"Removal of tissue from wound, 20.0 sq cm or less",173,173,5622,18845,55.93179122395376,165.307897566237,72.41927722761271
77066,Diagnostic mammography of both breasts,330,331,18682,18837,59.599358248806645,280.29037915454984,84.64096553638672
83690,Lipase (fat enzyme) level,43,43,16519,18832,6.771354227204651,30.74267522764186,6.771354227204651
83861,Microfluid analysis of tears,51,51,7030,18761,22.165299267745098,46.71975640656863,22.165299267745098
J2704,"Injection, propofol, 10 mg",13,13,840,18757,0.10070771646923077,19.400636248846155,0.12954928666153845
73721,Mri scan of leg joint without contrast,343,344,17189,18663,89.85925023647093,757.0537110679651,119.53078459359013
99441,"Telephone medical discussion with physician, 5-10 minutes",484,484,14132,18536,32.40018608680289,100.74359447517975,47.78805136173967
72170,"X-ray of pelvis, 1-2 views",497,497,17415,18239,9.158619742197384,62.709290006251514,12.323955471592354
J9035,"Injection, bevacizumab, 10 mg",58,58,4778,18203,50.79465778862068,163.04885353901722,66.287707328
Q5119,"Injection, rituximab-pvvr, biosimilar, (ruxience), 10 mg",9,9,120,18030,37.08722552133333,167.05333333333334,46.30986892511111
70496,Ct scan of blood vessels of head with contrast,352,352,17726,17944,70.1076768044091,453.29834598634375,91.3173444541392
82670,Measurement of total estradiol (hormone),18,18,13115,17933,27.360306346444446,118.90330172972222,27.360306346444446
G6002,Stereoscopic x-ray guidance for localization of target volume for the delivery of radiation therapy,73,73,2814,17841,22.529413608931506,169.95112357728766,28.560966411260274
87811,Detection test by immunoassay with direct visual observation for severe acute respiratory syndrome coronavirus 2 (covid-19),273,273,12482,17645,40.118240288649815,93.17399608645715,40.162207883133334
96401,Administration of non-hormonal anti-neoplastic chemotherapy under skin or into muscle,132,132,4619,17637,58.84822651692424,197.3713136489697,75.9954431371894
0051A,Adm sarscv2 30mcg trs-sucr 1,265,265,17366,17438,38.586050913966034,50.60385560656227,38.586050913966034
95251,Continuous monitoring of blood sugar level in tissue fluid using sensor under skin with interpretation and report,181,181,9054,17436,25.756508066408838,107.5026904252873,33.93582679216022
92020,Exam of the internal drainage system of eye,223,223,16050,17417,19.764569996076236,65.01195131579372,28.15532129086547
88360,"Microscopic genetic analysis of tumor, manual",170,171,8381,17248,38.21099111660819,231.58085574630994,48.1748474405848
J3411,"Injection, thiamine hcl, 100 mg",8,8,658,17247,2.096070647375,37.9173867485,2.7008676198875
94726,Test to determine lung volumes using sensors,215,215,16604,17168,22.422190539335816,98.29891048521861,29.143471144409304
84480,"Thyroid hormone, t3 measurement, total",41,41,12400,17137,13.95775141287805,50.174009451170726,13.95775141287805
86001,"Measurement of antibody (igg) to allergic substance, each allergen",1,1,850,17120,3.8225549065,4.1581851636,3.8225549065
J9190,"Injection, fluorouracil, 500 mg",36,36,626,16911,1.6435036042277777,14.563562271838887,2.0811233128833333
J1626,"Injection, granisetron hydrochloride, 100 mcg",22,22,532,16880,0.26747625063636365,17.408205100231818,0.33777074623636366
93297,"Evaluation of implantable heart and blood vessel monitoring system, remote up to 30 days",67,67,4699,16866,19.220139792940298,81.99285397961194,26.528906193597013
31231,Diagnostic exam of nasal passages using an endoscope,186,186,12732,16845,135.67989664548926,524.794332290215,180.1483883352527
J9217,"Leuprolide acetate (for depot suspension), 7.5 mg",102,102,2568,16579,138.3813323822549,986.4441104463726,176.08267325107843
99337,"Established patient custodial care facility, group care, or assisted living visit, typically 1 hour",100,100,6228,16565,126.02871858955001,313.9057141084,169.4142443715
88173,Evaluation of fine needle aspirate with interpretation and report,142,142,12043,16496,62.39536940345774,271.7102721687465,79.32393863411971
84156,"Total protein level, urine",32,32,9979,16495,3.620155531884375,17.292678736228126,3.620155531884375
20550,Injection into tendon or ligament,342,342,11324,16475,38.183658459619885,187.4230818990088,52.267584578912285
0004A,Adm sarscov2 30mcg/0.3ml bst,307,307,15571,16423,39.53929456079479,67.23154518345277,39.53929456079479
86235,"Measurement of antibody for assessment of autoimmune disorder, any method",24,24,2804,16233,17.622473533875,52.1702049335,17.622473533875
J0875,"Injection, dalbavancin, 5 mg",3,3,44,16200,11.099784772666666,25.94047619033333,13.912028468666668
93325,"Ultrasound of heart with color-depicted blood flow, rate and valve function",359,361,15387,16180,4.4168909707457065,95.76108896507479,5.6391945686526315
G0249,"Provision of test materials and equipment for home inr monitoring of patient with either mechanical heart valve(s), chronic atrial fibrillation, or venous thromboembolism who meets medicare coverage criteria; includes: provision of materials for use in the",4,4,2175,16050,30.217068193000003,324.75,45.345167876
76937,Ultrasonic guidance for blood vessel access,399,399,13940,15988,12.818919510231579,96.18734560727067,16.061040130774437
82947,Blood glucose (sugar) level,121,121,9339,15976,3.8448724771603304,17.732656627585126,3.8448724771603304
Q5107,"Injection, bevacizumab-awwb, biosimilar, (mvasi), 10 mg",4,4,64,15830,28.198671717499998,147.2281938775,35.2895892455
86039,"Measurement of antibody for assessment of autoimmune disorder, titer",6,6,13958,15763,11.016241562666666,52.02220933983333,11.016241562666666
J9045,"Injection, carboplatin, 50 mg",42,42,778,15741,2.1540180676714287,97.8687934577262,2.7022990875214283
98942,"Chiropractic manipulative treatment, 5 spinal regions",52,52,1892,15594,36.685288238288464,79.01942914023077,51.875200559211535
72141,Mri scan of upper spinal canal without contrast,365,366,14906,15554,77.02112949877869,693.9831101658469,101.7928974873989
80305,"Testing for presence of drug, read by direct observation",149,149,8330,15497,12.20354755712953,54.54998121249665,12.20354755712953
J1955,"Injection, levocarnitine, per 1 gm",3,3,259,15487,17.60738973133333,70.70097731233334,22.406689081
68761,Closure of tear duct opening using plug,85,85,4911,15419,121.07617042269412,401.27773286094117,160.26039967514117
G0482,"Drug test(s), definitive, utilizing (1) drug identification methods able to identify individual drugs and distinguish between structural isomers (but not necessarily stereoisomers), including, but not limited to gc/ms (any type, single or tandem) and lc/ms",47,47,7814,15366,195.1898443768085,627.2085020814893,195.1898443768085
87640,"Detection test by nucleic acid for staphylococcus aureus (bacteria), amplified probe technique",48,48,11227,15363,34.38365142883333,86.5193218999375,34.38365142883333
93925,Ultrasound of leg arteries or artery grafts,347,348,14254,15343,115.81610814800575,423.16057105604887,151.09788844573563
17312,"Removal and microscopic exam of growth of head, neck, hands, feet, or genitals, each additional stage, 1-5 tissue blocks",81,81,9705,15280,309.9346023707407,834.9177344459259,388.03560857753087
93922,Ultrasound study of arm and leg arteries,251,251,13450,15200,37.130131868147416,181.4359261704303,48.93142235176653
27447,"Replacement of knee joint, both sides of knee",344,344,14496,15176,824.3701097813082,6066.2266062535755,1036.9083832489825
31575,Diagnostic exam of voice box using a flexible endoscope,263,263,12572,15122,84.16473683747908,346.08616486349814,112.34241330559695
90792,Psychiatric diagnostic evaluation with medical services,278,278,14418,15015,129.78451920474103,372.61812825615107,174.64811012390646
87075,"Bacterial culture, any source, except blood, anaerobic",7,7,12692,14890,9.324485930671429,52.22881191928571,9.324485930671429
J7332,"Hyaluronan or derivative, triluron, for intra-articular injection, 1 mg",7,7,218,14876,14.750454228428572,56.68082477914286,18.57876031742857
G6012,"Radiation treatment delivery,3 or more separate treatment areas, custom blocking, tangential ports, wedges, rotational beam, compensators, electron beam; 6-10 mev",33,33,1294,14835,197.79604712727271,842.6529107575757,248.57955550424242
96415,"Administration of chemotherapy into vein, each additional hour",142,142,3641,14813,22.839603646387324,131.4987763517817,28.885184491676053
86431,Rheumatoid factor level,43,43,12749,14805,5.553202471069768,25.106662053339537,5.553202471069768
Q5118,"Injection, bevacizumab-bvzr, biosimilar, (zirabev), 10 mg",8,8,114,14760,34.517785280750005,154.44505678875,43.16636651325
G0179,"Physician or allowed practitioner re-certification for medicare-covered home health services under a home health plan of care (patient not present), including contacts with home health agency and review of reports of patient status required by physicians a",233,233,7664,14415,30.20441502639056,93.26877478377683,40.713983248240346
00812,Anesthesia for exam of colon using an endoscope,470,471,14327,14356,84.15749066359447,914.4694270739278,84.15749066359447
96127,Assessment of emotional or behavioral problems,185,185,9170,14344,3.223954980021081,18.53325367769946,4.766833875540001
11045,"Removal of skin and tissue, each additional 20.0 sq cm or less",71,71,1745,14313,23.785055733380283,115.27890279863381,30.07071582156338
99489,"Complex chronic care management services for two or more chronic conditions, each additional 60 minutes of clinical staff time directed by health care professional, per calendar month",54,54,2193,14263,50.620069335833335,95.95908291666666,63.829566410240744
76641,Complete ultrasound scan of 1 breast,128,128,11218,14244,65.22852952753125,319.0497877673047,91.40331909210157
90686,"Influenza vaccine, quadrivalent, preservative free, 0.5 ml dosage",464,464,14069,14189,20.598711049244397,33.68692266288922,20.598711049244397
97164,"Re-evaluation for physical therapy, typically 20 minutes",257,257,8527,14070,54.22583267304708,119.20633536350584,70.45834989219844
G0481,"Drug test(s), definitive, utilizing (1) drug identification methods able to identify individual drugs and distinguish between structural isomers (but not necessarily stereoisomers), including, but not limited to gc/ms (any type, single or tandem) and lc/ms",56,56,7462,13656,151.78992180178574,434.76242553571427,151.78992180178574
A9579,"Injection, gadolinium-based magnetic resonance contrast agent, not otherwise specified (nos), per ml",22,22,951,13530,1.2306301538454545,17.13561159159091,1.553856173690909
J3415,"Injection, pyridoxine hcl, 100 mg",9,9,452,13457,6.664743030677778,34.75715201766667,8.425713044444445
11719,Trimming of fingernails or toenails,88,88,5389,13408,8.14153082990341,39.20932364447727,11.308140320463636
70486,Ct scan of face without contrast,459,459,13119,13370,45.34166021135948,356.61780156061,60.51896876734641
92507,"Treatment of speech, language, voice, communication, and/or hearing processing disorder",44,44,1059,13367,58.222771449227274,160.85732449322725,74.5280908553409
72131,Ct scan of lower spine without contrast,381,382,13131,13358,42.91205110355497,343.1111228001571,56.41642026066754
G0438,"Annual wellness visit; includes a personalized prevention plan of service (pps), initial visit",546,546,13299,13299,154.3952388167619,346.92889635628205,154.3952388167619
92201,Extended exam of the back part of the eye with retinal drawing,97,97,10364,13257,18.55236299009278,91.22570539073195,25.68400242149485
J3245,"Injection, tildrakizumab, 1 mg",2,2,52,13200,108.30354375499999,337.97,136.00012600000002
87486,"Detection test by nucleic acid for chlamydia pneumoniae, amplified probe technique",13,13,9929,13169,34.71336023846154,80.07208990876923,34.71336023846154
90961,"Dialysis services, 2-3 physician visits per month (20 years or older)",193,193,5992,13059,232.6939724426425,638.813930267513,294.86308947746113
J3032,"Injection, eptinezumab-jjmr, 1 mg",2,2,27,13000,12.553866619499999,47.420477983,15.7539438445
A9576,"Injection, gadoteridol, (prohance multipack), per ml",13,13,1203,12978,1.097641662223077,82.49199651893076,1.429763916
J2001,"Injection, lidocaine hcl for intravenous infusion, 10 mg",17,17,421,12927,0.019371606652941176,25.035139443388235,0.0246953887
J9358,"Injection, fam-trastuzumab deruxtecan-nxki, 1 mg",1,1,11,12900,19.701091473,61.0,24.698465116
82310,"Calcium level, total",52,52,7897,12791,5.00671255383077,21.607038071034616,5.00671255383077
J0640,"Injection, leucovorin calcium, per 50 mg",18,18,273,12734,3.2561052440055556,18.155294939094446,4.091946865594444
84460,"Liver enzyme (sgpt), level",67,67,8673,12714,5.222252178983582,20.33342818338209,5.222252178983582
90970,"Dialysis services, per day, less than full month service (20 years or older)",41,41,834,12677,7.485015657202439,22.848870860390242,9.400593224631706
87636,Detection test by multiplex amplified probe technique for severe acute respiratory syndrome coronavirus 2 (sars-cov-2) (covid-19) and influenza virus types a and b,59,59,11891,12586,137.6321434040678,289.4805063362712,137.6321434040678
00813,Anesthesia for procedure on small and large bowel using an endoscope,496,496,12565,12577,102.07192499896169,1270.841193862036,130.767324851498
85018,"Blood count, hemoglobin",57,57,8937,12504,2.3332854359701756,13.851874703635088,2.3332854359701756
11043,"Removal of muscle and/or tissue, 20.0 sq cm or less",76,76,3011,12475,147.33686128164473,494.745922900921,186.08752464789472
96139,"Administration of psychological or neuropsychological test by technician, each additional 30 minutes",33,33,2009,12411,27.616862099484848,116.83332738945454,34.917756560757574
J0475,"Injection, baclofen, 10 mg",2,2,637,12354,141.886842895,516.012391265,179.60790353
97032,"Application of electrical stimulation with therapist present, each 15 minutes",49,49,1573,12338,9.277879259677551,43.93901775436735,12.00219024400204
86300,"Immunologic analysis for detection of tumor antigen, quantitative; ca 15-3",28,28,4610,12321,20.249618231357143,96.42635441642857,20.249618231357143
91305,Sarscov2 vac 30 mcg trs-sucr,24,24,12091,12279,0.01,0.2604604700875,0.01
J2795,"Injection, ropivacaine hydrochloride, 1 mg",10,10,670,12240,0.05678563259,11.40381472076,0.07487927592
G2212,Prolonged office or other outpatient evaluation and management service(s) beyond the maximum required time of the primary procedure which has been selected using total time on the date of the primary service; each additional 15 minutes by the physician or,190,190,5360,12232,24.88146540413158,94.98263690355789,32.11546872635263
72040,"X-ray of upper spine, 2-3 views",406,407,11108,12228,16.105089853468552,89.4601471087494,22.2651600145172
87581,"Detection test by nucleic acid for mycoplasma pneumoniae (bacteria), amplified probe technique",10,10,7784,12214,34.5385718551,89.5592669225,34.5385718551
64494,"Injection of lower or sacral spine facet joint using imaging guidance, second level",203,204,7900,12161,74.9427424317745,706.3026821143138,94.61629721896078
90853,Group psychotherapy,21,22,534,12086,16.649312278363638,96.26869345440909,21.788666591318183
85613,"Clotting factor x assessment test, diluted",5,5,7251,12067,9.45944062856,67.6964474204,9.45944062856
99348,"Established patient home visit, typically 25 minutes",116,116,6120,12038,57.11157702481035,156.83490280443104,77.54028214990517
J1200,"Injection, diphenhydramine hcl, up to 50 mg",107,107,3686,12030,0.871948024853271,6.84998585917944,1.1031458081971963
99334,"Established patient custodial care facility, group care, or assisted living visit, typically 15 minutes",88,88,4210,11948,40.375633823,109.65998112722727,55.571519021034085
J0248,"Injection, remdesivir, 1 mg",2,2,65,11900,4.33765103425,9.5,5.46128351065
93308,"Ultrasound of heart, follow-up",337,338,11217,11885,23.570897857032545,153.14869897733433,30.640262622988168
99292,"Critical care, each additional 30 minutes",243,243,6762,11867,89.90910441969136,499.4718893445679,109.38889987431688
84133,Urine potassium level,1,1,7393,11850,4.653556962,15.018565401,4.653556962
77002,Fluoroscopic guidance for needle placement,205,205,6953,11845,54.48771500847805,266.5379126078683,70.59650527693171
Q9965,"Low osmolar contrast material, 100-199 mg/ml iodine concentration, per ml",9,9,530,11748,0.6392933659777777,11.749160305344445,0.8093811164666667
G0105,Colorectal cancer screening; colonoscopy on individual at high risk,257,257,11654,11682,210.96807826521402,1198.1296640954085,210.96807826521402
96366,"Infusion into a vein for therapy, prevention, or diagnosis, each additional hour",97,97,2223,11640,16.213072031350517,85.71440216214432,20.724085746628866
95044,Test for allergy using skin patch,8,8,151,11598,4.37945175085,24.0351940197125,5.6140467765
J1096,"Dexamethasone, lacrimal ophthalmic insert, 0.1 mg",9,9,1726,11584,97.38410424366667,304.8799550366667,122.14875446966666
73221,Mri scan of arm joint without contrast,276,276,10849,11549,94.51692203496013,837.381994768913,125.80115436838044
84075,"Phosphatase (enzyme) level, alkaline",24,24,7997,11495,5.061607683416667,17.115049236583335,5.061607683416667
J3489,"Injection, zoledronic acid, 1 mg",79,79,1836,11431,5.2142539000708865,174.56154002283543,7.01743239786962
74183,Mri scan of abdomen before and after contrast,286,288,10953,11397,137.27913823945835,1041.5158651014235,178.88561814511806
74178,Ct scan of abdomen and pelvis before and after contrast,361,362,11117,11353,131.08901275722653,802.1881158968786,172.22343403875138
J3396,"Injection, verteporfin, 0.1 mg",1,1,61,11252,8.9553448276,12.0,11.217851937
99496,Transitional care management services for problem of high complexity,426,426,9862,11174,191.33128697885917,458.6629435919014,245.88195988811268
77336,Continuing radiation therapy consultation per week,54,54,3589,11072,67.15299159925927,283.91613402703706,84.14699882044444
G0446,"Annual, face-to-face intensive behavioral therapy for cardiovascular disease, individual, 15 minutes",103,103,11027,11052,25.69227023284466,50.99839855336893,25.69227023284466
96137,"Administration of psychological or neuropsychological test, each additional 30 minutes",58,58,3057,10968,28.657142404724137,112.41458142356896,36.29466980182759
87088,Bacterial urine culture,66,66,7388,10951,7.94391478739697,27.00430982755606,7.94391478739697
Q4196,"Puraply am, per square centimeter",3,3,91,10853,86.37548400766666,254.12193007,108.26000533666667
A9502,"Technetium tc-99m tetrofosmin, diagnostic, per study dose",83,83,6836,10813,104.54432886046989,313.0753413479398,131.21498964131325
J2506,"Injection, pegfilgrastim, excludes biosimilar, 0.5 mg",24,24,433,10813,125.22214403291666,976.9303994020834,157.00288877291666
84466,Transferrin (iron binding protein) level,46,46,8310,10792,12.458050176673913,46.59607421893479,12.458050176673913
99495,Transitional care management services for problem of moderate complexity,480,480,9795,10785,142.64229133407918,380.3816963709375,184.59905718383544
51741,Electronic assessment of bladder emptying,135,135,8645,10759,6.763308147802963,182.8587222583852,9.00787229401037
95144,Professional service for preparation and provision of single-dose vial of allergen,2,2,90,10650,10.59778913145,15.105,13.7221650346
87428,Detection test by immunoassay technique for severe acute respiratory syndrome coronavirus and influenza,278,278,9898,10626,30.393178379665468,143.52035928358274,30.393178379665468
93458,Insertion of tube in left lower heart chamber and coronary artery for diagnosis with review by radiologist,230,230,10449,10614,210.39446130760868,1190.2567784124783,267.4444625274348
77280,"Obtaining data needed to develop the optimal radiation treatment, 1 treatment area",109,109,3772,10604,101.53704003414678,413.35973664277986,128.0729547958899
J2274,"Injection, morphine sulfate, preservative-free for epidural or intrathecal use, 10 mg",4,4,61,10590,11.16538858675,44.25,14.0522881285
82977,Glutamyltransferase (liver enzyme) level,29,29,6172,10583,6.954589091886207,31.719970259082757,6.954589091886207
76775,Limited ultrasound scan behind abdominal cavity,243,245,10036,10550,28.14693641577551,173.71309124145714,38.705612168881636
73552,"X-ray of thigh bone, minimum 2 views",336,336,8864,10539,9.518035682320535,58.16493069875,12.691486852130357
J7999,"Compounded drug, not otherwise classified",43,43,3162,10514,72.10952775179302,211.03632246558138,92.55736500121162
83695,Lipoprotein (a) level,9,9,9271,10432,14.128268853,58.91009657288888,14.128268853
87801,"Detection test by nucleic acid for multiple organisms, amplified probe(s) technique",29,29,3951,10430,69.5646078657931,217.5007611395517,69.5646078657931
G2078,Take-home supply of methadone; up to 7 additional day supply (provision of the services by a medicare-enrolled opioid treatment program); list separately in addition to code for primary procedure,15,15,492,10342,36.2070304708,46.64522369946667,36.9166411648
J1459,"Injection, immune globulin (privigen), intravenous, non-lyophilized (e.g., liquid), 500 mg",2,2,26,10270,36.2788881485,115.0381365315,45.5605331725
92285,Photography of content of eyes,103,103,8382,10239,15.396250233281554,71.10049648349515,21.43525402796893
97130,"Therapy procedure for a range of mental processes, each additional 15 minutes",16,16,419,10172,17.9147047490625,42.9231404908125,22.790500536625
Q0091,"Screening papanicolaou smear; obtaining, preparing and conveyance of cervical or vaginal smear to laboratory",259,259,10105,10105,41.84981797459459,90.7249772928417,41.84981797459459
76514,Ultrasound scan of cornea to determine thickness,233,233,9299,10057,7.657447810783262,47.49773997891845,10.832657689764378
36620,Insertion of artery tube for blood sampling or infusion through skin,413,413,9787,9964,35.28294366499031,395.2344154109685,44.28668872640194
87880,"Detection test by immunoassay with direct visual observation for streptococcus, group a (strep)",385,385,9315,9960,16.19268236936104,44.6651888098026,16.19268236936104
J7050,"Infusion, normal saline solution, 250 cc",45,45,2074,9953,0.5067245451044444,14.712496902675555,0.6574599862622222
71271,Low dose ct scan of chest for lung cancer screening,275,275,9846,9936,76.81820297037818,365.3641927507636,76.81820297037818
93005,Routine electrocardiogram (ecg) using at least 12 leads with tracing,225,225,8823,9930,4.117082296405333,51.28302101526444,5.962529524974666
87449,Detection test by immunoassay technique for other organism,6,6,8589,9929,11.801180123166667,62.08901202216666,11.801180123166667
93312,"Ultrasound of heart with probe in esophagus, with report",306,306,9271,9738,85.43987172328104,519.6046131810784,108.66307312108496
99350,"Established patient home visit, typically 1 hour",116,116,4384,9711,113.64060335157758,315.7817717848276,155.30280097965516
G0500,"Moderate sedation services provided by the same physician or other qualified health care professional performing a gastrointestinal endoscopic service that sedation supports, requiring the presence of an independent trained observer to assist in the monito",108,110,9143,9635,6.249287720290909,106.57433633478182,8.627656241306363
88331,"Pathology examination of specimen during surgery, first tissue block",164,164,5348,9624,53.06652634912195,231.13810676717074,66.74283393341463
Q5103,"Injection, infliximab-dyyb, biosimilar, (inflectra), 10 mg",1,1,45,9570,28.014665622,90.0,35.339373041
93923,Complete ultrasound study of arm and leg arteries,174,175,8766,9567,61.65153355257143,348.74966821376,81.25263019909143
J7323,"Hyaluronan or derivative, euflexxa, for intra-articular injection, per dose",70,70,2445,9540,101.06322103515714,378.0681584751428,129.4726483781143
87177,Smear for parasites,4,4,9132,9479,8.7840062001,37.85568856475,8.7840062001
73700,Ct scan of leg without contrast,281,281,8901,9453,43.435094472537365,324.577142281032,57.44977776511743
64636,"Destruction of lower or sacral spinal facet joint nerves using imaging guidance, each additional facet joint",152,152,5661,9433,116.16057568671053,937.8600052444737,145.53062591089474
0089U,Gene expression profiling of melanoma in superficial sample collected by adhesive patch,1,1,7332,9394,749.72090909,1305.9805897,749.72090909
97129,"Therapy procedure for a range of mental processes, initial 15 minutes",24,24,804,9392,18.64909040075,51.885375432500005,23.5410481455
85045,"Red blood count, automated test",32,32,6514,9375,3.933718582434375,19.87787769509375,3.933718582434375
20600,Aspiration and/or injection of fluid from small joint,206,206,6065,9229,35.546422297228155,186.9907536262961,48.22964489743689
A0426,"Ambulance service, advanced life support, non-emergency transport, level 1 (als 1)",52,52,8478,9219,234.4492705503846,1335.3256572809614,297.0461979688461
01402,Anesthesia for procedure for total knee joint replacement,404,404,9120,9199,188.53164214725743,2301.7704862348514,237.72850938935642
45378,Diagnostic exam of large bowel using a flexible endoscope,302,302,9069,9151,158.62356176493046,1234.5826415549006,208.64961217678808
11057,"Removal of noncancer thickened skin growth, more than 4 growths",76,76,3815,9056,69.87675610017106,133.50313633667105,95.30947154977632
96133,"Evaluation of neuropsychological test, each additional hour",55,55,2909,8940,76.88859409272727,269.46061974509087,97.36112560049091
J3490,Unclassified drugs,69,69,2165,8828,204.26746976376955,589.5919435407696,257.2439947527305
84403,"Testosterone (hormone) level, total",77,77,6106,8798,25.366672925987015,92.98234206140259,25.366672925987015
87653,"Detection test by nucleic acid for strep (streptococcus, group b), amplified probe technique",33,33,6354,8784,34.69944420375757,83.36067750518183,34.69944420375757
77401,Superficial and/or low voltage radiation treatment delivery,12,12,686,8767,31.046207239833336,84.2333028245,39.066192425416666
J9312,"Injection, rituximab, 10 mg",3,3,47,8750,66.056939045,174.27812500000002,82.88025607366667
90674,"Influenza vaccine, quadrivalent derived from cell cultures, preservative and antibiotic free",301,301,8635,8717,30.727150172063123,41.962492891282395,30.727150172063123
20553,"Injection of trigger points, 3 or more muscles",111,111,3376,8707,41.92006338839639,243.94929152104504,55.27937727372072
99487,"Complex chronic care management services for two or more chronic conditions, first 60 minutes of clinical staff time directed by health care professional, per calendar month",59,59,3564,8684,97.15205460391525,179.7460257651695,124.15188603264407
G0480,"Drug test(s), definitive, utilizing (1) drug identification methods able to identify individual drugs and distinguish between structural isomers (but not necessarily stereoisomers), including, but not limited to gc/ms (any type, single or tandem) and lc/ms",51,51,5520,8673,109.88725959068627,341.2252151411765,109.88725959068627
90836,"Psychotherapy with evaluation and management visit, 45 minutes",60,60,1470,8673,62.86952311988333,165.82947170485002,83.2659673956
27096,Injection of anesthetic or steroid into joint between lower spine and hip bone using imaging guidance,176,176,6506,8657,112.287307941875,1012.6832206052444,146.4612124703807
74230,Imaging for evaluation of swallowing function,227,228,8307,8641,22.037707421469296,136.89330667689035,28.639169607311402
J0517,"Injection, benralizumab, 1 mg",7,7,104,8640,130.4042733442857,462.4638235257143,163.97583142000002
64635,"Destruction of lower or sacral spinal facet joint nerves using imaging guidance, single facet joint",192,192,6254,8629,313.0773517303125,2481.618348216927,398.64655863494795
12032,"Intermediate repair of wound of scalp, underarms, trunk, arms, or legs, 2.6-7.5 cm",183,183,7786,8605,199.4348152879508,640.1083650991803,258.58088368677596
92235,Exam of retinal blood vessels using a special camera after injection of a dye,65,65,7638,8600,92.30765695330768,280.9498217573846,121.58392335859999
73590,"X-ray of lower leg, 2 views",314,315,7476,8593,7.480750749155555,48.54564117878825,10.18838074026857
73620,"X-ray of foot, 2 views",167,167,5894,8592,14.732708251513772,61.15386282152096,19.948780234711375
Q4217,"Woundfix, biowound, woundfix plus, biowound plus, woundfix xplus or biowound xplus, per square centimeter",3,3,57,8560,415.0971814133333,612.81146283,520.36752789
93042,Electrocardiogram (ecg) 1 to 3 leads with review by physician only,103,103,7455,8554,5.352088981741748,57.085662555291265,6.903749188272816
J1930,"Injection, lanreotide, 1 mg",2,2,22,8520,51.106470869000006,169.33361111,64.0789691035
96361,"Infusion into a vein for hydration, each additional hour",62,62,1740,8496,10.173170917398387,60.53169632430645,12.869328813903225
G0453,"Continuous intraoperative neurophysiology monitoring, from outside the operating room (remote or nearby), per patient, (attention directed exclusively to one patient) each 15 minutes (list in addition to primary procedure)",11,11,1303,8494,26.81323517418182,409.3168534091819,33.81023051990909
87541,"Detection test by nucleic acid for legionella pneumophila (water borne bacteria), amplified probe technique",7,7,3444,8426,34.598253313,61.16808163271429,34.598253313
99225,"Follow-up observation care per day, typically 25 minutes",285,285,5931,8411,53.856466322708776,204.30499406574737,68.52941114070526
83993,Stool calprotectin (protein) level,9,9,7853,8407,19.250734823444443,139.40885912077778,19.250734823444443
A9552,"Fluorodeoxyglucose f-18 fdg, diagnostic, per study dose, up to 45 millicuries",83,83,7343,8384,205.17568601687952,708.2644117375903,257.1668675824819
17262,"Destruction of cancer skin growth of trunk, arms, or legs, 1.1-2.0 cm",185,185,6657,8356,113.71568958295676,358.792435272,151.45943483235135
96402,Administration of hormonal anti-neoplastic chemotherapy under skin or into muscle,149,149,3331,8339,25.43749323019463,110.06988675084563,33.278668714765104
84132,Blood potassium level,58,58,5711,8307,4.688099315224139,22.659263917913794,4.688099315224139
76856,Complete ultrasound scan of pelvis,221,221,7454,8250,54.58708277711765,275.361430323362,74.47018125462895
83921,Organic acid level,5,5,7403,8244,20.905063615,148.41827000799998,20.905063615
77263,Complex radiation therapy planning,129,131,7691,8221,133.71741567473282,691.8654291028244,169.74446136648857
J1556,"Injection, immune globulin (bivigam), 500 mg",2,2,41,8210,55.207453595000004,108.285,69.250061595
90732,"Pneumococcal vaccine, 23-valent",432,432,8157,8162,128.57227253905555,198.48002168905555,128.57227253905555
99358,"Extended patient service without direct patient contact, first hour",99,99,6249,8115,78.29868656430303,245.18815421262627,101.14410129704041
99219,"Initial hospital observation care per day, typically 50 minutes",277,277,7678,8074,99.31338868047654,377.14821397501805,128.6691851372202
27130,Replacement of thigh bone and hip joint with prosthesis,231,231,7812,8072,990.0604838583549,7804.936958525672,1243.7291304858875
93321,"Ultrasound of heart blood flow, valves and chambers, follow-up",194,197,7695,8047,7.119951454527412,56.41579002855888,9.140874305518782
74174,Ct scan of blood vessels of abdomen and pelvis with contrast,290,291,7915,8012,97.950163680433,695.3450839658763,126.85695092879725
0013A,Adm sarscov2 100mcg/0.5ml3rd,172,172,7895,7987,38.39846844714535,58.75761402225,38.39846844714535
87205,Special gram or giemsa stain for microorganism,8,8,6335,7971,4.207752154625,24.192155812875,4.207752154625
76376,3d radiographic procedure,150,151,7576,7936,9.46288866557086,105.84975224516556,12.31328374403245
97750,"Test or measurement for functional capacity, each 15 minutes",78,78,3757,7901,21.935567809602563,73.05366007539745,28.10595479080769
G0145,"Screening cytopathology, cervical or vaginal (any reporting system), collected in preservative fluid, automated thin layer preparation, with screening by automated system and manual rescreening under physician supervision",13,13,7898,7898,26.152176822,104.38607552046155,26.152176822
96417,"Administration of additional new drug or substance into vein, 1 hour or less",75,75,2244,7873,52.75692416602667,257.65158825329337,66.30426715758666
A9577,"Injection, gadobenate dimeglumine (multihance), per ml",18,18,649,7794,1.4591813773666666,8.33093626593889,1.8275413447
20605,Aspiration and/or injection of fluid from medium joint,187,187,5300,7739,38.16045409985561,184.38046261630484,51.281835472374325
82533,"Cortisol (hormone) measurement, total",18,18,4428,7601,16.0382208015,59.04953441288889,16.0382208015
83525,"Insulin measurement, total",17,17,5861,7596,11.250783199999999,43.61651683047059,11.250783199999999
G0447,"Face-to-face behavioral counseling for obesity, 15 minutes",91,91,3888,7582,26.099354311520877,52.640783374043956,26.099354311520877
93320,"Ultrasound of heart blood flow, valves and chambers",209,210,7368,7579,17.544364510604762,172.50039387547142,22.37856452457143
76512,2d ultrasound scan of eye tissue and structures,68,68,4477,7532,37.665330842397054,233.49388396220587,49.90779856064706
Q3014,Telehealth originating site facility fee,51,51,2348,7515,18.93404204054902,62.8704251162549,26.754104649450984
Q4186,"Epifix, per square centimeter",5,5,77,7384,116.5907694774,292.117743156,146.32649512400002
76830,"Ultrasound scan of uterus, ovaries, tubes, cervix and pelvic area through vagina",269,269,6812,7357,63.51279692160966,280.3952714296134,88.2018389960223
86200,Measurement of antibody for rheumatoid arthritis assessment,27,27,5993,7346,12.680215506,55.9085027437037,12.680215506
99316,"Nursing facility discharge management, more than 30 minutes",170,170,6943,7302,74.12948809078823,229.5714474779353,94.54043325145882
96138,"Administration of psychological or neuropsychological test by technician, first 30 minutes",55,55,3860,7292,26.752186540036366,127.20785132421818,34.33982736283637
99226,"Follow-up observation care per day, typically 35 minutes",228,228,5471,7260,77.99198818785526,349.2591667422324,99.19180267143422
94618,Test for exercise-induced lung stress,131,131,6251,7228,21.94748601142214,114.24582675843511,28.81895101028244
73080,"X-ray of elbow, minimum of 3 views",319,320,6345,7228,11.6571411823725,69.56142117170626,15.987368827354999
Q4169,"Artacent wound, per square centimeter",1,1,16,7181,310.64034536,399.57652138,389.33398134
43235,"Diagnostic exam of esophagus, stomach, and/or upper small bowel using a flexible endoscope",243,243,7029,7178,109.61409891377366,904.9044204335391,140.7275461238683
66982,Complex removal of cataract with insertion of prosthetic lens,158,159,4738,7100,605.9553590265497,3064.513716513799,765.476452140027
96132,"Evaluation of neuropsychological test, first hour",92,93,5986,6983,96.32454646127957,321.8752869855914,124.81278611860215
93356,Heart muscle strain imaging,118,119,6853,6968,17.06150345662857,141.10119756093277,21.95991646284874
J7324,"Hyaluronan or derivative, orthovisc, for intra-articular injection, per dose",49,49,1751,6963,112.40385556530612,485.46870670877547,144.2787802165306
88321,Surgical pathology consultation and report on referred slides prepared elsewhere,86,86,6584,6909,69.82331645411628,317.37225510872094,89.25645387219767
G0471,Collection of venous blood by venipuncture or urine sample by catheterization from an individual in a skilled nursing facility (snf) or by a laboratory on behalf of a home health agency (hha),4,4,1853,6869,4.8719273668500005,8.252753737225,4.8719273668500005
87641,"Detection test by nucleic acid for staphylococcus aureus, methicillin resistant (mrsa bacteria), amplified probe technique",21,21,4445,6849,34.693680125095234,74.96645029895238,34.693680125095234
Q5111,"Injection, pegfilgrastim-cbqv, biosimilar, (udenyca), 0.5 mg",8,8,153,6828,141.1636519075,592.21103670625,177.21171798625
J1644,"Injection, heparin sodium, per 1000 units",6,6,325,6808,0.1609646764,3.42922431115,0.21293158363333334
J9201,"Injection, gemcitabine hydrochloride, not otherwise specified, 200 mg",15,15,243,6763,2.976846795926667,188.7210340454,3.74582684364
82044,Urine microalbumin (protein) analysis,149,149,5915,6747,6.098569514763759,19.18795038811141,6.098569514763759
64447,Injection of anesthetic agent and/or steroid into thigh nerve,270,270,6670,6734,38.8750135158926,944.634686611863,48.948417606507405
93978,"Complete ultrasound of aorta, vena cava, groin vessels or bypass grafts",119,120,6043,6723,96.07980913600834,374.245010056625,127.53616675882499
64484,"Injection of anesthetic and/or steroid drug into sacral spine nerve root using imaging guidance, each additional level",123,123,4879,6700,62.79522525191057,667.9914264733333,79.32477310621138
72050,"X-ray of upper spine, 4-5 views",230,230,6325,6606,24.192256258084782,124.49045641730001,33.270077480086954
G0181,Physician or allowed practitioner supervision of a patient receiving medicare-covered services provided by a participating home health agency (patient not present) requiring complex and multidisciplinary care modalities involving regular physician or allow,51,51,2343,6585,78.9012953444902,205.2494655529412,102.99504594805883
G0121,Colorectal cancer screening; colonoscopy on individual not meeting criteria for high risk,209,209,6526,6544,212.8922271087225,1018.5833000292344,212.8922271087225
J3475,"Injection, magnesium sulfate, per 500 mg",23,23,421,6449,0.5548136642913043,5.052967344260869,0.7034670234739131
A4220,Refill kit for implantable infusion pump,1,1,1872,6427,44.696942586,130.45962035,57.486119496
77001,Fluoroscopic guidance for insertion or removal of central vein access device,210,211,6022,6424,19.23108769730332,111.66618432324644,24.10641219887204
72197,Mri scan of pelvis before and after contrast,141,143,6258,6410,143.56579833636363,1154.7596842215385,188.9767770161958
11104,"Punch biopsy, first skin growth",213,213,5973,6375,82.99596933121597,260.51597156976527,112.41636692185917
86665,"Analysis for antibody to epstein-barr virus (mononucleosis virus), viral capsid",7,7,3199,6366,17.939287593714287,104.98703859428572,17.939287593714287
74019,"X-ray of abdomen, 2 views",226,226,5852,6351,10.836514575210176,67.45681835009735,14.68353413143938
99356,"Extended inpatient or observation hospital service, first hour",121,121,4542,6296,67.1803707253719,231.45946752545456,84.3778151342314
Q5115,"Injection, rituximab-abbs, biosimilar, (truxima), 10 mg",2,2,28,6280,40.705083175,122.5,51.2526978615
99425,"Principal care management services for a single high-risk disease, each additional 30 minutes provided personally by qualified health care professional, per calendar month",2,2,3223,6267,49.6811412875,115.0,62.310155881499995
76872,Ultrasound scan of pelvic region through rectum,171,171,6112,6265,74.4689059332924,330.19818330740935,94.9485594214269
R0070,"Transportation of portable x-ray equipment and personnel to home or nursing home, per trip to facility or location, one patient seen",6,6,4347,6242,134.375839625,300.21375494166665,170.59786224666666
96910,Therapy procedure using ultraviolet radiation with tar or petroleum jelly application,18,18,414,6195,96.12654333905556,239.5407322811111,122.41861438777778
86360,"T cell count and ratio, including ratio",4,4,3658,6189,46.41700361275,156.1612196655,46.41700361275
73140,"X-ray of finger, minimum of 2 views",191,191,4936,6167,17.834818975520943,78.75455503869634,24.91110232701309
90966,Home dialysis services per month (20 years or older),55,55,1163,6130,229.202029294,619.223973100909,290.9059303203636
11730,"Simple separation of fingernail or toenail from nail bed, first nail",120,121,4906,6116,80.09541605973553,189.07645707334711,111.10437727173554
99304,"Initial nursing facility visit per day, typically 25 minutes",103,104,5687,6107,67.62524800376923,210.68038623123078,87.45448147791346
92504,Exam of ear using a microscope,71,71,4542,6105,18.57673188020563,73.7584786774648,25.3727340143
J2250,"Injection, midazolam hydrochloride, per 1 mg",39,39,1846,6080,0.11109022617692307,7.39123710103077,0.14211252226666668
87045,Stool culture,14,14,5840,6072,9.31141410197857,39.28112919914286,9.31141410197857
20552,"Injection of trigger points, 1-2 muscles",118,118,4022,6066,36.357423945567795,204.2811659846356,48.752313731822035
88189,"Flow cytometry technique for dna or cell analysis, 16 or more markers",66,66,5550,6035,66.38906461410605,421.3323984218182,84.6260690579394
82175,Arsenic level,2,2,5337,6012,18.7319274415,79.27887045,18.7319274415
01992,"Anesthesia for nerve block and injection procedure, prone position",87,87,4381,6010,91.98938219316092,1675.4273015950573,116.73571997266667
13132,"Complicated repair of wound of forehead, cheeks, chin, mouth, neck, underarms, genitals, hands, or feet, 2.6-7.5 cm",83,83,5352,5973,244.70955831879516,983.0531199686747,309.4985254790361
G0277,"Hyperbaric oxygen under pressure, full body chamber, per 30 minute interval",3,3,59,5957,156.96281352333332,395.32511210666667,197.18413706333334
90688,"Influenza vaccine, quadrivalent, 0.5 ml dosage",137,137,5893,5955,19.85586936229927,39.463336506167884,19.85586936229927
99406,"Smoking and tobacco use intensive counseling, 4-10 minutes",158,158,3848,5928,14.371921664846203,35.12368588088607,14.371921664846203
86480,"Tuberculosis test, gamma interferon",18,18,5663,5912,60.903255968277776,203.24130357555555,60.903255968277776
70491,Ct scan of soft tissue of neck with contrast,195,198,5496,5901,64.08223684869697,413.94179733540403,85.07996444088889
93228,Electrocardiogram (ecg) up to 30 days continuous with review and report by health care professional,160,160,5823,5894,19.868955870593748,96.77511290868125,25.60137646190625
73060,"X-ray of upper arm, minimum of 2 views",220,221,4782,5857,7.630029290011764,53.16734243574299,10.33371779527466
0241U,"Respiratory infectious agent detection by rna for severe acute respiratory syndrome coronavirus 2 (covid 19), influenza a, influenza b, and respiratory syncytial virus, upper respiratory specimen, each reported as detected or not detected",64,64,4757,5839,139.94491434515626,265.5097475632812,139.94491434515626
85379,"Coagulation function measurement, d-dimer; quantitative",18,18,4786,5827,9.94482300365,72.25623504055555,9.94482300365
11046,"Removal of muscle and/or tissue, each additional 20.0 sq cm or less",23,23,579,5779,50.37721185682609,202.29239794486958,63.08526308995652
95816,"Measurement of brain wave activity (eeg), awake and drowsy",129,129,5575,5760,126.36540602627133,444.77191052704654,161.14795564661242
G9678,Oncology care model (ocm) monthly enhanced oncology services (meos) payment for ocm enhanced services. g9678 payments may only be made to ocm practitioners for ocm beneficiaries for the furnishment of enhanced services as defined in the ocm participation a,33,33,1787,5697,159.49141933909092,277.31253362030304,159.49141933909092
72070,"X-ray of middle spine, 2 views",201,201,4967,5684,13.774120109931342,85.02289444404478,18.75430329779403
92025,Ct scan of cornea,111,111,5155,5660,24.898414702972975,100.0781616372072,34.30595407326126
64450,Injection of anesthetic agent and/or steroid into other nerve or branch,117,117,3012,5649,34.37504786433333,559.3228582945385,43.969981481059826
97012,Application of mechanical traction,51,51,1054,5591,8.805361398615688,37.7597820942549,11.465058279656862
94375,Test to measure rate of airflow,48,48,4492,5586,22.349934415575003,84.349238618375,29.794951337812503
G0402,"Initial preventive physical examination; face-to-face visit, services limited to new beneficiary during the first 12 months of medicare enrollment",349,349,5583,5583,162.4932703173811,327.36399445320916,162.4932703173811
87209,Special stain for parasites,4,4,4035,5579,17.7080542325,78.8070355285,17.7080542325
62321,Injection of substance into middle or upper spine canal using imaging guidance,142,142,4210,5569,161.44942698195774,1475.2274842357747,208.2712275516972
91303,"Severe acute respiratory syndrome coronavirus 2 (covid-19) vaccine, dna, spike protein, adenovirus type 26 (ad26) vector, preservative free, 5x1010 viral particles/0.5ml dosage, for intramuscular use",1,1,5425,5520,0.01,0.01,0.01
99282,Emergency department visit for problem of mild to moderate severity,199,199,5254,5516,30.008428115788945,215.78617691152263,41.25282211192462
99153,"Use of a drug to induce depression of consciousness by physician performing a procedure, each additional 15 minutes",54,54,1751,5513,8.513819720753704,54.34390276511111,10.779844503424075
77338,Design and construction of radiation treatment device for high precision radiation therapy,110,110,4385,5478,237.9143629780909,1110.7358234224546,297.8981700139091
85014,Red blood cell concentration measurement,41,41,3579,5475,2.339074415687805,10.24076610600244,2.339074415687805
82172,Apolipoprotein level,7,7,2494,5462,20.657594286428573,47.07948600071428,20.657594286428573
84270,Sex hormone binding globulin (protein) level,20,20,4857,5437,21.3588620566,76.10669764335,21.3588620566
93248,Heart rhythm review and interpretation of continous external ekg over 8-15 days,158,158,5287,5430,20.867849726367087,93.9929966098291,27.072487993898736
J7030,"Infusion, normal saline solution , 1000 cc",77,77,2162,5392,2.0380382226584413,20.962417142345455,2.608539816164935
13121,"Complicated repair of wound of scalp, arms, or legs, 2.6-7.5 cm",91,92,4796,5382,253.65967390756524,1070.6144904152175,321.0092114398913
86677,Analysis for antibody to helicobacter pylori (gastrointestinal bacteria),5,5,3994,5378,16.561502541800003,44.054,16.561502541800003
83010,Haptoglobin (serum protein) level,13,13,4125,5368,12.375323359692308,55.280509744538456,12.375323359692308
Q5122,"Injection, pegfilgrastim-apgf, biosimilar, (nyvepria), 0.5 mg",8,8,168,5328,178.65860558,858.4300000000001,223.90475110625
95938,Placement of skin electrodes and measurement of stimulated sites on arms and legs,28,28,5218,5294,53.98896007657142,1782.6653943232143,68.791306599
72146,Mri scan of middle spinal canal without contrast,192,192,4957,5293,76.23590005032291,738.4880062336459,98.36931687957814
87529,"Detection test by nucleic acid for herpes simplex virus, amplified probe technique",19,19,2352,5291,34.73058619789474,110.09041494578948,34.73058619789474
A9555,"Rubidium rb-82, diagnostic, per study dose, up to 60 millicuries",26,26,3075,5279,399.7316206365385,1103.0628870453847,500.7703751130769
29581,"Application of vein wound compression bandages on lower leg, ankle, and foot",28,28,967,5277,62.55402722910714,207.41746334714284,79.89360056700001
64490,"Injection of upper or middle spine facet joint using imaging guidance, single level",115,115,3032,5258,162.3576621270261,1429.552600120348,207.71415783382608
11301,"Shaving of skin growth of body, arms, or legs, 0.6-1.0 cm",92,92,4264,5252,73.22846806394566,238.37316510326087,101.94184141046739
88108,"Cell examination of specimen, concentration technique",73,73,4323,5242,19.410852064342468,117.87635242821918,24.791331321986302
76882,Limited ultrasound scan of joint or other extremity structure lacking blood vessels,142,142,3891,5199,28.72812781771831,129.1763054536831,38.9486310599507
97163,"Evaluation for physical therapy, typically 45 minutes",197,197,4864,5199,74.05439366789341,192.90293507484773,100.1395791649797
84436,"Thyroxine (thyroid chemical), total",39,39,3785,5191,6.777475543776923,27.408574538705132,6.777475543776923
77290,"Obtaining data needed to develop the optimal radiation treatment, 3 or more treatment areas or any number of treatment areas where special treatment is involved",127,128,4462,5166,141.32708317353905,752.2860067805469,178.5318974454453
93351,"Ultrasound of heart with continuous electrocardiogram (ecg) during rest, exercise and/or drug induced stress with review and report",136,137,5102,5156,134.1671031600511,635.2945660946715,177.71388166274454
92928,"Insertion of stents with balloon dilation of coronary artery or branch, single artery or branch",148,148,4189,5120,432.3748788156081,1979.4800919774323,544.8804114236486
G6013,"Radiation treatment delivery,3 or more separate treatment areas, custom blocking, tangential ports, wedges, rotational beam, compensators, electron beam; 11-19 mev",27,27,719,5117,190.52781047777776,872.2200467714815,240.18695274740742
97165,"Evaluation for occupational therapy, typically 30 minutes",132,132,4875,5108,77.31879326443939,198.79882796062878,102.52777198061364
84681,C-peptide (protein) level,16,16,2697,5095,20.528687098375002,61.7395349475,20.528687098375002
88377,"Microscopic genetic analysis of tissue, manual, each additional multiplex stain procedure",25,25,1739,5081,69.40341145276,305.19173245639996,87.54749859395999
85007,Microscopic examination for white blood cells with manual cell count,30,30,1862,5080,3.7409995231899997,17.158161904766665,3.7409995231899997
G0452,Molecular pathology procedure; physician interpretation and report,24,24,3450,5058,35.665947575208335,121.29332257975,46.207730421791666
93224,Electrocardiogram (ecg) 2-day continuous with review and report by health care professional,112,112,4849,5039,55.364627480785714,400.5460770294643,73.42969698026786
J3590,Unclassified biologics,26,26,1065,5008,1111.2295798886155,2387.3976179479614,1394.1568976566539
82985,Glycated protein level,8,8,3111,5004,15.483275565175001,60.221861597,15.483275565175001
86413,Quantitative measurement of severe acute respiratory syndrome coronavirus 2 (covid-19] antibody,1,1,1577,4995,50.6262002,115.69056256,50.6262002
Q5123,"Injection, rituximab-arrx, biosimilar, (riabni), 10 mg",2,2,29,4990,43.2875749115,196.951791665,54.236716023
96374,Injection of drug or substance into vein,82,82,2876,4976,29.55684809939024,196.8553593339634,38.65060556109756
J9395,"Injection, fulvestrant, 25 mg",5,5,85,4970,9.90835933428,162.6591136374,12.578633980000001
G0268,Removal of impacted cerumen (one or both ears) by physician on same date of service as audiologic function testing,80,80,4728,4962,36.3714854548625,128.8754476393625,49.7106808965125
86147,Cardiolipin antibody (tissue antibody) measurement,8,8,1630,4958,24.57555825025,63.74035084825,24.57555825025
93227,Electrocardiogram (ecg) 2-day continuous with review by health care professional,130,130,4691,4923,13.544444112003077,126.8262449581,18.556530979915387
J9305,"Injection, pemetrexed, not otherwise specified, 10 mg",2,2,24,4918,54.098642012499994,195.04853273,67.8077082595
95810,Sleep study in sleep lab (6 years or older),93,93,4646,4915,204.8391495474946,1087.9718208108602,262.7329910897097
R0075,"Transportation of portable x-ray equipment and personnel to home or nursing home, per trip to facility or location, more than one patient seen",7,7,4053,4904,74.45083991028571,223.95056203714284,97.87818768685715
22853,Insertion of cage or mesh device to spine bone and disc space during spine fusion,122,122,2981,4902,144.94875452481966,1364.7684718780326,181.393158014
82652,"Dihydroxyvitamin d, 1, 25 level",12,12,4496,4902,36.03615007658333,152.86653373416667,36.03615007658333
83090,Homocysteine (amino acid) level,12,12,3520,4893,17.688416303083333,92.93072094041666,17.688416303083333
82542,Chemical analysis using chromatography technique,5,5,3466,4878,23.7109388426,113.195882768,23.7109388426
17313,"Removal and microscopic exam of growth of trunk, arms, or legs, 1-5 tissue blocks",63,63,3864,4874,442.83563699301584,1449.8824494573016,564.695838964127
84146,Prolactin (milk producing hormone) level,20,20,3677,4843,19.0280800554,71.69086284925001,19.0280800554
87502,Detection test by nucleic acid for multiple types influenza virus,140,140,4350,4839,93.15579276140714,206.2182925317643,93.15579276140714
36556,Insertion of non-tunneled central venous tube for infusion (5 years or older),218,218,4570,4825,65.36854400959174,672.6522504276606,82.3748253655734
U0002,"2019-ncov coronavirus, sars-cov-2/2019-ncov (covid-19), any technique, multiple types or subtypes (includes all targets), non-cdc",84,84,3335,4811,50.22822848742857,117.64400884785714,50.22822848742857
81206,Translocation analysis (bcr/abl1) major breakpoint,5,5,2546,4784,161.74077426,464.77577777799996,161.74077426
Q5117,"Injection, trastuzumab-anns, biosimilar, (kanjinti), 10 mg",1,1,18,4773,33.42256233,320.0,42.047020742
Q4173,"Palingen or palingen xplus, per square centimeter",3,3,48,4743,353.0446758166666,450.92175338,442.26269441666665
65855,Laser repair to improve eye fluid flow,91,91,3400,4743,159.89495019174726,1036.318443525055,212.697899219011
51700,Simple bladder irrigation and/or instillation,106,106,3203,4704,51.09053112883019,271.99288769393394,66.45863327837736
76881,Complete ultrasound scan of joint,50,50,3083,4699,38.86823479768,198.67606473604,52.00694168172
G2024,"Specimen collection for severe acute respiratory syndrome coronavirus 2 (sars-cov-2) (coronavirus disease [covid-19]) from an individual in a snf or by a laboratory on behalf of a hha, any specimen source",2,2,446,4699,25.3257010265,50.46,25.3257010265
83001,"Gonadotropin, follicle stimulating (reproductive hormone) level",17,17,3607,4691,18.28903308352941,61.95792784894118,18.28903308352941
72158,Mri scan of lower spinal canal before and after contrast,186,186,4568,4667,125.95771829526882,1099.577887164301,162.6196048226828
97022,Application of whirlpool therapy,25,25,944,4656,9.640989473208,54.42426510356,12.47121399656
49083,Drainage of fluid from abdominal cavity using imaging guidance,117,117,2316,4652,84.61104131648719,655.9675206679487,107.62008903033333
84144,Progesterone (reproductive hormone) level,5,5,3572,4650,20.5580714218,79.08255026,20.5580714218
88344,"Special stained specimen slides to examine tissue, each multiplex procedure",55,55,2054,4644,56.650899879290904,205.4400424259091,71.45422877163637
95911,"Nerve conduction, 9-10 studies",110,110,4532,4625,154.3702032100818,777.4220101306363,201.93742790309088
83521,Measurement of immunoglobulin light chains,20,20,1463,4623,16.8915407195,63.33967836265,16.8915407195
82270,Stool analysis for blood to screen for colon tumors,63,63,4612,4612,4.301858591279365,16.66166107703175,4.301858591279365
51702,Simple insertion of temporary bladder tube,114,114,2202,4583,41.7328010985,213.4081233239649,56.10275828741228
94727,Test to determine lung volumes using gas dilution or washout,81,81,4356,4582,23.004866991179014,89.33154920830864,29.951904630382714
11900,"Injection into skin growth, 1-7 growths",163,163,3281,4582,32.806372184803685,122.25682664741718,45.085636522521476
J2930,"Injection, methylprednisolone sodium succinate, up to 125 mg",81,81,1857,4567,4.28695920208642,24.962123921912344,5.68043155088889
72128,Ct scan of middle spine without contrast,181,181,4524,4561,40.49199745895027,319.2091989012099,52.65441627629834
70544,Mri scan of blood vessels of head without contrast,161,161,4487,4558,63.227977022850936,532.4807900146335,81.52532102932919
86335,"Immunologic analysis technique on body fluid, other fluids with concentration",27,27,2941,4542,16.81165629440741,86.52665221414816,19.390713541925926
36902,Insertion of needle and/or tube into hemodialysis circuit and balloon dilation of dialysis segment with review by radiologist,57,57,3085,4542,491.1233485107017,2414.6861881473687,623.1826585977193
92273,Measurement of retinal and optic nerve function,19,19,3600,4522,94.74785853557894,217.8032560889474,125.7364916068421
93926,Ultrasound of one leg arteries or artery grafts,145,145,3745,4515,47.43819739389655,255.3897384779724,62.17267443552413
11602,"Removal of cancer skin growth of body, arms, or legs, 1.1-2.0 cm",129,129,3968,4512,99.67506116534109,516.5773336113178,127.58705976678293
84478,Triglycerides level,11,11,3070,4499,5.670989770054546,25.60927321309091,5.670989770054546
84155,"Total protein level, blood",23,23,3056,4452,3.608742689930435,18.38885635615652,3.608742689930435
87634,"Detection test by nucleic acid for respiratory syncytial virus, amplified probe technique",3,3,3302,4435,69.82454016000001,197.68999999999997,69.82454016000001
90756,"Influenza vaccine, quadrivalent derived from cell cultures",101,101,4410,4435,29.46650956789109,47.362633722732674,29.46650956789109
22614,Fusion of additional segment of spine,75,75,1547,4430,241.70066169370665,1575.2004044750931,302.3090472714666
87389,Detection test by immunoassay technique for hiv-1 antigen and hiv-1 and hiv-2 antibodies,6,6,4262,4404,23.558620684666664,78.76234823166666,23.558620684666664
93244,"Heart rhythm review, and interpretation of continous external ekg over more than 48 hours up to 7 days",141,141,4265,4388,18.694093572851063,88.7522245021844,24.360235908191488
97124,"Therapy procedure using massage, each 15 minutes",21,21,679,4381,21.28667407395238,55.41795619995238,27.750758034952383
95811,Sleep study in sleep lab with continuous airway pressure (6 years or older),106,107,4166,4354,216.15720400286918,1305.5766207226168,277.1272301114953
97802,"Therapy procedure for nutrition management, each 15 minutes",40,40,1090,4350,31.496080397925,69.684695965275,31.496080397925
99347,"Established patient home visit, typically 15 minutes",32,32,1744,4330,37.776874276437496,136.31097281078124,54.32056755875
J9022,"Injection, atezolizumab, 10 mg",1,1,12,4320,64.008655093,142.0,80.263506944
84484,"Troponin (protein) analysis, quantitative",31,31,3827,4298,12.29530079451613,117.13294788209677,12.29530079451613
99183,Management of oxygen chamber therapy,22,22,432,4288,83.69003299190909,407.8269159468182,105.20135551563637
93283,Programming of dual lead implantable defibrillator system,102,102,3157,4286,59.62972829464706,239.09960419558826,81.57191724938235
92526,Treatment of swallowing and feeding disorder,17,17,461,4251,70.66430411764705,216.66806100235294,89.30169584017646
00790,Anesthesia for other procedure on upper abdomen,281,281,4216,4244,189.3905914075587,2353.8276411541638,239.71289743003558
96160,Administration and interpretation of patient-focused health risk assessment,39,39,2343,4238,1.7866362918153846,30.770341635141023,2.4920202605358974
86800,Thyroglobulin (thyroid protein) antibody measurement,16,16,3412,4220,15.681888494999999,60.7304897360625,15.681888494999999
88350,"Antibody evaluation, each additional single antibody stain procedure",22,22,730,4207,33.48911263304546,115.46266803781819,42.11084925077272
87799,"Detection test by nucleic acid for organism, quantification",6,6,1206,4189,42.223212945,162.97083298500002,42.223212945
76377,3d radiographic procedure with computerized image postprocessing,94,95,3943,4177,38.30482876154,233.73234601989472,49.21151884530527
87015,Concentration of specimen for infectious agents,11,11,2545,4173,6.567333883372727,33.70090766136364,6.567333883372727
G0483,"Drug test(s), definitive, utilizing (1) drug identification methods able to identify individual drugs and distinguish between structural isomers (but not necessarily stereoisomers), including, but not limited to gc/ms (any type, single or tandem) and lc/ms",30,30,2241,4171,242.02584872833333,657.4618761363333,242.02584872833333
78306,Nuclear medicine study of bone and/or joint whole body,136,136,3955,4130,53.93312021846323,294.7640826673235,70.07809491427206
73522,"X-ray of both hips, 3-4 views",123,123,3386,4107,27.393069929400813,119.43664544878861,37.87293209804065
99315,"Nursing facility discharge day management, 30 minutes or less",109,109,3869,4104,52.8981534556789,155.18471488700916,67.90135494433945
32555,Aspiration of fluid from chest cavity using imaging guidance,115,115,3293,4104,86.80109934594783,716.5163559259131,110.21970122344348
71101,"X-ray of ribs on side of body, minimum of 3 views",198,201,3947,4101,12.541186341244279,74.08311697013433,17.772966358527363
J0587,"Injection, rimabotulinumtoxinb, 100 units",2,2,31,4091,9.63979921165,36.0,12.0842245875
88300,"Pathology examination of tissue using a microscope, limited examination",113,114,3732,4048,4.024160254413157,39.775591958192976,5.166193747695615
77301,High precision radiation therapy planning,107,107,3734,4043,630.0814991617757,2916.5614133319627,790.4079689236448
87491,"Detection test by nucleic acid for chlamydia trachomatis, amplified probe technique",17,17,2953,4038,34.58604719294118,113.91120825023529,34.58604719294118
92060,Exam to measure eye deviation and range of motion,49,49,3316,3981,44.86911778657143,140.28828740895918,60.73920350657143
G0328,"Colorectal cancer screening; fecal occult blood test, immunoassay, 1-3 simultaneous",87,87,3956,3956,17.75183484096552,42.99652895009195,17.75183484096552
95720,"Measurement of brain wave activity with video (veeg), 12-26 hours with review and report by health care professional",47,47,1992,3953,167.76502223659574,881.287708069149,211.11388832148936
93975,Complete ultrasound of abdomen and pelvis artery and vein blood flow,125,125,3778,3952,111.73066919665601,536.60506893768,146.96946116231197
99484,"Care management services for behavioral health conditions, 20 minutes or more clinical staff time directed by health care professional",24,25,1133,3917,28.15979955624,108.64384115344001,37.29460915336
A0431,"Ambulance service, conventional air services, transport, one way (rotary wing)",11,11,3701,3867,4227.2212661818185,35139.638183636365,5301.857152418182
55700,Biopsy of prostate gland,122,122,3822,3855,166.15607493723772,818.7863531289345,219.8863609098115
81015,Urinalysis using microscope,19,19,2715,3853,2.991125518957895,13.299280440189474,2.991125518957895
90868,"Treatment using magnetic field to stimulate nerve cells in brain, subsequent delivery and management",8,8,176,3842,140.249868652375,543.7,176.408012492375
93284,Programming of multiple lead implantable defibrillator system,93,93,2646,3817,61.24455400707527,233.01459663849462,83.88395182326882
87631,"Detection test by nucleic acid for multiple types of respiratory virus, multiple types or subtypes, 3-5 targets",22,22,3250,3817,139.6895892718182,271.58982882818185,139.6895892718182
J7321,"Hyaluronan or derivative, hyalgan, supartz or visco-3, for intra-articular injection, per dose",33,33,826,3803,58.04170361857575,239.00661246475758,74.93622296154545
93288,"Evaluation of single, dual, multiple lead or leadless pacemaker system",88,88,2787,3799,31.859931553568185,108.88969130517044,43.83814771395455
43248,Insertion of guide wire with dilation of esophagus using a flexible endoscope,77,77,3533,3780,137.29510604642857,1044.497090752208,178.55152986633766
99453,"Remote monitoring of physiologic parameters, initial set-up and patient education on use of equipment",87,87,3617,3773,14.140307232611494,48.43695668486207,18.746756486068964
82040,Albumin (protein) level,29,29,2180,3746,4.837095871793103,17.96786970505862,4.837095871793103
97166,"Evaluation for occupational therapy, typically 45 minutes",104,104,3401,3730,77.95550855517307,178.0959195676346,102.58855287767308
76519,Ultrasound scan to determine eye length and lens power,42,42,2687,3707,42.20473652183333,176.24202329183333,57.77452215983333
95819,"Measurement of brain wave activity (eeg), awake and asleep",94,94,3587,3697,149.29030143781915,429.0520095439362,190.11785314421277
G6017,"Intra-fraction localization and tracking of target or patient motion during delivery of radiation therapy (eg,3d positional tracking, gating, 3d surface tracking), each fraction of treatment",10,10,367,3686,69.19456407370001,391.13336800400003,87.1901318249
0053A,Adm sarscv2 30mcg trs-sucr 3,91,91,3662,3685,39.95869517646154,74.17405273945054,39.95869517646154
83002,"Gonadotropin, luteinizing (reproductive hormone) level",20,20,2639,3656,18.21798711955,78.8348254293,18.21798711955
83520,Measurement of substance using immunoassay technique,10,10,2488,3651,16.751746924600003,141.1526081986,16.751746924600003
87340,Detection test by immunoassay technique for hepatitis b surface antigen,15,15,3403,3642,9.975958513179998,44.2726695334,9.975958513179998
73501,"X-ray of hip, 1 view",111,111,3280,3610,11.854566274885586,63.73286236772071,16.010537873995496
87651,"Detection test by nucleic acid for strep (streptococcus, group a), amplified probe technique",67,67,3086,3605,34.41449080702986,95.52058103943284,34.41449080702986
51701,Insertion of temporary bladder tube,50,50,2872,3587,32.5756805793,188.46980559373998,43.37754711736
36410,Insertion of needle into vein (3 years or older),35,35,1874,3584,10.663403958908571,56.734514203742854,14.451022830734287
J7312,"Injection, dexamethasone, intravitreal implant, 0.1 mg",15,15,244,3564,156.28336808533334,339.584710352,196.269956182
17250,Application of chemical to stop tissue regrowth in wound,43,43,1276,3561,38.16979647648837,179.1017241654186,48.7032233522093
96116,"Exam of neurobehavioral status, first hour",58,58,3060,3557,69.59049703415518,245.84399353344827,90.49834612681035
85060,Blood smear interpretation by physician with written report,80,80,3174,3526,19.106884495225,87.7945773829,24.198202986312502
97018,Application of hot wax bath,20,20,553,3513,3.2977703226050004,32.3600795199,4.21249144587
51784,Non-needle measurement and recording of electrical activity of muscles at bladder and bowel openings,80,80,3300,3504,26.10507923474625,393.287920743,32.861262549337496
63048,"Partial removal of spine bone with release of spinal cord and/or nerves, each additional segment",101,101,2036,3499,95.11414384025743,966.381984360693,119.07540174472277
92960,External shock to heart to regulate heart beat,143,143,3182,3494,83.72400340322378,670.1131697905595,108.104016043014
80178,Lithium level,8,8,2022,3490,6.5235316980625,31.18625209775,6.5235316980625
69100,Biopsy of ear,128,128,3169,3458,50.04069174225,221.73467871340625,68.0524651243203
82024,Adrenocorticotropic hormone (acth) level,4,4,2015,3445,30.920616406900002,92.136165594,30.920616406900002
95910,"Nerve conduction, 7-8 studies",98,98,3421,3445,120.11560853790816,640.2387332208164,157.80596127181633
J7326,"Hyaluronan or derivative, gel-one, for intra-articular injection, per dose",60,60,2271,3443,733.9543083596667,1749.288315815,923.6062657851667
86704,Hepatitis b core antibody measurement,16,16,3314,3437,11.773058648625,42.8861673791875,11.773058648625
86225,"Measurement of dna antibody, native or double stranded",24,24,2856,3437,13.521193030458333,46.70160185475,13.521193030458333
J1750,"Injection, iron dextran, 50 mg",7,7,165,3430,12.187024973571429,44.310651339,15.577573934714286
75710,Review by radiologist of arm or leg artery image,68,68,2376,3406,80.13541517560294,386.2240122935294,100.27963439741177
95885,"Needle measurement of electrical activity in arm or leg muscles, limited study",77,77,2352,3404,38.97760395237662,163.21174955577922,49.97611528185715
96360,"Infusion into a vein for hydration, 31-60 minutes",76,76,1997,3397,25.99353155773684,166.4144840621053,33.65666672364473
64721,Release and/or relocation of hand nerve,109,109,3008,3383,396.1121181797248,2944.8345641401834,502.2352826926605
74420,Imaging of urinary tract following injection of a contrast agent,105,105,2840,3379,24.206739579285713,175.41756092270475,30.650799791657146
98928,"Osteopathic manipulative treatment, 7-8 body regions",18,18,959,3376,53.82242909605556,170.62104866127777,71.7751937715
83037,"Hemoglobin a1c level, by device for home use",38,38,1852,3375,9.5301850567,31.637636859710526,9.5301850567
G6001,Ultrasonic guidance for placement of radiation therapy fields,6,6,260,3372,127.90047459633332,266.2699526216667,160.71661968333333
82668,Erythropoietin (protein) level,8,8,2879,3361,18.604117154249998,60.731534378875,18.604117154249998
85097,"Bone marrow, smear interpretation",80,80,3210,3342,39.1479906396875,223.871429031325,49.580088621125
86256,Measurement of antibody to noninfectious agent,3,3,2849,3339,11.911070268333333,92.618323719,11.911070268333333
82088,Aldosterone hormone level,4,4,3041,3337,40.25998185275,236.6066154575,40.25998185275
Q4180,"Revita, per square centimeter",1,1,119,3329,217.68373686,301.58197657,272.52212076
92550,Test for eardrum and muscle function,55,55,3262,3325,16.03701186684,71.06552507134546,22.96306241830909
15823,Removal of excessive skin and fat of upper eyelid,63,63,2321,3312,552.4579245684127,2856.2566388111113,699.2524749207937
99345,"New patient home visit, typically 75 minutes",48,48,3297,3298,147.1201955525625,370.23665668374997,196.12440387437502
63047,"Partial removal of spine bone with release of lower spinal cord and/or nerves, 1 segment",131,131,3268,3296,518.4171707610382,4307.516939672595,650.3396623413358
64491,"Injection of upper or middle spine facet joint using imaging guidance, second level",81,81,2148,3290,77.63889808770371,598.1987705309876,98.07215390597531
00910,Anesthesia for other procedure on urinary system through urethra,174,174,3205,3286,71.32260393981035,846.5419413861495,90.48625540088506
01922,Anesthesia for x-ray or radiation therapy,179,179,3246,3281,122.9477350894972,1611.4006816985475,156.06329889731845
77012,Review by radiologist of ct guidance for needle placement,118,118,3175,3265,59.79020959927966,426.40371125076274,76.00777895969492
92002,New patient problem focused exam of visual system,100,100,3230,3230,54.88080677856,152.06617316607,85.28185611775
90471,Administration of vaccine,146,146,3019,3222,10.927797047069863,45.29734928773288,16.090125595946574
J9250,"Methotrexate sodium, 5 mg",4,4,109,3220,0.172025750025,2.43316522575,0.220578699775
92286,Imaging of front third of eye using a special microscope,40,40,2673,3219,26.651311362575,155.0213380942,36.64457482995
82627,Dehydroepiandrosterone (dhea-s) hormone level,15,15,2687,3214,21.8904705686,74.50109656126666,21.8904705686
J9206,"Injection, irinotecan, 20 mg",5,5,61,3214,1.90667463222,130.8,2.38746118254
17261,"Destruction of cancer skin growth of trunk, arms, or legs, 0.6-1.0 cm",96,96,2646,3212,90.34934904978125,304.7880459810104,121.63553611453125
64615,Injection of chemical for paralysis of facial and neck nerve muscles on both sides of face,49,49,1338,3204,106.21956635083673,540.90503144,140.3655054419592
G0108,"Diabetes outpatient self-management training services, individual, per 30 minutes",34,34,1356,3198,40.10089250655882,162.52459100541176,55.0543265162647
10060,Simple or single drainage of skin abscess,103,103,2306,3197,89.49056894550486,217.06098145349515,123.10993589247572
86304,"Immunologic analysis for detection of tumor antigen, quantitative; ca 125",15,15,1613,3196,20.571319532733334,99.602786384,20.571319532733334
51720,Instillation of anti-cancer drug into bladder,54,54,1004,3186,60.66895534048148,331.99409265044443,78.52566512238889
90962,"Dialysis services, 1 physician visit per month (20 years or older)",64,64,1335,3173,158.51905641703127,498.0526306217188,201.0675102115625
01214,Anesthesia for total hip replacement,159,159,3146,3162,202.92105022339624,2508.694313946918,255.67341670503143
78492,Nuclear medicine studies of blood flow in heart muscle at rest and with stress,33,33,3143,3150,983.8174816634848,3323.9230796212123,1233.3912169086364
73100,"X-ray of wrist, 2 views",82,82,2007,3137,17.240470134612195,77.0995705117195,22.974673229947562
97803,"Therapy procedure reassessment for nutrition management, each 15 minutes",32,32,711,3135,27.21468353371875,69.1778801728125,27.21468353371875
99342,"New patient home visit, typically 30 minutes",31,31,3134,3134,53.968553709064516,218.117958906,73.77553322145161
83883,"Nephelometry, test method using light",8,8,1191,3130,13.42137585575,91.6463045175,13.42137585575
73090,"X-ray of forearm, 2 views",133,133,2817,3120,7.009104138147369,47.79101216466165,9.487678971241353
J3357,"Ustekinumab, for subcutaneous injection, 1 mg",2,2,24,3105,128.86128794,571.08,161.496690635
99421,"Online digital evaluation and management service for an established patient for up to 7 days, total time 5-10 minutes",19,19,695,3087,9.702356029515789,39.639522272421054,14.412322508578947
84479,Thyroid hormone evaluation,25,25,2420,3084,6.431630267419999,22.580811928484,6.431630267419999
81162,Gene analysis (breast cancer 1 and 2) of full sequence and analysis for duplication or deletion variants,5,5,3029,3048,1798.6652739,3159.3000895600003,1798.6652739
93040,Electrocardiogram (ecg) 1 to 3 leads with review by physician,16,16,2203,3048,9.63456418721875,55.5005556955625,12.764648608875
82274,"Stool analysis for blood, by fecal hemoglobin determination by immunoassay",60,60,2945,3044,15.644878762816667,49.08388460303333,15.644878762816667
73120,"X-ray of hand, 2 views",71,71,2039,3037,17.507293191202816,79.09900555909859,23.78820577371127
38222,Biopsy and aspiration of bone marrow sample for diagnosis,107,107,2906,3036,81.63784519853272,685.0699967401869,105.43536925081308
00670,Anesthesia for extensive surgery on spine,162,162,2997,3021,320.5280810382099,4060.7739414660496,402.57111320290124
33361,Replacement of aortic valve through the skin and femoral artery,84,84,3010,3016,603.8668468035714,4200.766342078571,756.6959449219047
G0506,Comprehensive assessment of and care planning for patients requiring chronic care management services (list separately in addition to primary monthly care management service),46,46,2688,3009,41.03292011752173,116.97319650941304,55.56804662071739
99426,"Principal care management services for a single high-risk disease, first 30 minutes of clinical staff time directed by health care professional, per calendar month",13,13,787,2992,46.84720879492308,121.39365270853847,61.133167547384616
51797,Insertion of device into abdomen with pressure and urine flow rate study,71,71,2930,2977,132.82976834828168,469.26489531098593,166.72324915611267
86301,"Immunologic analysis for detection of tumor antigen, quantitative; ca 19-9",12,12,1318,2964,20.581938993250002,87.4873842725,20.581938993250002
72192,Ct scan of pelvis without contrast,148,148,2931,2948,42.65301164320946,278.169738215946,56.001969833858105
G0123,"Screening cytopathology, cervical or vaginal (any reporting system), collected in preservative fluid, automated thin layer preparation, screening by cytotechnologist under physician supervision",10,10,2946,2946,20.039539572800003,69.13404605470001,20.039539572800003
G0416,"Surgical pathology, gross and microscopic examinations, for prostate needle biopsy, any method",79,79,2885,2937,163.66848307518987,910.0606265308861,208.8481881843038
96130,"Evaluation of psychological test, first hour",35,35,2054,2933,88.7115543938857,251.95185765914283,113.26305885251429
26055,Incision of tendon covering of finger,79,79,2164,2926,263.41909636810124,2474.3163061265823,335.2775281831645
01810,"Anesthesia for procedure on nerves, muscles, tendons, and tissue of forearm, wrist, and hand",148,148,2859,2918,72.32375797233108,928.4840892575,91.97514428066216
64566,Insertion of lower leg neurostimulator electrode,22,22,480,2917,87.46380242622728,380.2689403181819,113.98339355059092
63650,Insertion of spinal neurostimulator electrode array through skin,48,48,1161,2910,1377.33355836,9062.08868424375,1728.5720179829168
77295,3d radiation therapy planning,94,94,2618,2906,233.8646419918085,1456.7938952776597,294.8489192592553
43450,Dilation of esophagus,52,53,2795,2887,88.38709555866038,657.2249404024527,112.0582684304151
88120,"Cell examination of urine, manual",5,5,2207,2883,387.7008627726,1254.917772622,487.2573338006
76857,Limited ultrasound scan of pelvis,76,77,2476,2877,23.913916767974026,162.84272343116885,32.09014729709091
Q5121,"Injection, infliximab-axxq, biosimilar, (avsola), 10 mg",1,1,13,2870,32.929627178,100.0,41.434017422
93976,Ultrasound of abdomen and pelvis artery and vein blood flow,86,86,2656,2861,60.170898138104654,313.1600703950233,79.91438138037209
91312,Coronavirus vaccine 13,67,67,2852,2859,0.009989339019402986,17.568391410228358,0.009989339019402986
88309,"Pathology examination of tissue using a microscope, high complexity",110,110,2583,2851,114.79228787552728,518.7955704749091,145.0460115068182
99491,"Chronic care management services for two or more chronic conditions, first 30 minutes provided personally by health care professional, per calendar month",24,24,1406,2848,59.93690900566667,139.23325509375,79.11210291895833
L8619,"Cochlear implant, external speech processor and controller, integrated system, replacement",1,1,2505,2840,6803.1201232,11886.190141,8544.9472923
11000,"Removal of inflamed or infected skin, up to 10% of body surface",20,20,1323,2835,38.1863512196,126.4312470352,50.776698496099996
11750,Permanent removal fingernail or toenail,100,100,2227,2821,106.31938123395001,374.73591129040005,146.98145729021
87536,"Detection test by nucleic acid for hiv-1 virus, quantification",6,6,1667,2814,83.97834980316667,429.6913699516667,83.97834980316667
95923,Testing of autonomic (sympathetic) nervous system function,36,36,2670,2812,94.58653415197222,306.9386624133333,123.17621750261111
0003A,Adm sarscov2 30mcg/0.3ml 3rd,76,76,2802,2811,39.34297796606579,68.79935129251315,39.34297796606579
96136,"Administration of psychological or neuropsychological test, first 30 minutes",64,64,2693,2803,31.703404643578125,120.66812960759376,40.74289001325
J1627,"Injection, granisetron, extended-release, 0.1 mg",1,1,14,2800,4.7612,12.0,5.9758
73070,"X-ray of elbow, 2 views",92,92,2306,2789,11.363410078741305,57.597250958521734,15.378555610508695
93798,"Outpatient heart rehabilitation with electrocardiogram (ecg) monitoring, quality health care professional services",10,10,519,2767,14.980457857100001,83.8546737206,19.6321409777
A0433,"Advanced life support, level 2 (als 2)",65,65,2683,2766,519.9060196193847,1326.4336794607693,659.734952926
84154,"Psa (prostate specific antigen) measurement, free",32,32,2505,2753,18.109417473125,61.28786475728125,18.109417473125
88172,Evaluation of fine needle aspirate,65,65,2005,2749,28.76252978710769,152.55539158650768,36.39382301529231
93886,Complete ultrasound of within the brain blood flow,26,26,2422,2748,181.20757548153844,489.69744512884614,229.87474878515383
84166,"Protein measurement, body fluid",27,27,2418,2744,14.966728068174074,56.804308142148145,17.867475754037034
33208,Insertion of pacemaker and upper and lower heart chamber electrode,96,96,2723,2729,619.9254851314583,3775.7936115869793,780.6188445135417
93246,Heart rhythm recording of continous external ekg over 8-15 days,88,88,2646,2729,11.289015525152273,60.945798770125,14.669427907506817
77049,Mri scan of both breasts,96,96,2653,2717,153.1025906219375,973.164819954375,200.89552591635416
52332,Insertion of stent in ureter using an endoscope,113,113,2246,2715,157.4842620174425,2005.3240850880532,200.41624795058405
43249,"Balloon dilation of esophagus, stomach, and/or upper small bowel using a flexible endoscope, less than 3.0 cm",86,86,2488,2708,215.10917269936044,1550.0811582931394,274.94406587491864
96523,Irrigation of implanted venous access drug delivery device,57,57,1184,2708,19.12448881363158,88.74691822833333,26.510202656982457
J9145,"Injection, daratumumab, 10 mg",1,1,12,2686,45.870927029,183.0,57.608924051
80158,Cyclosporine level,3,3,758,2685,17.837623474,213.60350649666668,17.837623474
99483,"Assessment of and care planning for impaired thought processing, typically 50 minutes",55,55,2535,2684,195.68323544829093,473.49798852454546,263.2820063245818
95874,Needle measurement of electrical activity in muscle with injection of chemical for paralysis of nerve muscle,40,40,1111,2676,46.5338096049,195.328298429175,59.925513524124995
64415,Injection of anesthetic agent and/or steroid into arm nerve bundle,138,138,2642,2665,49.355363906572464,887.187158126087,62.245497799746374
84432,Thyroglobulin (thyroid related hormone) level,8,8,1718,2665,15.792360016125,72.68245361675,15.792360016125
17111,"Destruction of skin growth, 15 or more growths",65,65,1916,2661,89.57074359107692,273.70098338723074,124.18218823186153
76706,Ultrasound scan of abdominal aorta,120,120,2618,2656,52.33676627045,185.51371824580002,52.33676627045
A9581,"Injection, gadoxetate disodium, 1 ml",3,3,243,2655,11.603714371333332,35.73177723166666,14.526393067666666
10005,"Fine needle aspiration biopsy using ultrasound guidance, first growth",90,90,2572,2655,77.01688224722223,429.6937601814444,102.91152085773334
11603,"Removal of cancer skin growth of body, arms, or legs, 2.1-3.0 cm",97,97,2374,2654,113.48201155770103,639.1981152450516,143.84478701338145
90945,Dialysis procedure including 1 evaluation,56,56,936,2653,69.26166446844643,304.926593615,87.20932224944643
00140,Anesthesia for other procedure on eye,87,87,2483,2644,106.24341876772414,1054.300040362414,134.21698494588506
85730,"Coagulation assessment blood test, plasma or whole blood",21,21,2184,2633,5.927608101709524,26.13587806119048,5.927608101709524
11901,"Injection into skin growth, more than 7 growths",19,19,1034,2615,48.399464421052635,134.82364121326316,65.76475356831578
77085,"Dxa bone density measurement of hip, pelvis, spine including spine fracture assessment",45,45,2604,2606,39.05517144349111,166.85395767195556,39.251936400755554
10061,Complicated or multiple drainage of skin abscess,31,31,1644,2600,162.71948915483873,369.20024142322586,218.05126349064517
92082,Exam of visual field with intermediate testing,49,49,2506,2590,31.409141186693876,111.56432297581632,44.63772063414286
87493,"Detection test by nucleic acid for clostridium difficile, amplified probe technique",14,14,1887,2584,36.64864351185714,139.615,36.64864351185714
75574,Ct scan of blood vessels and grafts of heart with contrast,68,68,2496,2578,104.45346355077942,779.4313614730881,135.8095361632353
73718,Mri scan of leg without contrast,113,113,2354,2571,118.17152112734513,1010.3595072106195,155.31424248722124
00104,Anesthesia for electroshock therapy,52,52,1041,2571,63.75034004298077,824.5661704028846,80.6493410841923
G0425,"Telehealth consultation, emergency department or initial inpatient, typically 30 minutes communicating with the patient via telehealth",16,16,1009,2563,74.6897294748125,263.20462419625,98.8467349280625
J7351,"Injection, bimatoprost, intracameral implant, 1 microgram",5,5,168,2551,162.67818202799998,323.967374006,203.915474352
73521,"X-ray of both hips, 2 views",84,84,2443,2544,20.0669764013,100.71649339670239,27.88677895732143
83013,Breath test analysis for helicobacter pylori,6,6,2356,2536,66.43387468966667,221.24335097116668,66.43387468966667
86635,Analysis for antibody to coccidioides (bacteria),1,1,1073,2527,11.335544123,44.436161456,11.335544123
01938,"Anesthesia for injection, drainage or aspiration procedures on spine or spinal cord of lower back accessed through skin using imaging guidance",62,62,2204,2525,71.46624304958064,910.2797205695323,90.25701761512903
87637,"Detection test by multiplex amplified probe technique for severe acute respiratory syndrome coronavirus 2 (sars-cov-2) (covid-19), influenza virus types a and b, and respiratory syncytial virus",29,29,1830,2520,139.95971194310346,311.645234252069,139.95971194310346
11305,"Shaving of skin growth of scalp, neck, hands, feet, or genitals, 0.5 cm or less",34,34,1355,2515,65.54087881829412,169.24924474282352,89.09155808455883
86658,Analysis for antibody to enterovirus (gastrointestinal virus),5,5,417,2489,12.845259057800002,50.6165599952,12.845259057800002
J7040,"Infusion, normal saline solution, sterile (500 ml = 1 unit)",36,36,990,2485,1.029117934911111,19.977930881280557,1.3130051338972222
73200,Ct scan of arm without contrast,104,104,2330,2473,58.36789388177885,452.9611379480096,77.63121148674038
93242,Heart rhythm recording continous external ekg over more than 48 hours up to 7 days,84,84,2372,2443,10.571473194242857,64.20537372428572,14.020379058038097
94200,Test to measure largest amount of air breathed in an out,13,13,2173,2436,11.746705670076922,60.33923076923077,15.421662102023078
92081,Exam of visual field with limited testing,32,32,2147,2433,22.85479982640625,77.3195212530625,31.45424277040625
13101,"Complicated repair of wound of trunk, 2.6-7.5 cm",61,61,2193,2415,266.4570461111475,942.545443477541,340.8396482354098
92588,Placement of ear probe for computerized measurement of repeated sounds with interpretation and report,30,30,2369,2413,25.047348403313332,115.00290645766667,35.01752906623334
37253,"Ultrasound evaluation of blood vessel with review by radiologist, each additional vessel",30,30,1121,2406,120.04507291943334,604.789653274,150.166353368
95992,"Repositioning exercises of head for treatment of dizziness, each day",47,47,1137,2401,32.903348534446806,106.08028526963831,43.62934491459574
19083,"Biopsy of breast and placement of locating device using ultrasound, first growth",107,107,2381,2401,228.32657506155138,1518.3139817731776,293.0895097168224
96368,"Infusion into a vein for therapy, prevention, or diagnosis concurrent with another infusion",31,31,650,2393,16.160547632,77.71858335216129,20.531067281129033
95012,Test to measure the level of nitric oxide gas,33,33,1723,2386,14.770942712181819,45.93958731457576,19.30068483812121
36558,Insertion of tunneled central venous tube for infusion (5 years or older),105,105,2291,2385,246.42357207961905,1766.3577700820952,310.03728875209526
80162,"Digoxin level, total",11,11,1754,2383,13.101089834909091,56.91620685745454,13.101089834909091
73600,"X-ray of ankle, 2 views",72,72,1757,2378,13.426628351059723,62.93263018183333,17.998819064466666
97598,"Removal of tissue from wound, each additional 20.0 sq cm",13,13,220,2357,22.082363471,90.99444950823076,27.965588592307693
Q4158,"Kerecis omega3, per square centimeter",4,4,57,2344,271.56489588224997,426.0004512625,340.21292017999997
12052,"Intermediate repair of wound of face, ears, eyelids, nose, lips, or mouth, 2.6-5.0 cm",56,56,2194,2344,170.02390419517857,627.1891728619643,216.2090940866607
80202,Vancomycin (antibiotic) level,4,4,730,2340,13.3469514875,94.6538651315,13.3469514875
80051,"Blood test panel for electrolytes (sodium potassium, chloride, carbon dioxide)",19,19,1474,2331,6.895541777342106,30.758137790052633,6.895541777342106
80047,"Blood test, basic group of blood chemicals (calcium, ionized)",52,52,2108,2327,13.421570407038462,42.68643051688461,13.421570407038462
74022,X-ray series of abdomen with single x-ray of chest,109,109,2234,2323,13.627570029130275,81.45532324920184,18.57933359455046
11300,"Shaving of skin growth of body, arms, or legs, 0.5 cm or less",52,52,1764,2292,50.40452668538462,191.99328473336539,69.86825085246154
95909,"Nerve conduction, 5-6 studies",77,77,2261,2288,87.5438080976104,354.80967607688314,116.24615732827272
86148,Phospholipid antibody (autoimmune antibody) measurement,2,2,753,2272,15.8859970785,106.11885216,15.8859970785
96411,Administration of additional new drug or substance into vein using push technique,45,45,780,2266,44.40116241342222,235.96330328244443,55.92072055086666
95912,"Nerve conduction, 11-12 studies",63,63,2200,2263,184.97414416492063,732.8653258825397,239.13327256396823
99451,"Telephone or internet assessment with written report by consulting physician, 5 minutes or more",23,23,1039,2255,27.17338771952174,111.47120075065217,35.580869698130435
98926,"Osteopathic manipulative treatment, 3-4 body regions",17,17,609,2248,32.811177963235295,106.25098697194119,45.12474315705882
83605,Lactic acid level,11,11,1674,2238,11.397590264727272,48.107577013636366,11.397590264727272
90870,Therapy using electrical currents,15,15,393,2231,87.51168736193334,465.6482195013333,111.08843299266667
93290,Evaluation of implantable heart and blood vessel monitoring system,39,39,1352,2228,33.50282410241026,88.64019910110257,44.347066127
78431,Nuclear medicine studies of blood flow in heart muscle at rest and with stress with concurrent ct scan,25,25,2219,2227,486.9988611598,1575.4380480680002,613.76775627656
99354,"Extended office or other outpatient service, first hour",26,26,1270,2225,85.62016858865384,187.76561082999999,111.31287059084616
36471,Injection of chemical agent into multiple incompetent veins of leg,23,23,1082,2212,145.0193175336087,612.2868825643478,188.83566613826085
77470,Special radiation treatment,71,71,2069,2199,89.78942584615493,552.7166899519718,112.77668657840844
36561,Insertion of central venous tube with port (5 years or older),102,102,2184,2197,320.82911715215687,2449.234136869804,403.48433310666667
97814,"Acupuncture with electrical stimulation, each additional 15 minutes",5,5,263,2187,33.44975182,74.00941176479999,42.1375827128
29540,Placement of strapping to ankle or foot,43,43,1322,2185,19.629319150534887,66.85505921511628,26.881865589255813
29827,Repair of shoulder rotator cuff using an endoscope,96,96,2148,2174,946.0873261579063,5597.492488942708,1187.9206489985415
82308,Calcitonin (hormone) level,4,4,1118,2170,26.276757122,119.35065384500001,26.276757122
93454,Insertion of tube in coronary artery for diagnosis with review by radiologist,79,79,2129,2168,165.06732882897467,993.7579570500001,208.3632340836709
J7402,"Mometasone furoate sinus implant, (sinuva), 10 micrograms",1,1,11,2161,8.3266173068,11.212392411,10.438616381
Q5104,"Injection, infliximab-abda, biosimilar, (renflexis), 10 mg",1,1,25,2161,39.479361407,190.91597871,49.502174919
01480,"Anesthesia for other procedure on lower leg, ankle, and foot bones",126,126,2113,2157,110.70800918857144,1387.4404853068254,140.71835934816664
46600,Diagnostic exam of anus using an endoscope,51,51,1930,2143,77.862689093,273.183084197451,105.93119622627451
G0124,"Screening cytopathology, cervical or vaginal (any reporting system), collected in preservative fluid, automated thin layer preparation, requiring interpretation by physician",17,17,2125,2140,23.036517675647058,81.705209637,23.036517675647058
23472,"Prosthetic repair of shoulder joint, total shoulder",85,85,2102,2138,733.4557913332941,4265.178864179647,921.2387186765883
17314,"Removal and microscopic exam of growth of trunk, arms, or legs, each additional stage, 1-5 tissue blocks",42,42,1463,2128,318.3176954354762,832.5026643438096,398.5221654545238
83516,"Analysis of substance using immunoassay technique, multiple step method",25,25,1068,2127,11.35259283996,40.33002870888,11.35259283996
J1650,"Injection, enoxaparin sodium, 10 mg",1,1,50,2125,0.6140941176,10.0,0.7841694118
11047,"Removal of bone, each additional 20.0 sq cm or less",6,6,135,2117,84.66307287816666,332.2126364983333,105.92854191033332
J0490,"Injection, belimumab, 10 mg",1,1,15,2116,38.374943289,79.423440454,48.258208885
99344,"New patient home visit, typically 1 hour",49,49,2115,2116,119.86199959363265,303.25392919081634,159.77402565571427
86708,Measurement of hepatitis a antibody,6,6,2075,2114,12.227095274833333,72.91964354083333,12.227095274833333
J0280,"Injection, aminophyllin, up to 250 mg",29,29,2054,2112,6.416747459237931,22.766235965931035,8.063206999396552
G0399,"Home sleep test (hst) with type iii portable monitor, unattended; minimum of 4 channels: 2 respiratory movement/airflow, 1 ecg/heart rate and 1 oxygen saturation",41,41,1954,2112,51.500858909390246,376.0779868760976,68.46442353765853
97810,"Acupuncture, initial 15 minutes",7,7,292,2095,31.532276136,155.43571428571428,40.025206528285715
72072,"X-ray of middle spine, 3 views",107,107,2074,2094,11.698750827005608,74.16144157205608,16.366058914697195
73565,X-ray of both knees while standing,37,37,1996,2093,23.325816354662162,86.18401582362162,31.125391672732434
95806,"Sleep study including heart rate, breathing, airflow, and effort",51,51,2014,2085,41.352998334666665,264.1739809200981,55.99489521986274
82785,Ige (immune system protein) level,7,7,1946,2077,16.14031431285714,74.31566886114285,16.14031431285714
Q4253,"Zenith amniotic membrane, per square centimeter",1,1,14,2069,678.88742388,868.44369261,851.68042533
93990,Ultrasound of hemodialysis access,50,50,1410,2061,52.59773181528001,240.45422808274,68.5579532209
J1020,"Injection, methylprednisolone acetate, 20 mg",41,41,1102,2060,2.2545567943804876,12.239835453882925,3.0893050341219515
92978,"Ultrasound evaluation of heart blood vessel or graft with review by radiologist, initial vessel",62,62,1897,2054,77.62891775661289,404.10315448483874,97.03287222977418
A9587,"Gallium ga-68, dotatate, diagnostic, 0.1 millicurie",2,2,31,2052,49.136863264,207.81088235500002,61.565442732499996
45384,Removal of polyps or growths of large bowel using a flexible endoscope with electrical cautery,41,41,2033,2050,198.89225745173172,1577.27998262,253.5193855946585
73650,"X-ray of heel, minimum of 2 views",25,25,1211,2048,17.990375878360002,65.47363926488,25.735974668396
82435,Blood chloride level,7,7,1545,2046,4.396413295057143,13.226213076357142,4.396413295057143
92242,Exam of retinal blood vessels and blood vessels between the white part of eye and retina using a special camera after injection of a dye,11,11,1540,2037,185.49415070790909,645.3372682045455,240.81652476263636
14060,"Repair of wound of eyelids, nose, ears, or lips by transferring skin, 10.0 sq cm or less",63,63,1933,2035,578.9019879390476,1941.031863501111,732.5675687353968
J2353,"Injection, octreotide, depot form for intramuscular injection, 1 mg",2,2,26,2020,163.06062097,473.78,204.84940969000002
11044,"Removal of bone, 20.0 sq cm or less",26,26,662,2016,210.65946453730768,689.1663914407692,264.6418490853846
51728,Complex measurement of pressure of urine flow in bladder with voiding pressure studies,48,48,1964,2014,245.019167656,864.3743777860417,314.47916621191666
11306,"Shaving of skin growth of scalp, neck, hands, feet, or genitals, 0.6-1.0 cm",31,31,1228,2014,76.70315902790324,246.31539673935484,105.50218280787097
52442,"Insertion of implant in urethra within prostate gland using an endoscope, each additional implant",22,22,483,2010,234.1639514510909,2119.549144386364,293.0871308813182
93892,Ultrasound of within the brain blood flow for blood clots,15,15,1926,2010,131.3783693544,500.6968662886667,165.0479233696
Q4121,"Theraskin, per square centimeter",1,1,29,2002,35.84027972,72.318311688,44.880304695
87517,"Detection test by nucleic acid for hepatitis b virus, quantification",8,8,1490,2000,42.285400249375,355.82990533,42.285400249375
J0775,"Injection, collagenase, clostridium histolyticum, 0.01 mg",1,1,13,1980,46.215949495,93.98,57.986287879
86060,Measurement for strep antibody (strep throat),5,5,1795,1978,7.187366475580001,48.1546340908,7.187366475580001
00840,Anesthesia for other procedure on lower abdomen,126,126,1967,1976,162.83269669135714,2334.895143670238,205.30467412833335
76604,Ultrasound scan of chest,61,61,1721,1973,22.090686959163936,131.82495924681967,28.502045895442624
92552,Test for hearing various pitches using earphone,42,42,1882,1969,23.444952760095237,65.66801069428571,33.877941578428576
77081,"Dxa bone density measurement of forearm, finger, hand, or foot",45,45,1871,1964,20.113685422133333,96.52375393193333,20.113685422133333
99493,"Follow-up psychiatric collaborative care management, subsequent calendar month, first 60 minutes",8,8,435,1955,110.87107319425,384.88114476125,138.98423395999998
86592,Syphilis detection test,9,9,1831,1955,4.1904300580000005,23.427539803111113,4.1904300580000005
81279,Gene analysis (janus kinase 2) targeted sequence analysis,8,8,1948,1954,182.8204021275,559.037633755,182.8204021275
52310,"Simple removal of foreign body, stone, or stent in urethra or bladder using an endoscope",82,82,1891,1951,221.64253553832927,819.9317527730489,282.33767450865855
29580,"Strapping, unna boot",36,36,694,1947,50.17599630747222,150.01345376791667,64.97476804130555
87624,"Detection test by nucleic acid for human papillomavirus (hpv), high-risk types",6,6,1805,1943,34.59396438666667,115.84397778783334,34.59396438666667
93279,Programming of single lead pacemaker system,64,64,1517,1936,39.552321368140625,135.05053129360937,54.12175789921875
G0182,"Physician supervision of a patient under a medicare-approved hospice (patient not present) requiring complex and multidisciplinary care modalities involving regular physician development and/or revision of care plans, review of subsequent reports of patien",9,9,445,1935,75.45781754811111,156.8019585388889,99.737185705
67820,Removal of eyelashes using forceps,54,54,1248,1934,15.006358037925926,134.96324895499998,20.816204946833334
52356,Crushing of stone of ureter with insertion of stent using an endoscope,90,90,1721,1919,379.6177010101111,2172.9241380375556,480.2046143777778
86255,Screening test for antibody to noninfectious agent,9,9,1260,1919,12.200911533677777,121.84304121566667,14.3333765589
99343,"New patient home visit, typically 45 minutes",38,38,1918,1918,83.61305934626316,265.5911379313158,114.50154657573684
90670,"Pneumococcal vaccine, 13-valent",94,94,1912,1913,245.1651856906383,395.9489579564894,245.1651856906383
93229,Electrocardiogram (ecg) up to 30 days continuous with transmission of patient triggered events with review and report by health care professional,46,46,1878,1913,753.7347426584782,1668.8810752886955,948.7657386373912
J7308,"Aminolevulinic acid hcl for topical administration, 20%, single unit dosage form (354 mg)",52,52,1344,1900,303.7415340557692,721.889854558077,386.0180033194231
80503,"Pathology clinical consultation for clinical problem, 5-20 minutes",13,13,1648,1896,16.938173608615383,85.0926884833077,22.500534721384614
69209,Removal of impacted ear wax by washing,107,107,1771,1893,10.790496506935513,55.352111291598135,16.432467838953272
82465,Cholesterol level,15,15,1442,1888,4.288054246213333,18.48056349204,4.288054246213333
84630,Zinc level,3,3,1604,1885,11.234634201,69.88654677333334,11.234634201
64616,Injection of chemical for paralysis of nerve muscles on side of neck excluding voice box,21,21,645,1881,137.83288426785714,666.9495986266667,180.12358817904763
17282,"Destruction of cancer skin growth of face, ears, eyelids, nose, lips, or mouth, 1.1-2.0 cm",41,41,1452,1879,133.00018497982927,379.3880211058536,174.80856565917074
29826,Shaving of part of shoulder bone and repair of ligament using an endoscope,85,85,1862,1874,106.6251733454706,1938.7344184098824,133.5244005594706
99324,"New patient custodial care facility, group care, or assisted living visit, typically 20 minutes",24,24,1872,1872,39.474328645458336,92.19641072441668,52.95105595279167
92540,Evaluation and testing for balance with recording,45,45,1859,1870,85.11090107228888,275.38316879422223,110.48627971859999
85300,Antithrombin iii antigen (clotting inhibitor) activity,5,5,1737,1866,11.6852011806,136.4591767052,11.6852011806
78580,Nuclear medicine study of lung circulation,52,52,1837,1864,27.595263936557693,176.81372620096153,36.04676627642308
77073,X-ray for bone length assessment,43,43,1775,1856,24.770623206220932,122.32276987990697,33.903308656465114
J3480,"Injection, potassium chloride, per 2 meq",4,4,95,1850,0.12498243742500001,7.6573214285,0.155920208
67904,Repair of tendon of upper eyelid,43,43,1447,1850,581.2150814267442,3602.412794072093,736.6364722934884
83718,Hdl cholesterol level,6,6,1196,1848,8.057187055566667,46.166666666666664,8.057187055566667
99407,"Smoking and tobacco use intensive counseling, more than 10 minutes",29,29,876,1846,27.292261522620688,59.0336031812069,27.292261522620688
G0260,"Injection procedure for sacroiliac joint; provision of anesthetic, steroid and/or other therapeutic agent, with or without arthrography",27,27,1018,1844,214.84653827148148,3417.4726301522223,274.2746989359259
99318,"Nursing facility annual assessment, typically 30 minutes",54,54,1837,1840,62.747723893111115,191.94590325261112,86.21572908553705
95913,"Nerve conduction, 13 or more studies",39,39,1779,1839,218.33061240589743,953.3831212628205,279.43997132
81321,"Gene analysis (phosphatase and tensin homolog), full sequence analysis",2,2,1832,1832,590.8552056000001,622.592592595,590.8552056000001
86618,Analysis for antibody borrelia burgdorferi (lyme disease bacteria),11,11,1635,1832,16.807390405727272,46.000578790545454,16.807390405727272
86359,"T cells count, total",3,3,1157,1831,37.16860608033333,115.12798074333334,37.16860608033333
37252,"Ultrasound evaluation of blood vessel with review by radiologist, initial vessel",39,39,1379,1826,594.3757006973333,2697.1511683205126,743.8279970889231
31579,Exam to assess movement of vocal cord flaps using an endoscope,29,29,1473,1823,148.04311679427585,559.4656268906897,192.31063366068966
J2920,"Injection, methylprednisolone sodium succinate, up to 40 mg",24,24,752,1821,3.1676013325958334,12.655205176783333,4.1255820641291665
91306,Sarscov2 vac 50mcg/0.25ml im,30,30,1802,1816,0.01,0.6438095238100001,0.01
72156,Mri scan of upper spinal canal before and after contrast,91,91,1773,1812,119.70249929415385,1140.6325166316483,154.22360371092307
33533,"Coronary artery bypass using artery graft, 1 graft",78,78,1798,1801,866.3603762366666,5324.691976526026,1083.7189539473077
82436,Urine chloride level,1,1,1620,1801,5.6745863409,45.860694059,5.6745863409
73503,"X-ray of hip, minimum of 4 views",21,21,1349,1796,30.633029100114282,133.0932650337143,42.45826194157143
82232,Beta-2 microglobulin (protein) level,14,14,1109,1794,15.967188262857144,98.12392484114285,15.967188262857144
88271,Dna testing for genetic defects,3,3,319,1791,21.156713357666664,105.66893939333333,21.156713357666664
75635,Ct scan of abdominal aorta and both leg arteries with contrast,77,77,1729,1791,104.32828550528572,631.3006221624676,135.4691135796104
Q9968,"Injection, non-radioactive, non-contrast, visualization adjunct (e.g., methylene blue, isosulfan blue), 1 mg",4,4,89,1769,6.0954651465500005,62.1851332215,7.640499516575
93225,Electrocardiogram (ecg) 2-day continuous,51,51,1720,1765,13.266032456986276,104.14009016452941,18.04783765157647
31624,Irrigation and suction of lung airways to obtain cells using an endoscope,69,69,1547,1750,48.8244307319826,666.8342415743479,61.77268549435072
15003,"Preparation of skin graft site of trunk, arms, or legs, each additional 100.0 sq cm or 1% body area for infants and children, or less",2,2,140,1749,35.221246459,522.0,44.070992355499996
95921,Testing of autonomic nervous system function and heart rate response to deep breathing,23,23,1646,1738,68.18612771378261,247.98404128521742,89.76113677569565
A9595,"Piflufolastat f-18, diagnostic, 1 millicurie",7,7,225,1730,976.3994657685714,2253.308775232857,1223.9520407714285
76000,"Imaging guidance for procedure, 60 minutes or less",45,45,1322,1726,16.886923149511112,135.73244374764442,21.73075615846667
87522,"Detection test by nucleic acid for hepatitis c virus, quantification",4,4,1499,1724,42.204933999,325.5507922525,42.204933999
72082,"X-ray of entire middle and lower spine, 2-3 views",44,44,1409,1718,29.311209385943183,139.61166165429543,40.10555480427273
15271,"Application of skin substitute graft to wound of trunk, arms, or legs, 25.0 sq cm or less of wound 100.0 sq cm or less",19,19,463,1718,83.51711956626316,366.3947631263158,105.54947382394737
00103,Anesthesia for procedure on eyelid,64,64,1680,1717,114.87313567654687,1018.8816926753125,145.7034223320625
73523,"X-ray of both hips, minimum of 5 views",78,78,1665,1710,24.973247910071795,146.0759747574359,35.0227336873718
82150,Amylase (enzyme) level,30,30,1400,1708,6.36769262204,30.418107753366666,6.36769262204
94664,Evaluation of use of breathing device,37,37,1567,1705,13.113988502316216,45.537362052675675,17.07727678443243
76870,Ultrasound scan of scrotum,68,68,1556,1700,39.01853619123529,237.9103195094853,54.69225825914706
86341,Islet cell (pancreas) antibody measurement,3,3,1020,1699,23.224247177333336,152.104564891,23.224247177333336
64633,"Destruction of upper or middle spinal facet joint nerves using imaging guidance, single facet joint",57,57,1236,1699,332.2226687033333,2739.964046658772,421.26747161508774
99423,"Online digital evaluation and management service for an established patient for up to 7 days, total time 21 or more minutes",6,6,379,1698,32.774543869,118.96846846833334,47.357885444833336
20551,Injection into tendon at attachment to bone or muscle,31,31,900,1696,38.10240302409677,158.07511730970967,51.69149682983871
33285,Insertion of heart rhythm monitor under skin,49,49,1688,1693,1612.9174577639592,9636.335233062042,2023.7054865577754
75571,Ct scan of heart with evaluation of blood vessel calcium,38,38,1684,1690,45.78869172989474,261.9939891261579,64.27020646339473
82340,Urine calcium level,6,6,1462,1690,5.959194464066667,30.233017754216664,5.959194464066667
78434,Nuclear medicine study of heart muscle blood flow by pet,22,22,1674,1680,58.58155340109091,214.660478342,74.05174116268182
J1335,"Injection, ertapenem sodium, 500 mg",6,6,116,1665,14.910727828166666,75.5102333645,18.678414785833336
72114,"X-ray lower and sacral spine, minimum of 6 views",54,54,1638,1663,31.202667487687037,155.43127643640742,41.68956574729629
75625,Review by radiologist of abdominal aorta image,51,51,1460,1661,70.71361790788235,304.94078298607843,88.58710199162745
20985,Computer-assisted surgery for muscle and bone procedure,50,50,1584,1652,111.17467889746,603.4181893196,139.18884486166
36465,Injection of chemical agent into single incompetent vein of leg using ultrasound guidance,22,22,756,1650,1163.5287988372727,4766.551978477273,1462.9070580227274
95939,Placement of skin electrodes and measurement of central motor stimulation in arms and legs,13,13,1624,1649,95.96007125976924,2151.1940376800003,120.96264043384615
92065,Eye training exercises,2,2,118,1644,44.5928566915,92.53932968550001,56.590329331999996
15275,"Application of skin substitute graft to wound of face, scalp, eyelids, mouth, neck, ears, around eyes, genitals, hands, feet, fingers, or toes, 25.0 sq cm or less of wound 100.0 sq cm or less",24,24,498,1644,98.36253086891666,407.93656215874995,124.21817207158334
G0250,"Physician review, interpretation, and patient management of home inr testing for patient with either mechanical heart valve(s), chronic atrial fibrillation, or venous thromboembolism who meets medicare coverage criteria; testing not occurring more frequent",17,17,430,1641,5.419175514452941,24.823529411764707,7.916689682347059
96158,"Treatment of behavior impacting health, initial 30 minutes",3,3,128,1638,43.608673374333335,226.8223972003333,58.13667804033333
81209,"Gene analysis (bloom syndrome, recq helicase-like)",2,2,1624,1624,38.9397969115,39.541236559,38.9397969115
66991,Extracapsular removal of cataract with insertion of artificial lens and insertion of drainage device in front chamber of eye,37,37,990,1613,1133.4415516093784,3754.0464378328106,1424.0631783577567
87661,"Detection test by nucleic acid for trichomonas vaginalis (genital parasite), amplified probe technique",15,15,1272,1607,34.504770759466666,83.96543876259999,34.504770759466666
95930,Measurement of nerve conduction using visual stimulation testing with report,18,18,1498,1597,51.1362973505,207.11537363122224,66.93204402033332
93272,"Electrocardiogram (ecg) up to 30 days continuous with symptom monitoring, transmission and review and report by health care professional",60,60,1555,1597,18.312442843966668,99.71170787084999,24.17876946
71100,"X-ray of ribs on side of body, 2 views",66,66,1432,1594,15.30197534449091,76.73221985031819,21.758338398757576
93282,Programming of single lead implantable defibrillator system,54,54,1163,1587,48.37281969009259,180.1527803524074,67.74707649503704
22612,Fusion of spine in lower back,71,71,1553,1581,963.7963040164788,6089.963800507324,1207.916820241831
36475,Destruction of first incompetent vein of arm or leg using radiofrequency and imaging guidance,23,23,868,1574,805.0291975747826,4237.320764473913,1017.9763624573914
76098,X-ray of surgical specimen,64,64,1440,1573,12.270224022035938,48.644122070109375,15.6156425053125
88104,"Cell examination of body fluid, smears",17,17,1273,1567,27.419137708588238,119.86499803970588,36.076225722882356
J9181,"Injection, etoposide, 10 mg",3,3,46,1565,0.6201884532333333,19.313333333333333,0.7868483465666666
J0179,"Injection, brolucizumab-dbll, 1 mg",4,4,119,1562,245.9264549125,534.624125875,309.11093182499997
99325,"New patient custodial care facility, group care, or assisted living visit, typically 30 minutes",39,39,1561,1561,56.15770015894872,141.33543326623078,76.93840555271795
99327,"New patient custodial care facility, group care, or assisted living visit, typically 1 hour",54,54,1555,1555,121.36556864933334,316.27279343092596,164.33160925814815
92132,Imaging of front third of eye,16,16,1225,1552,23.919049282375,95.7767857143125,32.040492093875
00560,Anesthesia for procedure on heart and large blood vessels,73,73,1542,1549,343.83055470780823,3763.9819488041094,431.7900424505479
87040,Bacterial blood culture,7,7,843,1546,9.889473252642857,61.98080749157143,9.889473252642857
45381,Injection beneath lining of large bowel using a flexible endoscope,54,54,1495,1542,107.44890093437037,1529.6542177805557,135.0117033317222
91313,Coronavirus vaccine 14,31,31,1540,1541,0.01,6.269855954006452,0.01
00400,"Anesthesia for other procedure on skin of arms, legs, and front body",100,100,1506,1538,78.65054788450999,1084.2322762927,100.33285662622
72157,Mri scan of middle spinal canal before and after contrast,71,72,1469,1532,118.4370336031111,1036.8761244579166,151.04260290641665
36591,Collection of blood sample from implanted device,25,25,713,1531,20.469436028,81.2920036766,27.30784342544
14040,"Repair of wound of forehead, cheeks, chin, mouth, neck, underarms, genitals, hands, or feet by transferring skin, 10.0 sq cm or less",29,29,1411,1527,563.2061441734483,2493.5724485068968,714.1936690413794
J7327,"Hyaluronan or derivative, monovisc, for intra-articular injection, per dose",39,39,961,1525,596.9261618197436,2108.911398933333,752.8397562128206
85303,Protein c antigen (clotting inhibitor) measurement,2,2,1494,1524,13.668898268,219.266886065,13.668898268
33340,Repair of left upper heart chamber with implant with review by radiologist,45,45,1520,1523,583.5727114068889,2295.1281074355556,733.0250341506667
99498,"Advance care planning, each additional 30 minutes",30,30,1276,1522,52.8957765382,186.9529569711,66.53173296536667
J1454,"Injection, fosnetupitant 235 mg and palonosetron 0.25 mg",19,19,501,1520,365.94202999473686,1485.764659268421,458.9825375821053
11311,"Shaving of skin growth of face, ears, eyelids, nose, lips, or mouth, 0.6-1.0 cm",35,35,1242,1520,85.81046426028571,248.241103016,117.5700786047143
12042,"Intermediate repair of wound of neck, hands, feet, or genitals, 2.6-7.5 cm",58,58,1455,1517,172.80542113791378,600.8576798889654,221.42780502172414
94003,Follow-up inpatient or observation ventilation assistance and management,2,2,119,1514,53.339273954999996,193.5,67.070623765
A0430,"Ambulance service, conventional air services, transport, one way (fixed wing)",5,5,1465,1510,3521.2678972000003,24122.3353798,4418.1458266
51705,Simple change of bladder tube,31,31,551,1508,63.86511111480645,312.1857282140645,87.18830351570968
75774,Review by radiologist of additional artery image,21,21,461,1506,43.018537816,205.68419255999999,53.81931667047619
97542,"Evaluation for wheelchair, each 15 minutes",9,9,479,1504,19.392502612555557,61.281726065777775,25.73266443777778
93350,"Ultrasound of heart during rest, exercise and/or drug-induced stress with report",61,61,1500,1504,55.69474484004918,378.67521553016394,75.14749972524591
84431,Urine analysis for thromboxane (lipid),1,1,1090,1501,34.68188541,102.80770153,34.68188541
01940,Anesthesia for nerve destruction procedures on spine or spinal cord of lower back accessed through skin using imaging guidance,39,39,1359,1500,81.79573379112821,1118.1460745523077,102.7027786158718
33508,Harvest of vein using an endoscope,63,63,1495,1495,8.71471732615873,151.07843006509523,10.910297660204762
J1580,"Injection, garamycin, gentamicin, up to 80 mg",27,27,947,1494,1.4837447527666667,8.819150499707407,1.8977552301333334
G0498,"Chemotherapy administration, intravenous infusion technique; initiation of infusion in the office/clinic setting using office/clinic pump/supplies, with continuation of the infusion in the community setting (e.g., home, domiciliary, rest home or assisted l",26,26,518,1487,154.9841258873077,751.57675254,196.75776421153844
11642,"Removal of cancer skin growth of face, ears, eyelids, nose, lips, or mouth, 1.1-2.0 cm",46,46,1321,1485,120.30559953889131,532.609691148913,153.4702444552826
98927,"Osteopathic manipulative treatment, 5-6 body regions",17,17,461,1480,44.38439304729412,150.0150268090588,58.87717264011764
80197,Tacrolimus level,6,6,505,1480,12.999567057833334,110.86027290499999,12.999567057833334
81513,Measurement of rna of bacteria in vaginal fluid specimen,4,4,1294,1479,129.067870754,251.8918814425,129.067870754
94640,Inhalation treatment for airway obstruction or sputum production,56,56,1274,1475,7.400470833148214,51.08898616,10.23647596836607
Q9957,"Injection, perflutren lipid microspheres, per ml",30,30,804,1473,35.74857698033334,183.65620565026666,45.2128505852
62370,Electronic analysis reprogramming and refill of spinal canal drug infusion pump by physician,27,27,575,1472,57.83206928188889,375.1671563251852,78.23517993874074
92145,Measurement of corneal pressure,9,9,1220,1460,8.3062848607,33.060182036444445,11.547578564533334
J7613,"Albuterol, inhalation solution, fda-approved final product, non-compounded, administered through dme, unit dose, 1 mg",21,21,714,1457,0.03145748378571429,5.163714226228572,0.04392238116666667
82247,"Bilirubin level, total",16,16,1070,1452,4.89929920435625,14.5170350170375,4.89929920435625
97610,Therapy procedure using ultrasound,4,4,141,1446,358.37514352,901.293044175,460.48347854
95861,"Needle measurement of electrical activity in arm or leg muscles, 2 extremities",13,13,1426,1445,78.00689492707693,557.7522487161539,98.04231231469231
88141,Pap test,21,21,1395,1445,16.528554798761906,87.08966727433332,23.261697894571427
Q4248,"Dermacyte amniotic membrane allograft, per square centimeter",1,1,19,1443,757.41926542,965.14206514,950.44767845
88365,"Genetic sequencing localization, initial procedure",36,36,1251,1440,45.56776873333334,250.82207796277777,57.174600488500005
93281,Programming of multiple lead pacemaker system,43,43,1035,1437,51.889834179511624,203.09109956651162,70.36904188858139
84446,Vitamin e level,5,5,1405,1437,13.9935807666,115.9960862058,13.9935807666
74220,Single contrast x-ray of esophagus,65,65,1387,1427,30.029209987661538,132.80939502921538,39.74359069815385
51729,Complex measurement of pressure of urine flow in bladder with urethra pressure and voiding pressure studies,43,43,1416,1426,285.2236357013488,868.6937217409303,367.50784605581396
91300,"Severe acute respiratory syndrome coronavirus 2 (covid-19) vaccine, mrna-lnp, spike protein, preservative free, 30 mcg/0.3ml dosage, diluent reconstituted, for intramuscular use",29,29,1375,1425,0.009999999999999998,11.243091954034483,0.009999999999999998
77092,Interpretation of trabecular bone score (tbs) and report on fracture risk,3,3,1424,1424,7.096162066000001,44.42928647433333,10.119784501333333
93460,Insertion of tube in right and left heart chambers and coronary artery for diagnosis with review by radiologist,70,70,1419,1422,289.6740856677143,1670.287626038143,366.99386747342857
93890,Ultrasound of within the brain blood flow following medication,13,13,1404,1421,193.65374459430768,498.3923240592308,242.95975337099998
80175,Lamotrigine level,6,6,991,1418,13.086970643333332,81.458018576,13.086970643333332
J1245,"Injection, dipyridamole, per 10 mg",5,5,341,1416,2.75551434402,21.9159574468,3.5630560869999996
22842,"Placement of stabilizing device to back, 3-6 spine bone segments",76,76,1389,1410,413.9741467231184,3039.67057821,517.8557711545
93017,Exercise or drug-induced heart stress test with electrocardiogram (ecg),26,26,1392,1408,21.584016431653847,156.428596145,27.880479272000002
93656,Comprehensive electrophysiologic evaluation with catheter destruction of abnormality causing atrial fibrillation (uncoordinated contraction of upper chambers of heart) by pulmonary vein isolation,51,51,1376,1402,907.787986925098,3759.3621487411765,1139.3646210243137
64640,Destruction of peripheral nerve or branch,16,16,368,1400,116.4450881466875,925.549530886875,148.7939271255625
85598,Phospholipid test,3,3,1277,1396,17.706052444666668,129.27705912,17.706052444666668
36589,Removal of tunneled central venous tube,61,61,1365,1394,108.58240275367214,607.8191998801639,140.82121060311474
82105,"Alpha-fetoprotein (afp) level, serum",6,6,1060,1383,16.490679279666665,81.24355339116667,16.490679279666665
82955,G6pd (enzyme) level,4,4,1316,1378,9.739449280999999,97.14849081375,9.739449280999999
52287,Exam with injections of chemical for destruction of bladder using an endoscope,43,43,1032,1377,272.1564688516279,1223.0302218339534,348.3677392967442
38525,Biopsy or removal of deep lymph nodes of underarm,54,54,1366,1371,248.1631928225926,1978.7880015253704,310.8702161059259
19301,Partial removal of breast,59,59,1282,1371,498.7491142372542,2018.2873864069493,627.5019718415085
72020,"X-ray of spine, 1 view",37,37,1209,1369,7.113756360032432,45.98925492037838,9.466728977656755
A9505,"Thallium tl-201 thallous chloride, diagnostic, per millicurie",6,6,402,1369,49.17846246833333,313.016856395,63.0584451185
88121,"Cell examination of urine, computer-assisted",4,4,1244,1367,272.53529297800003,1389.1879536925,341.8309703855
17281,"Destruction of cancer skin growth of face, ears, eyelids, nose, lips, or mouth, 0.6-1.0 cm",37,37,1139,1367,124.66125305654055,378.4246999991892,165.31326625405407
37229,"Removal of plaque in artery of leg, initial vessel",18,18,977,1363,5829.947940439444,23341.38780552778,7313.887007375555
93655,Insertion of catheters and destruction of tissue to treat abnormal heart rhythm,39,39,1113,1355,249.5222889694872,1343.365186862564,312.09337193692306
86481,"Tuberculosis test, enumeration of t-cells",9,9,1318,1355,95.3203733428889,206.58310376444445,95.3203733428889
86671,Analysis for antibody to fungus,3,3,656,1354,12.056474024000002,142.89898670333332,12.056474024000002
00537,Anesthesia for procedure to assess heart electrical activity,77,77,1342,1352,251.10912126250648,3150.1116084524674,315.649250057987
38900,Imaging of lymph nodes during surgery,59,59,1347,1350,117.69296856276272,530.1347939974576,147.19657835257627
31237,Biopsy or removal of nasal polyp or tissue using an endoscope,30,30,720,1344,262.54545558633333,1235.2604121233335,335.14885135366666
74181,Mri scan of abdomen without contrast,71,71,1269,1339,64.97826836084506,457.96283050577466,83.79578236322536
99328,"New patient custodial care facility, group care, or assisted living visit, typically 75 minutes",47,47,1335,1335,143.72088620085106,360.4859560661702,195.5358111712766
92556,Test for ability to detect and repeat spoken words with speech recognition,30,30,1297,1320,27.5201094983,80.81644677976666,39.4094219022
84252,Vitamin b-2 (riboflavin) level,4,4,1132,1318,19.99744861625,135.14838445325,19.99744861625
87427,Detection test by immunoassay technique for shiga-like toxin (bacterial toxin),4,4,1268,1308,11.73062949725,49.064318181750004,11.73062949725
99195,Drawing of blood for a medical problem,32,32,571,1306,71.90997928415625,258.496458895,100.528538764875
36248,"Insertion of tube into abdominal, pelvic, or leg artery, additional second, third, and beyond",9,9,454,1298,62.411491283888886,432.6322341977778,78.05227184933334
G2012,"Brief communication technology-based service, e.g. virtual check-in, by a physician or other qualified health care professional who can report evaluation and management services, provided to an established patient, not originating from a related e/m servic",35,35,1067,1292,9.041876983888573,45.933944265,13.778995425714287
82140,Ammonia level,7,7,779,1289,14.371788765571429,49.808878680285716,14.371788765571429
36478,Laser destruction of incompetent vein of arm or leg using imaging guidance,19,19,597,1288,767.081317361579,4765.473284473684,966.0775248673683
C2639,"Brachytherapy source, non-stranded, iodine-125, per source",1,1,17,1285,27.638132296,87.0,34.602132296
76776,Ultrasound scan of transplanted kidney,40,40,1127,1285,28.868314018525002,166.323288070725,37.586120372325
77417,X-ray during radiation therapy,23,23,626,1282,10.092783576208696,92.75152885686957,12.676361921956522
00145,Anesthesia for retinal surgery,57,57,1248,1281,122.4520146785965,1274.9268460961403,155.37987597326318
27245,Treatment of broken neck of thigh bone with bone implant,71,71,1271,1280,815.0924875630986,4003.371133044507,1026.98028579
88361,"Microscopic genetic analysis of tumor, using computer-assisted technology",18,18,391,1277,34.66565585655556,208.62096346777778,43.93427044972222
Q5120,"Injection, pegfilgrastim-bmez, biosimilar, (ziextenzo), 0.5 mg",3,3,58,1272,143.85622056333332,583.03030303,181.09073669666668
87184,"Evaluation of antimicrobial drug (antibiotic, antifungal, antiviral)",10,10,1011,1268,7.365443785479999,28.5283008876,7.365443785479999
92587,Placement of ear probe for computerized measurement of sound with interpretation and report,18,18,1207,1266,16.031230892444444,119.99269585477776,22.424224701
86316,Analysis for detection of tumor marker,5,5,1036,1264,20.4899558626,64.000081463,20.4899558626
65210,Removal of foreign body from external eye (conjunctiva or sclera),2,2,563,1260,28.8697481275,300.0,40.1264921425
70543,"Mri scan of bone of eye socket, face, and/or neck before and after contrast",54,54,1163,1258,144.42684784966667,1137.625657883148,188.22683345681483
88175,"Pap test, automated thin layer preparation; automated system and manual rescreening",8,8,1221,1253,25.983944657,118.39835443,25.983944657
36573,"Insertion of tube for infusion with imaging guidance and review by radiologist, patient 5 years or older",45,45,1194,1249,66.0116632376,564.2782896168889,84.4038800879111
88187,"Flow cytometry technique for dna or cell analysis, 2 to 8 markers",21,21,1102,1247,27.469592331619044,287.10648329652383,35.00651275019048
99218,"Initial hospital observation care per day, typically 30 minutes",43,43,1226,1243,77.49108484693024,352.7708961623256,97.1396000498372
80185,"Phenytoin level, total",6,6,660,1243,13.065290247666667,58.69957802366667,13.065290247666667
88188,"Flow cytometry technique for dna or cell analysis, 9 to 15 markers",29,29,1107,1243,49.39409255803449,425.0094419862069,63.21157142258621
77373,Cranial lesion surgery using radiation over multiple sessions,13,13,357,1240,781.3993146815385,5834.353413192308,981.1820486061539
Q9962,"High osmolar contrast material, 300-349 mg/ml iodine concentration, per ml",1,1,15,1240,0.1771532258,1.0,0.2220241935
20526,Injection of carpal tunnel,44,44,952,1235,67.830847581,265.3291654109091,90.20503900786365
91200,Measurement of liver stiffness,43,43,1211,1233,16.227731260402326,109.47799340576745,22.093842741634884
95027,Test for allergy using airborne allergenic extract injected into skin,2,2,27,1232,3.68730895955,13.5,5.42693887095
95908,"Nerve conduction, 3-4 studies",40,40,1221,1231,74.828680307675,393.31101518875,98.81418201965
80177,Levetiracetam level,6,6,863,1230,12.892830509833333,68.62183710466667,12.892830509833333
M0220,"Injection, tixagevimab and cilgavimab, for the pre-exposure prophylaxis only, for certain adults and pediatric individuals (12 years of age and older weighing at least 40kg) with no known sars-cov-2 exposure, who either have moderate to severely compromise",31,31,929,1226,142.80959031354837,401.4632835335484,142.80959031354837
A2001,"Innovamatrix ac, per square centimeter",2,2,25,1224,1517.3509234800001,3483.51450345,1900.0481650000002
88333,"Pathology cytologic examination of specimen during surgery, initial site",42,42,1093,1222,49.60090046607144,235.57035736833336,62.56342909307143
72195,Mri scan of pelvis without contrast,54,54,1176,1221,122.03952651979631,935.8517484944445,157.90815844283333
J9000,"Injection, doxorubicin hydrochloride, 10 mg",6,6,76,1219,2.31591672985,17.643617021333334,2.900667733766667
85390,Coagulation function screening test with interpretation and report,8,8,594,1217,27.982429281374998,100.179856374125,35.8792516585
77332,Design and construction of simple radiation treatment device,39,39,943,1216,22.422363171615384,152.9023320623077,28.18456580130769
82642,Measurement of dihydrotestosterone,4,4,871,1214,28.8995373215,149.83082370425,28.8995373215
96377,Application of on-body injector for under skin injection,25,25,494,1201,14.819347425399998,77.04922062416,18.68025341104
86617,Confirmation test for antibody to borrelia burgdorferi (lyme disease bacteria),5,5,699,1201,15.1439006162,73.0477116296,15.1439006162
15260,"Full thickness skin graft to nose, ears, eyelids, or lips, 20.0 sq cm or less",42,42,1156,1187,750.2398306038095,2975.6776833476188,944.0177369866667
73020,"X-ray of shoulder, 1 view",51,51,1067,1183,8.65391318467647,55.0528012640196,11.354304979972548
99091,"Collection and interpretation of physical parameters stored in computers and/or transmitted by the patient and/or caregiver to qualified health care professional, requiring 30 minutes or more, per 30 days",10,10,284,1183,41.8986371389,164.165079498,54.987418851300006
47562,Removal of gallbladder using an endoscope,68,68,1182,1182,477.40189128357355,3341.8957322491174,601.2975842131029
85044,"Red blood count, manual test",10,10,882,1182,4.26204124622,17.162,4.26204124622
84255,Selenium (vitamin) level,3,3,915,1180,25.21550435366667,179.30300551666664,25.21550435366667
A9503,"Technetium tc-99m medronate, diagnostic, per study dose, up to 30 millicuries",21,21,1139,1177,22.78733422690476,101.2171585017619,28.956387070904764
86787,Analysis for antibody to varicella-zoster virus (chicken pox),8,8,930,1174,12.70523060225,95.912757564625,12.70523060225
82272,"Stool analysis for blood, by peroxidase activity",13,13,950,1174,4.18217092316923,16.40535468169231,4.18217092316923
93571,"Ultrasound evaluation of heart blood vessel during diagnosis or treatment, initial vessel",60,60,1158,1172,52.38665185805,297.5348420768833,65.64699241324999
29848,Release of wrist ligament using an endoscope,32,32,1024,1167,379.699054029375,2994.3968453934376,480.730604315
70547,Mri scan of blood vessels of neck without contrast,43,43,1126,1166,71.60702434844187,704.4444819481395,91.53131937816279
82374,Carbon dioxide (bicarbonate) level,4,4,1042,1164,3.5078518479,6.21084332455,3.5078518479
65820,Incision to improve eye fluid flow,25,25,769,1153,934.7880664288,3655.5940100072,1174.97654265
17272,"Destruction of cancer skin growth of scalp, neck, hands, feet, or genitals, 1.1-2.0 cm",40,40,982,1145,133.037765467225,351.038643607,175.43579733450002
92537,Test to assess balance during warm and cool irrigation in both ears,33,33,1140,1145,29.925227055645454,125.63449582854545,38.59226785987273
Q5108,"Injection, pegfilgrastim-jmdb, biosimilar, (fulphila), 0.5 mg",2,2,41,1140,130.6506981,586.772171055,163.72436038
0011A,"Intramuscular administration of single severe acute respiratory syndrome coronavirus 2 (covid-19) vaccine, mrna-lnp, spike protein, preservative free, 100 mcg/0.5ml dosage; first dose",27,27,1111,1128,38.545191350555555,50.14276727781481,38.545191350555555
92284,Evaluation of eye adaptation to light and dark,24,24,1004,1121,38.503970754375,84.54166666666667,54.742888416125
74170,Ct scan of abdomen before and after contrast,62,63,1064,1118,100.17638520355555,626.9414044573016,133.8768598396508
85055,Reticulated (young) platelet measurement,12,12,411,1112,35.22944999808333,142.66666666666666,35.22944999808333
85046,"Red blood count automated, with additional calculations",18,18,925,1112,5.4955228129444444,27.147130325833334,5.4955228129444444
36901,Insertion of needle and/or tube into hemodialysis circuit with review by radiologist,23,23,933,1110,306.32733896130435,1121.0977160569566,392.5167196930435
93657,Destruction of tissue of upper heart chamber through tube to treat abnormal heart rhythm,32,32,811,1107,257.53516381625,1326.9131509946876,322.1007869178125
82610,Cystatin c (enzyme inhibitor) level,6,6,879,1106,18.238068788833335,88.75607806766668,18.238068788833335
64625,Destruction of nerves supplying joint between spine and pelvis using imaging guidance,17,17,515,1103,421.6885480394117,1871.478307174706,533.2207495823529
95870,"Needle measurement of electrical activity in arm, leg, trunk or head muscles, limited study",7,7,563,1088,15.771494023285713,1165.8014980714286,19.78568428085714
78816,Nuclear medicine study whole body with ct scan,44,44,990,1087,533.6856188929546,2439.2069481815906,672.0941163913636
00530,Anesthesia for insertion of permanent heart pacemaker,56,56,1084,1086,116.33626319257142,1597.3806167882142,148.07199498591072
78803,"Nuclear medicine study, 1 area with spect",31,31,1028,1085,110.5944431307742,497.27206974322576,140.48707666370967
96574,Application of light with debridement to destroy precancer skin growth,27,27,836,1084,199.67295398666667,554.6820066774075,272.8846967977778
77077,"X-ray of joints, multiple",22,22,1014,1083,23.237278569945456,133.98685796945455,31.587991502272725
G2074,"Medication assisted treatment, weekly bundle not including the drug, including substance use counseling, individual and group therapy, and toxicology testing if performed (provision of the services by a medicare-enrolled opioid treatment program)",4,4,96,1080,167.44953132,171.219675925,168.5821894625
64479,"Injection of anesthetic and/or steroid drug into upper or middle spine nerve root using imaging guidance, single level",27,27,832,1079,212.1743921852963,1501.5794026622223,272.3097312433333
97763,"Follow-up training in the use of orthopedic device or artificial arm, leg and/or trunk, each 15 minutes",13,13,213,1077,38.011084953,106.34285067846153,48.96736201053846
00300,"Anesthesia for other procedure on skin, muscles, or nerves of head, neck, and upper back",68,68,1046,1074,108.08201523027941,1421.266149132353,136.6467652319706
M0201,Covid-19 vaccine administration inside a patient's home; reported only once per individual home per date of service when only covid-19 vaccine administration is performed at the patient's home,18,18,926,1072,34.054211554111106,56.74344217927778,34.054211554111106
84392,Urine sulfate (acid) level,3,3,955,1068,5.422153803566666,26.83719509133333,5.422153803566666
80164,"Valproic acid level, total",12,12,684,1068,13.338844110083334,40.15343183416667,13.338844110083334
73720,Mri scan of leg before and after contrast,46,46,991,1065,120.13350511480435,730.4613991754348,155.72008697134783
31500,Emergent insertion of breathing tube into windpipe using an endoscope,68,68,1038,1064,112.58981214258823,637.2377008638235,141.47501722970588
0240U,"Respiratory infectious agent detection by rna for severe acute respiratory syndrome coronavirus 2 (covid-19), influenza a, and influenza b) in upper respiratory specimen, each reported as detected or not detected",9,9,1035,1063,140.56072221666668,277.7023421377778,140.56072221666668
90937,Hemodialysis procedure requiring repeated evaluation,14,14,526,1063,85.17943163735715,491.84090909071426,107.66525714628571
36482,Chemical destruction of first incompetent vein of arm or leg using imaging guidance,18,18,579,1063,1320.749786807222,6200.707142094445,1660.7677537905556
75572,Ct scan of heart structure with contrast,29,29,1036,1063,98.069201687,567.6908027113793,127.4394223073793
46221,Removal of external hemorrhoids by rubber banding,27,27,530,1056,205.5678650985185,657.0040662577777,267.7948638977778
11402,"Removal of noncancer skin growth of body, arms, or legs, 1.1-2.0 cm",52,52,974,1055,75.66091598478846,337.38146524384615,96.25857424282692
11302,"Shaving of skin growth of body, arms, or legs, 1.1-2.0 cm",36,36,919,1055,92.30369150022221,268.6530241525,125.15924276930556
82672,"Estrogen analysis, total",2,2,916,1055,21.4607136685,130.30430466,21.4607136685
82747,"Folic acid level, rbc",3,3,857,1054,17.290689017333335,72.63192660666667,17.290689017333335
11105,"Punch biopsy, each additional skin growth",37,37,796,1052,43.23274997708108,140.3385464141081,55.80870785354054
74221,Double contrast x-ray of esophagus,50,50,1045,1050,35.430267188900004,176.6680253222,47.3835656957
64405,Injection of anesthetic agent and/or steroid into upper neck and back of head nerve,17,17,384,1050,50.63189818441177,408.0208142,65.32060498588235
88374,"Microscopic genetic analysis of tissue, computer-assisted technology, initial procedure, each multiplex procedure",10,10,315,1042,118.0674197774,451.758368282,147.73808441570003
87400,Detection test by immunoassay technique for influenza virus,19,19,522,1039,13.848066840526315,51.96736842105263,13.848066840526315
90838,"Psychotherapy with evaluation and management visit, 1 hour",10,10,238,1033,86.9039781428,224.613211561,111.8382829727
95800,"Sleep study including heart rate, breathing, and sleep time",26,26,968,1030,80.04686022192308,406.6318440634616,104.4982944933077
93623,Programming of heart rhythm stimulation after drug infusion,25,25,995,1029,85.26499472044001,789.8641332428,106.65507617916
64634,"Destruction of upper or middle spinal facet joint nerves using imaging guidance, each additional facet joint",37,37,666,1029,155.74281579010812,960.7401137862431,195.17848246637837
22633,Fusion of spine in lower back with partial removal of spine bone and disc,47,47,1024,1028,1048.0597103714892,7492.796713797447,1313.9214210731916
87591,"Detection test by nucleic acid for neisseria gonorrhoeae (gonorrhoeae bacteria), amplified probe technique",18,18,942,1026,34.720083673611114,78.70877684411111,34.720083673611114
11200,"Removal of skin tag, 1-15 skin tags",44,44,975,1022,42.342206952431816,194.17266713997725,61.38747196481818
88363,Examination of archival tissue for genetic analysis,30,30,979,1021,15.329065056500001,103.09716071999999,19.608629358966667
91301,"Severe acute respiratory syndrome coronavirus 2 (covid-19) vaccine, mrna-lnp, spike protein, preservative free, 100 mcg/0.5ml dosage, for intramuscular use",18,18,989,1019,0.36177777777777775,15.462424313355557,0.36177777777777775
90901,Biofeedback training,4,4,78,1019,25.13460595225,61.2525,32.261041339
96131,"Evaluation of psychological test, each additional hour",12,12,661,1015,69.230582129,197.6856884058333,89.22760133008335
78582,Nuclear medicine study of lung ventilation and circulation,39,39,1002,1008,39.33493093153846,191.97175207589743,50.797514496205125
95984,"Electronic analysis of implanted brain, spinal cord, or peripheral neurostimulator generator with brain stimulator programming, each additional 15 minutes with qualified health professional",8,8,202,1007,29.366257439,126.18256164900001,38.272347668375005
68841,Insertion of drug delivery implant into tear duct of eye,10,10,631,1006,13.528726461900002,245.79677618710002,16.9858345725
93289,"Evaluation of single, dual, or multiple lead implantable defibrillator system",28,28,702,1005,43.68058287503572,154.88433442692855,60.33230855785714
88323,Surgical pathology consultation and report on referred material requiring preparation of slides,15,15,947,1002,69.22517427620001,326.404880502,88.40682394333334
19081,"Biopsy of breast and placement of locating device using x-ray with needle, first growth",51,51,983,995,208.781816677451,1498.418595675294,267.29155263607845
93451,Insertion of tube in right heart chambers for measurement,44,44,938,994,93.20519618104545,665.7549918381818,118.60945629675001
93264,"Remote monitoring of pulmonary artery pressure sensor, up to 30 days",9,9,283,994,28.052831554,148.896969697,36.576425162444444
75716,Review by radiologist of both arms or legs arteries image,29,29,890,991,99.30449614175862,406.6148551889655,124.36312218751723
11732,"Simple separation of fingernail or toenail from nail bed, each additional nail",13,14,819,990,26.7072246505,97.30258483521428,34.319481875499996
01630,Anesthesia for other procedure on top of arm bone and shoulder joint,54,54,986,990,133.5129490400926,1869.5197047094446,168.46615615453703
93750,Evaluation of lower heart chamber assist device,14,14,274,986,32.165879633928576,202.87081258692857,42.04077666478572
J0894,"Injection, decitabine, 1 mg",1,1,17,985,1.5355126904,5.6595939086,1.9241116751
22840,Placement of stabilizing device to back of 1 spine bone in neck,50,50,978,984,435.97828956767995,4791.6639225664,545.8493079432
43259,"Ultrasound exam of esophagus, stomach, and/or upper small bowel using a flexible endoscope",23,23,930,984,176.43975859173912,1062.5575449030434,225.26325077173914
A0434,Specialty care transport (sct),14,14,903,983,684.2982549285714,3180.1252847428573,860.7077098835715
93503,Insertion of tube in pulmonary artery for monitoring,48,48,979,982,71.62127648870833,1295.8331534114584,89.57949572097915
86765,Analysis for antibody to rubeola (measles virus),2,2,930,981,12.714822539,56.6513209195,12.714822539
96121,"Exam of neurobehavioral status, each additional hour",16,16,781,981,60.0723934959375,219.511676829375,78.0448324105625
J2783,"Injection, rasburicase, 0.5 mg",1,1,14,975,258.55064615,437.47692308,324.31921026
64455,Injection of anesthetic and/or steroid drug into foot nerve,27,27,605,975,37.09675452974074,145.5934870232963,50.315275846703706
66761,"Creation of eye fluid drainage tracts in iris using a laser, per session",31,31,628,972,210.0991412116129,1216.9433672541936,272.14022829032257
63052,Partial removal of bone of single segment of spine in lower back with release of spinal cord and/or nerves during fusion of spine in lower back,42,42,965,971,123.01881790764286,1025.5564965233334,153.91318304869048
83722,Measurement of small dense low density lipoprotein cholesterol,1,1,775,965,33.829564767,68.38,33.829564767
87563,Detection of mycoplasma genitalium by dna or rna probe,10,10,905,963,34.5032052875,70.7176750248,34.5032052875
67210,Destruction of growth of retina using a laser,18,18,540,961,395.3192206705555,1314.3226907833332,505.12366131
97760,"Training in the use of orthopedic device for arm, leg and/or trunk, each 15 minutes",27,27,699,956,33.17060974155556,118.87104663914815,44.356006729407405
66174,Dilation to improve eye fluid flow,30,30,647,953,782.1923235453334,4137.562067253333,980.7100977690001
92546,Test for abnormal eye movement using a rotating chair,15,15,938,952,104.5305540234,257.4057445386667,134.6056884426667
83655,Lead level,3,3,780,952,11.943072807333332,66.46527968133334,11.943072807333332
43264,Removal of stone or debris from bile or pancreatic duct using a flexible endoscope,39,39,807,950,121.76274473128204,1697.5132610661537,154.42694469076923
82085,Aldolase (enzyme) level,3,3,840,949,9.588848860333334,68.93055114633333,9.588848860333334
88291,Interpretation and report of genetic testing,7,7,823,946,25.276242974571428,120.38528571428571,32.47792844128571
32408,"Core needle biopsy of lung or center cavity of chest (mediastinum), accessed through skin",50,50,933,946,119.96404806482,919.1416377814,153.36784615119998
29823,Removal of extensive shoulder joint tissue using an endoscope,48,48,930,942,211.368532735375,4196.937041034792,265.37309574970834
57160,Fitting and insertion of vaginal support device,29,29,678,941,47.871077337689655,196.9844873313793,63.56753816848276
99424,"Principal care management services for a single high-risk disease, first 30 minutes provided personally by qualified health care professional, per calendar month.",4,4,357,939,64.145847859,143.64621657375,84.8719167865
86077,Blood bank physician services for cross match and/or evaluation and written report,17,17,784,939,40.781285193,189.81233233941177,52.31784435441176
62369,Electronic analysis reprogramming and refill of spinal canal drug infusion pump,3,3,195,938,60.67451758000001,567.0,82.84665611233333
J1940,"Injection, furosemide, up to 20 mg",14,14,354,936,0.4508567897142857,7.244642857142857,0.5787975918714287
28285,Correction of toe joint deformity,26,26,487,934,324.43973362615384,3001.0397100707696,408.1663398246154
J2562,"Injection, plerixafor, 1 mg",1,1,21,933,127.52662379,415.43440514,160.04834941
89055,"White blood cell measure, stool specimen",2,2,913,933,4.20847532015,66.701714443,4.20847532015
96567,Application of light to destroy precancer skin growth,26,26,695,933,100.50785742153847,252.15585922384616,138.54313331961538
29075,Application of elbow to finger cast,42,42,740,929,59.749831545952375,274.20178041285715,78.7843309885238
31525,Diagnostic exam of voice box using an endoscope,3,3,837,929,171.22682692,403.77777777666665,218.90181768333332
00520,Anesthesia for other closed procedure on chest,55,55,905,928,127.03288109203638,1440.8059275738183,160.66240739216363
81528,Gene analysis (colorectal cancer),1,1,926,926,502.38931965,657.0,502.38931965
93285,Programming of cardiac rhythm monitor system,23,23,637,922,42.678503286869564,147.60231901926088,55.52079157617391
92542,Test for abnormal eye movement using 3 positions with recording,15,15,575,921,21.6443191804,108.32249158246667,28.5443286162
86780,"Analysis for antibody, treponema pallidum",8,8,850,921,13.054770584,59.218033576875,13.054770584
88184,"Flow cytometry technique for dna or cell analysis, first marker",16,16,803,917,54.5174680969375,212.068504629375,70.6218901885
20606,Aspiration and/or injection of fluid from medium joint using ultrasound guidance,27,27,658,915,66.30364554062963,325.2045444666667,87.93519233025926
17271,"Destruction of cancer skin growth of scalp, neck, hands, feet, or genitals, 0.6-1.0 cm",32,32,763,913,97.705156913625,289.4059979084375,129.17135590865624
86364,Measurement of tissue transglutaminase,3,3,471,911,11.374102952000001,38.558117464,11.374102952000001
01926,"Anesthesia for x-ray on artery of brain, heart, or chest",47,47,890,909,216.63348442565956,2858.544337504468,273.4023529182979
49650,Repair of groin hernia using an endoscope,48,48,883,908,472.0147848525625,3166.271841515,598.6577129836459
72220,"X-ray of sacrum and tailbone, minimum of 2 views",28,28,707,907,10.976842002942858,63.72509277510715,15.444365792917859
83825,Mercury level,3,3,849,906,16.052910150666666,115.83525377366668,16.052910150666666
13131,"Complicated repair of wound of forehead, cheeks, chin, mouth, neck, underarms, genitals, hands, or feet, 1.1-2.5 cm",31,31,871,905,212.0984669250645,906.089544896129,269.952669503871
67228,Destruction of leaking blood vessels of retina using laser,26,26,479,905,251.44532316000002,2339.350457583846,327.2669296607692
99326,"New patient custodial care facility, group care, or assisted living visit, typically 45 minutes",31,31,904,904,92.36853332461291,271.49730339999996,126.05633997
93459,"Insertion of tube in left lower heart chamber, coronary artery and bypass graft for diagnosis with review by radiologist",49,49,883,902,249.69604389591836,2282.5815717387754,315.48379068510206
J9260,"Methotrexate sodium, 50 mg",3,3,95,901,1.6460092915000002,3.2137986837,2.190196735066667
13152,"Complicated repair of wound of eyelids, nose, ears, or lip, 2.6-7.5 cm",29,29,877,896,233.28191204172413,1148.5065323793103,295.7457963086207
84105,Urine phosphate level,5,5,795,894,5.70073999788,24.677434367340002,5.70073999788
G0396,"Alcohol and/or substance (other than tobacco) misuse structured assessment (e.g., audit, dast), and brief intervention 15 to 30 minutes",12,12,395,890,24.256269859683332,101.39266437308333,34.42335934166667
93286,"Programming of single, dual, or multiple lead or leadless pacemaker system before or after surgery",17,17,489,889,11.63903721877647,66.90975198011765,15.024337802823528
64612,Injection of chemical for paralysis of nerve muscles on side of face,20,20,354,889,124.1470189075,626.4123916655001,168.6772507085
74328,Review by radiologist of image from tube placement into bile duct using an endoscope,31,31,732,884,18.17633697793871,178.25637714741936,22.85128864370968
78264,Nuclear medicine study of stomach to assess emptying,37,37,861,882,43.33422075456757,221.5897536298919,57.062970315567576
J7331,"Hyaluronan or derivative, synojoynt, for intra-articular injection, 1 mg",2,2,23,880,16.73675,35.0,21.006328947500002
12031,"Intermediate repair of wound of scalp, underarms, trunk, arms, or legs, 2.5 cm or less",35,35,833,878,173.65884066805714,508.7845264834285,226.51437136942857
81050,Urine volume measurement,2,2,827,878,3.5992035642499998,15.25,3.5992035642499998
68810,Insertion of probe into nasal tear duct,5,5,789,874,164.73864075199998,661.2314185079999,218.484084066
86666,Analysis for antibody to ehrlichia (bacteria transmitted by ticks),2,2,393,873,10.028119357000001,140.002722405,10.028119357000001
20604,Aspiration and/or injection of fluid from small joint using ultrasound guidance,20,20,606,872,64.13404333545,243.1884377613,84.59456775315
00732,"Anesthesia for procedure on gallbladder, pancreas, or liver using an endoscope",40,40,778,872,121.829831978125,1635.4388936145,154.613286647875
87900,Infectious agent drug susceptibility analysis,4,4,804,870,127.21855184,246.8759852025,127.21855184
88177,"Pap test, evaluation of fine needle aspirate, immediate, each additional evaluation episode",18,18,360,867,19.22143281411111,106.79996017255556,22.25777754738889
86609,Analysis for antibody bacteria,2,2,205,862,12.7280054605,49.650234568,12.7280054605
75561,Mri scan of heart before and after contrast,25,25,834,861,131.45590981691998,867.759532376,171.448778126
83935,Urine osmolality (concentration) measurement,6,6,730,861,6.729357062916667,44.46071967416666,6.729357062916667
98929,"Osteopathic manipulative treatment, 9-10 body regions",8,8,193,861,62.7609461445,179.875,83.695611441875
15274,"Skin substitute graft to wound 100.0 sq cm or more of trunk, arms, or legs, each additional 100.0 sq cm or 1% body area for infants and children, or less",1,1,52,858,35.540547786,319.0,44.369918415
01400,Anesthesia for other procedure or exam of knee joint using an endoscope,50,50,848,855,91.75063217745999,1095.6388204502,115.48787951558
14301,"Repair of wound by transferring skin, 30.1-60.0 sq cm",34,34,796,853,780.1177190665883,5680.23538412647,980.7925871724705
11310,"Shaving of skin growth of face, ears, eyelids, nose, lips, or mouth, 0.5 cm or less",27,27,760,852,72.1694641917037,223.67191463037037,99.90054491848149
J9070,"Cyclophosphamide, 100 mg",2,2,27,852,19.456241824000003,130.4413934425,24.3860867615
77435,Management of cranial lesion surgery using radiation over multiple sessions,40,40,799,848,519.55994289975,2545.8086276175,652.6762083625
G0166,"External counterpulsation, per treatment session",2,2,34,846,83.971129088,600.0,108.68278470499999
0001A,"Intramuscular administration of single severe acute respiratory syndrome coronavirus 2 (covid-19) vaccine, mrna-lnp, spike protein, preservative free, 30 mcg/0.3ml dosage, diluent reconstituted; first dose",18,18,825,838,38.27619059761111,46.059379078444444,38.27619059761111
74160,Ct scan of abdomen with contrast,44,44,801,838,80.24444595979546,558.05484948,106.99100936147728
G0426,"Telehealth consultation, emergency department or initial inpatient, typically 50 minutes communicating with the patient via telehealth",16,16,804,837,103.0892781683125,418.10855425875,130.2323971925
J1631,"Injection, haloperidol decanoate, per 50 mg",1,1,25,836,6.421507177,50.0,8.0483133971
G0109,"Diabetes outpatient self-management training services, group session (2 or more), per 30 minutes",7,7,138,829,10.219664417457142,58.502200880428575,15.765656248142857
90913,"Biofeedback training for bowel or bladder control, each additional 15 minutes",4,4,182,827,22.502370593,128.8813559325,29.0981633475
93291,Evaluation of cardiac rhythm monitor system,32,32,625,823,29.759675454375,129.5044028170625,39.48147153659375
37225,Removal of plaque in arteries of leg,20,20,614,822,3911.942501308,22371.72662324,4903.0544256725
G2077,Periodic assessment; assessing periodically by qualified personnel to determine the most appropriate combination of services and treatment (provision of the services by a medicare-enrolled opioid treatment program); list separately in addition to code for,8,8,235,822,111.523506402125,167.55215992625,113.48584051374999
84300,Urine sodium level,6,6,681,820,4.9696134418,26.445751424500003,4.9696134418
11307,"Shaving of skin growth of scalp, neck, hands, feet, or genitals, 1.1-2.0 cm",20,20,672,819,92.57156991225,299.83719023550003,123.78551950325
88346,"Antibody evaluation, initial single antibody stain procedure",16,16,778,818,61.2256858758125,189.727145445625,77.6381660713125
86738,Analysis for antibody to mycoplasma (bacteria),4,4,631,816,13.05763742475,36.21002762425,13.05763742475
86162,"Measurement of complement (immune system proteins), total hemolytic",3,3,729,812,20.048663806666667,139.07672349,20.048663806666667
64445,Injection of anesthetic agent and/or steroid into lower back and leg nerve,21,21,615,811,52.21802835128572,898.1294390252382,66.1066435317619
83986,Body fluid ph level,3,3,591,811,3.453219303033334,12.084938271666667,3.453219303033334
15004,"Preparation of skin graft site of face, scalp, eyelids, mouth, neck, ears, around eyes, genitals, hands, feet, fingers, or toes, 100.0 sq cm or 1% body area for infants and children, or less",11,11,671,810,247.0738726681818,2561.231081420909,309.40689322181817
00410,Anesthesia for procedure to correct abnormal heart rhythm,44,44,788,808,57.969692739772725,692.2974654820455,73.92347286913636
95971,Electronic analysis of implanted neurostimulator generator with simple spinal cord or peripheral nerve stimulator programming,7,7,339,806,35.439525867571426,176.22746441142857,45.73539974685714
81405,Molecular pathology procedure level 6 genetic analysis,3,3,755,803,300.2942600466667,334.23333333333335,300.2942600466667
0012A,"Intramuscular administration of single severe acute respiratory syndrome coronavirus 2 (covid-19) vaccine, mrna-lnp, spike protein, preservative free, 100 mcg/0.5ml dosage; second dose",29,29,793,802,38.82089401724138,62.91636635186207,38.82089401724138
87255,Virus isolation,5,5,776,802,33.4365354846,110.445142824,33.4365354846
63685,Insertion of spinal neurostimulator generator or receiver,37,37,794,802,8601.83064656846,27625.402083543515,10776.211511416566
87046,"Stool culture, additional pathogens",5,5,629,800,9.2979351807,53.8549455876,9.2979351807
29881,Removal of knee cartilage using an endoscope,41,41,789,800,813.3225103007318,6212.8350673,1026.0589063485365
78830,"Nuclear medicine study, 1 area with spect and concurrent ct scan",18,18,772,798,120.666183298,976.2757521649999,153.42121126033334
87081,Screening test for pathogenic organisms,14,14,774,797,6.543607383042857,33.659688917357144,6.543607383042857
81490,Test for detecting genes associated with rheumatoid arthritis using immunoassay technique,1,1,671,797,830.4438394,996.6023463,830.4438394
88302,Pathology examination of tissue using a microscope,33,33,717,796,6.020263653251516,57.386881459242424,7.809478613654545
73660,"X-ray of toe, minimum of 2 views",34,34,647,791,12.035575726679411,48.62077513311765,16.438443448120587
95983,"Electronic analysis of implanted brain, spinal cord, or peripheral neurostimulator generator with brain stimulator programming, first 15 minutes with qualified health professional",13,13,374,788,36.72432724376923,149.20217320507692,49.926573034307694
51703,Complicated insertion of bladder tube,25,25,376,787,100.69627825495999,403.00536143880004,130.32266301932
95812,"Measurement of brain wave activity (eeg), 41-60 minutes",14,14,687,786,149.01418830821427,1012.6048319350001,191.867322156
67145,Photocoagulation treatment to prevent detachment of retina,29,29,688,782,182.20410546793102,1295.7721162148275,237.10115067551726
27236,Treatment of upper end of broken thigh bone with placement of stabilizing device or prosthetic replacement,50,50,776,780,807.9425518897999,3775.3900656160004,1016.9964351698
70355,"X-ray of lower jaws, upper jaws and teeth",23,23,750,778,10.370840938726086,81.02475777408695,13.854366303743479
92523,Evaluation of speech sound production with evaluation of language comprehension and expression,28,28,714,777,177.16332456392857,355.5073126703572,228.09859004928572
14041,"Repair of wound of forehead, cheeks, chin, mouth, neck, underarms, genitals, hands, or feet by transferring skin, 10.1-30.0 sq cm",28,28,734,777,693.4514660328571,2151.403569189643,879.0031170203572
95957,"Measurement of brain wave activity (eeg), digital analysis",13,13,739,770,199.34099634484616,452.5360183192307,250.30556175169232
J0610,"Injection, calcium gluconate, per 10 ml",3,3,140,770,3.149447224333333,14.045351473933332,4.205885549733334
86606,Analysis for antibody to aspergillus (fungus),4,4,376,770,14.662976004499999,65.50531912,14.662976004499999
93924,Ultrasound of leg arteries at rest and after exercise,19,19,688,769,75.84121483199999,303.21762963473685,98.66337365615789
82595,Cryoglobulin (protein) measurement,4,4,736,767,6.242567705,77.1932120515,6.242567705
50590,Shock wave crushing of kidney stones,39,39,678,766,515.020151292564,2544.520705597436,650.322607277436
84244,Renin (kidney enzyme) level,4,4,713,766,18.84784660225,90.2365384615,18.84784660225
36224,Insertion of tube into internal neck artery for diagnosis or treatment with review by radiologist,28,28,672,765,310.8578999546429,4710.9501512417855,392.12088058678574
82523,"Collagen cross links test, (urine test to evaluate bone health)",7,7,639,764,18.44064888985714,127.81037205,18.44064888985714
82705,"Stool fat or lipids analysis, qualitative",3,3,749,761,5.0377090723,52.409473125,5.0377090723
77089,Calculation of trabecular bone score (tbs) using imaging data with interpretation and report on fracture risk,10,10,759,759,27.7128735522,300.4034511281,38.699082098999995
36247,"Insertion of tube into abdominal, pelvic, or leg artery, initial third order branch",29,29,541,759,256.10885099793103,2755.223790018276,321.776251847931
G0472,"Hepatitis c antibody screening, for individual at high risk and other covered indication(s)",20,20,752,754,44.949288648700005,86.04723396015001,44.949288648700005
82495,Chromium level to test for poisoning or deficiency,3,3,708,751,19.933656568333333,104.98047797666668,19.933656568333333
31233,Exam of nasal passage and sinus using an endoscope,1,1,274,749,247.95847797,840.53,316.26951936
95250,Continuous monitoring of blood sugar level in tissue fluid using sensor under skin with provider supplied equipment,24,24,616,747,120.83143650816668,378.20974218375,159.73565431041666
82525,Copper level,2,2,694,746,12.214754781,109.8055555555,12.214754781
99236,"Hospital observation or inpatient care admitted and discharged on the same day for high severity problem, typically 55 minutes",34,34,673,742,165.03323852411765,718.8011323508824,209.80307855823528
98925,"Osteopathic manipulative treatment, 1-2 body regions",13,13,430,740,24.399075131846153,69.68496603846154,32.50640028769231
67036,Removal of eye fluid (vitreous) between lens and retina,27,27,640,728,848.0834452192593,5441.2584618,1066.6511570537036
72190,"X-ray of pelvis, minimum of 3 views",21,21,568,721,16.432125801419048,98.37282601995238,22.776367585714286
83003,Human growth hormone level,4,4,585,717,16.48960057325,65.695,16.48960057325
82553,"Creatine kinase (cardiac enzyme) level, mb fraction only",12,12,657,717,11.396544014,42.09529978958333,11.396544014
J7042,5% dextrose/normal saline (500 ml = 1 unit),2,2,74,716,0.7635141871,14.36701687115,0.9617283359
Q9961,"High osmolar contrast material, 250-299 mg/ml iodine concentration, per ml",2,2,34,715,0.18797826085,1.3499999999999999,0.2388442029
73010,X-ray of shoulder blade,8,8,630,714,18.86765670225,140.30352967475,25.01975328075
87210,Smear for infectious agents,15,15,557,712,5.7252333497066665,19.5088452088,5.7252333497066665
72132,Ct scan of lower spine with contrast,38,38,705,712,50.46380636586842,329.35287280710526,64.38648620171053
88275,"Chromosome analysis for genetic defects, analyze 100-300 cells",2,2,217,712,50.563139686,220.157131985,50.563139686
67042,Removal of membrane of retina with removal of internal limiting membrane of retina,25,25,693,706,990.788410782,7766.216410495999,1245.798354656
0094A,Adm sarscov2 50 mcg/.5 mlbst,22,22,696,705,38.18327716809091,55.141759492,38.18327716809091
85420,Plasminogen (fibrinolytic factor) measurement,2,2,685,703,6.44186301555,156.17613808800002,6.44186301555
88332,"Pathology examination of specimen during surgery, each additional tissue block",15,15,300,702,27.064874772333333,139.00799999999998,34.1458200736
52281,Dilation of urethra using an endoscope,26,26,627,699,232.18849531323076,977.6620265146155,300.75776262692307
95972,Electronic analysis of implanted neurostimulator generator with complex spinal cord or peripheral nerve stimulator programming,28,28,550,698,36.76236683539286,250.53927590107145,47.394341206214285
96900,Application of ultraviolet light to skin,9,9,136,696,16.682482873333335,63.35851284955556,22.50967082888889
95028,Test for allergy using allergenic extract injected into skin with delayed reaction analysis,2,2,29,696,9.36803794225,26.0,12.052221793000001
88381,"Preparation of specimen, manual",6,6,442,695,41.45636411500001,188.72577200499998,52.93301593
11312,"Shaving of skin growth of face, ears, eyelids, nose, lips, or mouth, 1.1-2.0 cm",12,12,521,694,115.20337655316666,358.3457986108333,149.26026804333333
11106,"Incision biopsy, first skin growth",12,12,605,693,113.81870198525,276.6091406108333,154.3964389275
96573,Application of light by qualified health care professional to destroy precancer skin growth,20,20,528,693,158.944446423,424.82415384650005,222.1539472015
0042T,"Computed tomography (ct) of brain blood flow, volume, and timing of flow analysis with contrast",29,29,686,689,173.8470196806207,795.6326625831035,221.45941213303448
33228,Removal and replacement of dual lead permanent pacemaker,39,39,687,688,579.6870616741027,4193.9290440169225,735.9170130994871
93307,Ultrasound of heart,19,19,673,686,39.283915706526315,165.38769230789475,52.54002017405263
87116,Culture for acid-fast bacilli,5,5,384,686,10.5543602084,64.9412134832,10.5543602084
J3260,"Injection, tobramycin sulfate, up to 80 mg",10,10,419,684,1.94481579916,12.662215686269999,2.70616212119
82330,"Calcium level, ionized",5,5,338,681,13.517033391999998,51.057704918,13.517033391999998
64617,Injection of chemical for paralysis of nerve muscles on side of voice box,5,5,240,681,122.0830660874,1133.614944302,171.01117847999998
Q4010,"Cast supplies, short arm cast, adult (11 years +), fiberglass",26,26,488,675,16.24432026146154,59.981340074538466,20.802471749115384
70100,"X-ray of part of lower jaw, 1-4 views",3,3,669,670,20.592815516666665,59.48576781666666,25.775791336666668
67840,Removal of growth of eyelid,27,27,623,670,160.7714034411111,704.8044946051851,212.9548316264074
87592,"Detection test by nucleic acid for neisseria gonorrhoeae (gonorrhoeae bacteria), quantification",1,1,600,670,42.387537313,107.0,42.387537313
92071,Fitting of contact lens for treatment of eye surface disease,17,17,304,668,27.751578089941177,95.39629612005882,37.46795376435294
87512,"Detection test for gardnerella vaginalis (bacteria), quantification",4,4,620,667,41.42849339625,91.49050023974999,41.42849339625
36140,Insertion of needle or tube into artery of arm or leg,9,9,326,666,275.9150705788889,1127.7178685777778,346.64880033888886
36215,"Insertion of tube into chest or arm artery, each first order branch",13,13,505,664,380.25682287946154,2522.9674296846156,477.07186532384617
82384,Catecholamines (organic nitrogen) level,1,1,597,663,24.915233786,167.70298643,24.915233786
29880,Removal of both knee cartilages using an endoscope,38,38,648,663,643.8472449496053,5460.082523323685,811.2634544556579
61783,Computer-assisted spinal procedure,30,30,643,663,177.4434264734,1149.697262684,221.98863219706666
Q0506,"Battery, lithium-ion, for use with electric or electric/pneumatic ventricular assist device, replacement only",1,1,120,662,711.52329305,1875.0,893.28350453
92283,Extended exam involving color vision testing,14,14,645,662,38.222050163,79.54078341014285,52.0912643805
00902,Anesthesia for procedure on anus and rectum,34,34,645,661,89.1753941722353,1003.6438496032354,112.50483330229412
36466,Injection of chemical agent into multiple incompetent veins of same leg using ultrasound guidance,6,6,298,660,1174.49290785,6694.913333333333,1476.36967665
97813,"Acupuncture with electrical stimulation, initial 15 minutes",5,5,127,659,37.3896299732,105.50180905980001,47.822313381
G0408,"Follow-up inpatient consultation, complex, physicians typically spend 35 minutes communicating with the patient via telehealth",10,10,354,656,74.3872935835,246.074822377,99.1296891123
73580,Review by radiologist of knee joint image,10,10,472,656,118.571268629,436.0255,150.289899655
98975,Set-up and patient education for remote monitoring of therapy,11,11,634,655,15.827380082272727,43.29090909090909,20.008876459818183
45390,Removal of large bowel tissue using a flexible endoscope,31,31,634,654,326.0488453509677,1387.4137718587097,412.69946062354836
87071,Bacterial culture and colony count,2,2,550,651,9.78282747165,79.0,9.78282747165
43238,Ultrasound guided needle aspiration or biopsy of esophagus using a flexible endoscope,18,18,628,650,164.38461640388888,1052.4660260155556,209.9642693811111
64488,Injection of local anesthetic for abdominal wall pain control on both sides using imaging guidance,37,37,635,649,53.554124867486486,955.5511320016217,67.38326916335134
52601,Removal of prostate gland using an electrocautery knife through urethra with control of bleeding using an endoscope,35,35,649,649,729.6476129388572,2547.336828634286,918.8404363171428
12051,"Intermediate repair of wound of face, ears, eyelids, nose, lips, or mouth, 2.5 cm or less",26,26,631,649,162.99841699346155,526.7210988042308,210.74217323615386
43251,"Removal of polyps or growths of esophagus, stomach, and/or upper small bowel using an endoscope with mechanical snare",22,22,634,649,343.3160451611818,1804.931152968182,435.1507463098182
33518,"Coronary artery bypass using vein or artery graft, 2 grafts",34,34,646,646,268.88394550291173,1546.9405734717645,336.2531912739118
01638,Anesthesia for open or endoscopic total shoulder joint replacement,38,38,638,642,228.62108692526314,2871.8233924789474,287.73379545184207
47563,Removal of gallbladder with x-ray study of bile ducts using an endoscope,38,38,641,641,613.5028205242105,3503.2564945052627,772.3579905102631
99224,"Follow-up observation care per day, typically 15 minutes",18,18,392,641,29.310882250333332,127.58575146138888,36.910333944
35301,"Removal of blood clot and portion of chest, neck, or brain artery",34,34,615,639,728.0044343608823,3084.611881237353,914.2155617544117
G2087,"Office-based treatment for opioid use disorder, including care coordination, individual therapy and group therapy and counseling; at least 60 minutes in a subsequent calendar month",8,8,210,639,212.46738052625,563.18399897375,263.0553288575
G0403,"Electrocardiogram, routine ecg with 12 leads; performed as a screening for the initial preventive physical examination with interpretation and report",43,43,635,635,6.754063895104651,63.268619205209305,14.85111968872093
76998,Ultrasonic guidance during surgery,20,20,584,634,56.037360384399996,277.58105830650004,70.0455366226
82552,"Creatine kinase (cardiac enzyme) level, isoenzymes",2,2,589,634,13.248801218499999,62.131967509,13.248801218499999
30140,Removal of nasal air passage under lining tissue,26,26,497,631,223.1639590820769,3151.409851776154,280.1553850565384
43246,Insertion of stomach tube using a flexible endoscope,30,30,597,631,155.28874883566667,995.0892543803333,195.645171401
74246,Double contrast x-ray of upper digestive tract,30,30,579,624,56.48641872176667,231.95861613866666,74.5643559937
62368,Electronic analysis and reprogramming of spinal canal drug infusion pump,9,9,213,623,30.532729572777775,398.5445292622222,40.60605038088889
68840,Probing of nasal tear duct,16,16,502,622,120.5680507073125,391.032844611875,161.962082888125
92511,Exam of the nose and throat using an endoscope,16,16,545,620,84.178050797875,312.4714443275,111.080917513625
17263,"Destruction of cancer skin growth of trunk, arms, or legs, 2.1-3.0 cm",27,27,524,619,127.81533733844445,358.29429873000004,166.79195341925927
87498,"Detection test by nucleic acid for enterovirus (intestinal virus), amplified probe technique",6,6,448,618,34.546005639,59.63592661016667,34.546005639
43242,"Ultrasound guided needle aspiration or biopsy of esophagus, stomach, and/or upper small bowel using a flexible endoscope",19,19,597,616,208.75899857578946,1303.5486681894736,263.2191815636842
97811,"Acupuncture, each additional 15 minutes",5,5,88,616,22.728513529,78.6431863788,28.9125568612
95718,"Measurement of brain wave activity with video (veeg), 2-12 hours with review and report by health care professional",23,23,563,613,107.62287828182608,493.2681492482609,138.6121072095652
01937,"Anesthesia for injection, drainage or aspiration procedures on spine or spinal cord of neck or upper back accessed through skin using imaging guidance",23,23,524,612,71.24433537234782,1120.189397318261,90.49593753926086
84134,Prealbumin (protein) level,10,10,467,611,14.3968941817,45.005952381,14.3968941817
00630,Anesthesia for other procedure on lower spine,32,32,573,610,199.983996185,2454.2219295425,252.7322700421875
77523,Intermediate proton beam radiation treatment,2,2,211,609,901.93106401,9338.478261,1129.96761955
83021,"Hemoglobin analysis and measurement, chromatography",6,6,435,606,17.819818751833335,43.11666666666667,17.819818751833335
95822,"Measurement of brain wave activity (eeg), in coma or asleep",19,19,570,604,45.69630243973684,423.9057262963158,58.243625267999995
01844,Anesthesia for placement or revision of blood flow shunt,34,34,572,604,151.45176179779412,1833.2070562032352,192.19936537411763
94660,Therapy procedure using a positive pressure ventilator,11,11,568,603,45.26144714136364,152.47493784,61.29224144863636
J1738,"Injection, meloxicam, 1 mg",1,1,15,600,2.3443166667,9.0,2.9404166667
87480,"Detection test for candida species (yeast), direct probe technique",9,9,530,598,19.583402598000003,78.81120474488888,19.583402598000003
Q4038,"Cast supplies, short leg cast, adult (11 years +), fiberglass",19,19,390,596,34.02313030257894,117.4536842105263,43.57136830263158
86706,Hepatitis b surface antibody measurement,10,10,570,596,10.5719147418,38.7576666667,10.5719147418
83835,Metanephrines level,5,5,527,595,16.0118850422,98.3464672758,16.0118850422
85004,White blood cell count,3,3,173,593,5.7258433571000005,33.09891085433333,5.7258433571000005
29828,Release of tendon connecting biceps muscle and shoulder using an endoscope,26,26,590,592,756.8374909818077,5725.452117883461,948.9477971340384
92548,Test for balance and posture,11,11,497,592,36.629872897,194.50867768636363,48.52510056509091
64642,"Injection of chemical for paralysis of nerve muscles on arm or leg, 1-4 muscles, first extremity",14,14,275,591,104.3643538465,442.55749471642855,136.5548297315
92547,Use of electrodes during balance testing,12,12,548,590,7.9993703452250005,40.201773211500004,10.115095309158333
72052,"X-ray of upper spine, 6 or more views",27,27,587,589,30.388167244370372,159.62752987714813,40.846558218740746
29550,Placement of strapping to toes,18,18,392,588,12.561196564722222,49.31127112988889,16.372795142111112
86355,Total cell count for b cells (white blood cells),2,2,415,588,37.180907614000006,121.871241535,37.180907614000006
86036,Screening test for antineutrophil cytoplasmic antibody,2,2,507,585,11.897587413,47.706494755,11.897587413
93979,"Ultrasound of aorta, vena cava, groin vessels or bypass grafts",31,31,574,585,53.7774649116129,360.2962696445161,72.99600383380644
00320,Anesthesia for other procedure on neck area (1 year or older),34,34,576,583,147.46413808497059,1997.358398599118,186.8373186857059
Q4117,"Hyalomatrix, per square centimeter",1,1,11,582,24.337010309,51.0,30.551752577
86645,Analysis for antibody (igm) to cytomegalovirus (cmv),6,6,535,581,16.515548435666666,97.87074073999999,16.515548435666666
80074,Acute hepatitis panel,8,8,566,581,46.65102966975,128.5853080425,46.65102966975
83945,Oxalate level,3,3,527,579,14.279531057666667,69.793675953,14.279531057666667
31628,"Biopsy of lobe of lung using an endoscope, 1 lobe",17,17,567,578,63.02039680694117,788.3853139017647,78.85989930888235
87510,"Detection test for gardnerella vaginalis (bacteria), direct probe technique",12,12,478,577,19.626010280916667,59.51224683541667,19.626010280916667
70220,"X-ray of paranasal sinus, minimum of 3 views",15,15,538,577,22.474876335033333,113.66904136593332,33.86504126286666
78226,Nuclear medicine study of liver and bile duct system,31,31,566,576,43.80116846625807,221.4006367023226,56.56713956267742
22558,Fusion of lower spine bone through abdomen with partial removal of disc,29,29,568,573,598.6975483685172,5483.353802672414,749.9542536147931
11765,Removal of skin of fingernail or toenail,10,10,344,573,103.22978172020001,230.43803617459997,137.5484178964
64418,Injection of anesthetic agent and/or steroid into suprascapular shoulder nerve,8,8,214,572,48.92257052825,529.5032387275,63.828076585875
81249,Gene analysis (glucose-6-phosphate dehydrogenase) full sequence analysis,1,1,571,571,589.40805604,600.0,589.40805604
96161,Administration and interpretation of caregiver-focused health risk assessment,3,3,363,569,2.0748868179666666,30.069579288033335,2.7144029048333334
10040,Acne surgery,22,22,430,568,80.52660213572727,206.44871824636365,113.23205794259091
G0427,"Telehealth consultation, emergency department or initial inpatient, typically 70 minutes or more communicating with the patient via telehealth",9,9,557,567,154.05162895555557,397.0697619044444,192.92091816777778
95970,"Electronic analysis of implanted brain, spinal cord, or peripheral neurostimulator generator",18,18,400,566,13.285667888277779,159.29116838966667,18.28424350522222
00918,"Anesthesia for fragmenting, manipulation and/or removal of kidney stone including use of an endoscope",32,32,550,563,106.01263331975,1230.8780896678438,134.77520848909376
11755,Biopsy of fingernail or toenail,19,19,516,563,90.07736296757895,242.30790817421052,120.49971006068422
97033,"Application of medication using electrical current, each 15 minutes",10,10,197,561,10.00362513407,56.3277368421,13.3822755373
36569,Insertion of tube for infusion (5 years or older),5,5,479,560,68.2371318942,326.563100056,85.5158161048
50200,Needle biopsy of kidney,23,23,543,558,112.88217125286955,1421.0062509973911,146.40844470695652
87532,"Detection test by nucleic acid for herpes virus-6, amplified probe technique",2,2,395,557,34.739329561999995,70.09,34.739329561999995
36907,Balloon dilation of dialysis segment with review by radiologist,15,16,403,556,343.66705313375,1053.30375,429.96691563375
81295,"Gene analysis (muts homolog 2, colon cancer, nonpolyposis type 1) full sequence analysis",2,2,556,556,378.379877535,481.275,378.379877535
83789,Mass spectrometry (laboratory testing method),1,1,455,551,23.900054446,26.381978221,23.900054446
82380,Carotene level,3,3,407,550,9.113723546933334,106.63,9.113723546933334
87107,Culture for identification of yeast,3,3,464,550,10.177693747333334,78.91006434233333,10.177693747333334
31654,Exam of lung airways with diagnostic or therapeutic procedure on growths using an endoscope and ultrasound,13,13,535,550,53.557859868076925,320.0564335661538,67.01095815861538
G0406,"Follow-up inpatient consultation, limited, physicians typically spend 15 minutes communicating with the patient via telehealth",4,4,333,549,27.5306184425,87.057748689,38.96286672725
67917,Extensive repair of turning-outward eyelid defect,10,10,370,549,457.88506662099996,2883.32248278,578.130608528
01830,"Anesthesia for other procedure on forearm, wrist, or hand bones",26,26,538,547,91.49147336953845,1192.578327463077,115.06910295180771
86628,Analysis for antibody to candida (yeast),2,2,121,546,11.852566504999999,85.17,11.852566504999999
29405,Application of short leg cast,21,21,405,546,57.050322292714284,303.4679271704762,73.60140796219048
86709,Measurement of hepatitis a antibody (igm),6,6,534,545,11.078674538500001,86.34213395633333,11.078674538500001
Q9950,"Injection, sulfur hexafluoride lipid microspheres, per ml",8,8,154,544,14.025241340000001,153.7430555555,18.353442007625
84260,Serotonin (hormone) level,2,2,297,541,30.446200397,237.004414685,30.446200397
97028,Application of ultraviolet light,1,1,47,540,5.4976851852,50.0,6.918462963
98968,"Telephone medical discussion provided by nonphysician professional, 21-30 minutes",7,7,203,539,24.664897015285714,150.77102918571427,32.45683537885714
29445,"Application of walking cast covering foot, ankle, and lower leg",2,2,58,539,83.6781350885,280.0,106.5145823435
86381,Measurement of mitochondrial antibody,4,4,529,538,21.44749095775,101.4791584925,21.44749095775
86622,Analysis for antibody to brucella (bacteria),1,1,270,538,8.8155762082,81.837843866,8.8155762082
86900,Blood group typing (abo),5,5,502,537,2.95413973924,10.53825632686,2.95413973924
93247,Heart rhythm analysis and report of continous external ekg over 8-15 days,4,4,534,537,132.77483116875,509.895,166.96259821375
0055T,Musculoskeletal surgical navigational orthopedic operation using imaging guidance,9,9,524,535,161.33354144777778,1428.7645862344443,201.7822626188889
64643,"Injection of chemical for paralysis of nerve muscles on arm or leg, 1-4 muscles, each additional extremity",13,13,207,533,69.56597310615385,384.9523594046154,89.25736291961539
G2011,"Alcohol and/or substance (other than tobacco) misuse structured assessment (e.g., audit, dast), and brief intervention, 5-14 minutes",1,1,364,533,9.9486491557,50.0,13.519437148
93270,Electrocardiogram (ecg) up to 30 days continuous with symptom monitoring,24,24,529,533,6.230735947283333,101.05429292958333,8.1184126979
36905,"Removal and/or dissolving of blood clot in hemodialysis circuit and balloon dilation of dialysis segment with imaging review by radiologist, with balloon tube",15,15,372,533,1923.8934061260002,7308.468146333334,2417.2901432373333
92626,"Evaluation of hearing function related to surgically implanted hearing device, first hour",13,13,392,532,63.53874481430769,201.30384615384614,88.66140942623078
88369,"Microscopic genetic analysis of tissue, manual, each additional procedure",5,5,280,532,39.5217694844,202.666304758,49.4262742798
G0423,"Intensive cardiac rehabilitation; with or without continuous ecg monitoring; without exercise, per session",2,2,43,532,89.1435436895,277.5,112.179650485
J9060,"Injection, cisplatin, powder or solution, 10 mg",2,2,36,531,1.51524825625,12.94,1.92123259785
92610,Evaluation of swallowing function,21,21,489,530,67.76222611785714,220.79580926095235,87.58257665238095
86698,Analysis for antibody to histoplasma (fungus),3,3,253,530,13.622689403,83.153382051,13.622689403
12034,"Intermediate repair of wound of scalp, underarms, trunk, arms, or legs, 7.6-12.5 cm",24,24,513,529,176.23592055170835,774.8022486200001,224.68905211754168
86146,Beta 2 glycoprotein 1 antibody (autoantibody) measurement,3,3,170,528,25.103171071333335,54.07666666666666,25.103171071333335
22845,"Placement of stabilizing device to front, 2-3 spine bone segments",31,31,520,528,410.2300706149677,3243.530827175161,513.1826686058064
72129,Ct scan of middle spine with contrast,20,20,523,528,43.8994976891,302.099358974,56.59551158115001
J0690,"Injection, cefazolin sodium, 500 mg",11,11,216,527,0.6094650781909091,25.98857371502727,0.7682581727818182
22551,"Fusion of upper spine bone with removal of disc and release of spinal cord or nerve, 1 disc",32,32,525,525,938.688753478125,5835.217810201875,1178.5191457690626
23430,Anchoring of biceps tendon,25,25,522,524,363.47969977364005,2643.1421846148,454.8337382116
14061,"Repair of wound of eyelids, nose, ears, or lips by transferring skin, 10.1-30.0 sq cm",20,20,506,524,691.9607144875,2299.658719295,875.2679435174999
88325,"Surgical pathology consultation and report, comprehensive",3,3,220,523,124.65868367333333,693.3333333333334,157.31153770333333
93355,Ultrasound of heart with probe in esophagus during surgery on heart or great blood vessels with report,19,19,522,522,181.53711727736842,651.4095394736842,228.70140493263156
86648,Analysis for antibody to diphtheria (bacteria),3,3,484,522,15.045330675333332,111.20297277333333,15.045330675333332
70480,Ct scan of cranial cavity without contrast,28,28,492,520,93.38565712682143,609.5762078746428,120.60416936514285
92604,Analysis and reprogramming of inner ear implant (7 years or older),9,9,325,520,59.310400884555555,234.6751076877778,89.39115908355556
96921,"Treatment of inflammatory skin disease using laser, 250.0-500.0 sq cm",1,1,28,519,173.20969171,472.0,219.25537572
29824,Partial removal of collar bone at shoulder using an endoscope,23,23,518,519,265.2268473936522,3702.052879575652,332.3220147482174
81404,Molecular pathology procedure level 5,2,2,159,513,274.69444259,351.24865599,274.69444259
81238,Gene analysis (coagulation factor ix) full sequence analysis,3,3,513,513,588.3193673866667,830.52631579,588.3193673866667
25447,Removal of bone joints between wrist and fingers,24,24,488,511,693.2555764471666,5475.279352854166,873.5195587066665
81596,Biochemical assays for evaluation of chronic hepatitis c virus infection,3,3,485,505,71.031057837,305.39918818,71.031057837
12011,"Simple repair of surface wound of face, ears, eyelids, nose, lips, or mouth, 2.5 cm or less",6,6,333,504,46.30739453033334,326.635,57.98983897483333
64561,Insertion of sacral nerve neurostimulator electrode array,15,15,303,503,1465.5412158206666,9974.646317286668,1840.1648846633334
98971,"Online digital evaluation and management service provided by nonphysician professional for up to 7 days, total time 11-20 minutes",1,1,201,503,16.69139165,35.0,21.959542744
86664,"Analysis for antibody to epstein-barr virus (mononucleosis virus), nuclear antigen",1,1,486,503,15.066918489,101.60614314,15.066918489
99422,"Online digital evaluation and management service for an established patient for up to 7 days, total time 11-20 minutes",10,10,368,503,18.3409144664,93.7238333333,28.053590522100002
22585,"Fusion of spine bones through front of body with partial removal of disc, each additional disc",17,17,334,502,183.48845143005883,1166.5465240641176,229.42257832552943
97026,Application of low energy heat,2,2,74,500,3.4227070176999996,16.32199294675,4.4542156702
80306,"Testing for presence of drug, read by instrument assisted observation",5,5,454,498,16.9018241864,78.792,16.9018241864
71270,Ct scan of chest before and after contrast,20,20,483,498,94.0561997885,765.4542215885,126.12634327465
67041,Removal of membrane of retina,19,19,488,498,1171.7260713678947,4933.296429726316,1471.2115686352631
87328,Detection test by immunoassay technique for cryptosporidium (parasite),6,6,469,497,13.637298057666667,53.866436022833334,13.637298057666667
85576,Platelet aggregation function test,8,8,288,496,18.78277291675,68.866074142125,20.732516878125
93662,Ultrasound evaluation of heart blood vessel with review by radiologist,18,18,476,495,73.38047422599999,622.7692971994444,91.80199589394445
87102,Fungal culture (mold or yeast),3,3,418,494,8.313032423633333,102.21574074,8.313032423633333
92653,Evaluation of brain response to sound for diagnosis of nervous system disorders with interpretation and report,13,13,492,493,67.56824134807692,294.6861540102308,86.1264083163077
A4562,"Pessary, non rubber, any type",15,15,387,491,44.896993141866666,100.58694083713334,60.289630171199995
89051,Body fluid cell count with cell identification,7,7,375,491,5.281126765000001,56.35012011128571,5.281126765000001
80165,"Valproic acid level, free",3,3,312,489,13.291438206666667,75.24625634466666,13.291438206666667
86317,"Detection of infectious agent antibody, quantitative",1,1,86,489,14.665603272,34.758691207,14.665603272
83874,Myoglobin (muscle protein) level,12,12,456,489,12.657424174583333,54.46975490166667,12.657424174583333
86705,Hepatitis b core antibody (igm) measurement,7,7,462,487,11.50913188,61.79857142857143,11.50913188
95887,Needle measurement of electrical activity in trunk or head muscles,7,7,477,487,58.61277085042857,374.85184874,73.46824844685715
81275,Gene analysis (v-ki-ras2 kirsten rat sarcoma viral oncogene) variants in codons 12 and 13,4,4,468,486,190.863158225,376.2383974375,190.863158225
49505,Repair of groin hernia (5 years or older),26,26,478,485,485.6365298246154,2455.8059751230767,612.0132110392308
77293,Obtaining respiratory data needed to develop the optimal radiation treatment,24,24,470,485,134.47458484283334,636.2888896520833,168.5648420275
86356,White blood cell antigen measurement,1,1,141,484,26.512933884,120.32838843,26.512933884
70470,Ct scan of head or brain before and after contrast,32,32,476,484,77.44049766753125,543.2828240678125,103.77560606315625
92524,Analysis of voice and resonance production,14,14,469,480,81.58573110571429,250.55880952357143,108.6879599367857
01230,Anesthesia for procedure on upper 2/3rd of thigh bone,32,32,472,476,146.06295306784375,2203.912991021875,185.912223150625
86696,"Analysis for antibody to herpes simplex virus, type 2",3,3,367,476,19.104297804,89.17081080999999,19.104297804
93268,Electrocardiogram (ecg) up to 30 days continuous with symptom monitoring and review and report by health care professional,11,11,472,475,141.62899358,831.2475848472727,183.27899583727273
80299,Quantitation of therapeutic drug,6,6,233,475,18.414572800666665,154.3307302145,18.414572800666665
36514,Mechanical separation of plasma from blood,8,8,148,474,122.71077917275001,557.086930845,156.21894095375
95851,"Measurement of range of motion in arm, leg or each spine section",9,9,190,473,13.909054855222223,62.65975677133333,18.047338695377775
M0222,"Intravenous injection, bebtelovimab, includes injection and post administration monitoring",11,11,473,473,328.26223879818184,610.170909090909,328.26223879818184
33249,Insertion of implantable defibrillator system,28,28,471,472,715.7288260003571,2829.0502513214283,899.5599882342857
93653,Comprehensive electrophysiologic evaluation with catheter destruction of abnormality of upper chamber of heart causing supraventricular tachycardia (rapid heart rate),31,31,468,472,698.1117935587097,3266.8649014935486,875.6076252574194
75898,Imaging of blood vessel,14,14,300,472,73.48938020271429,461.4247959185714,91.8920053082857
78315,Nuclear medicine study of bone taken at different times,22,22,464,465,71.22353758359091,333.2606083090909,90.82175727213637
67108,Repair of detached retina with drainage and removal of eye fluid between lens and retina,23,23,445,465,1038.5300667834783,4957.389319286956,1305.8938734247827
33225,Insertion of left lower heart electrode for pacemaker or defibrillator,28,28,463,464,372.1408855175,1560.977935367857,466.0278695946428
87147,"Identification of organisms by immunologic analysis, other than immunofluorescence method",2,2,301,463,5.1312716895,31.4,5.1312716895
75726,Review by radiologist of abdominal artery image,17,17,260,461,75.91812483635294,373.8297960337647,94.93742283235294
95148,Professional service for preparation and provision of 4 stinging insect venom,2,2,34,456,64.3674614245,117.289808917,84.6172784155
92617,"Evaluation, recording, and interpretation of swallowing and voice box sensory function using an endoscope",1,1,335,455,38.284,149.55389011,48.003428571
90846,"Family psychotherapy without patient, 50 minutes",7,7,218,455,57.95192528585714,205.1746063012857,77.41716289614286
10160,"Aspiration of abscess, blood, or cyst",13,13,297,454,84.51496325076923,446.38143288076924,110.40371369261538
84305,Somatomedin (growth factor) level,5,5,423,453,20.8296927786,98.950181818,20.8296927786
87533,"Detection test by nucleic acid for herpes virus-6, quantification",1,1,71,452,41.289823009,324.1039823,41.289823009
95937,Testing of nerve-muscle junction,8,8,356,450,43.7034206915,607.16284836125,54.906270744875
45300,Diagnostic exam of rectum and lower large bowel using an endoscope,9,9,417,450,86.85791090566666,320.9583597877778,113.5790603381111
86832,"Assessment of antibody to human leukocyte antigens (hla) with high definition qualitative panel for identification of antibody specificities, hla class i",2,2,285,450,315.67666719,527.0,315.67666719
64448,Injection by continuous infusion of anesthetic agent and/or steroid into thigh nerve,18,18,446,449,47.45741890783333,1649.7077928,60.10434993294444
69220,Simple removal of skin debris and drainage of mastoid cavity,14,14,247,447,56.04178137507143,297.38128212285716,77.08795592221429
47000,Needle biopsy of liver through skin,31,31,442,447,66.69527740274194,782.13383688,84.79713035900001
82777,Galectin-3 level,1,1,334,445,24.21847191,26.063123596,24.21847191
01996,Daily hospital management of continuous spinal drug administration,15,15,288,444,50.260242735333335,321.72512539933336,64.5031756664
99357,"Extended inpatient or observation hospital service, each additional 30 minutes",9,9,158,442,65.05397234377777,202.63284072222223,80.94104160611111
77307,Complex radiation therapy planning for delivery of external radiation,21,21,407,442,143.72146324761906,734.8523123514285,180.85266084619047
85732,"Coagulation assessment blood test, substitution, plasma fractions",1,1,101,440,6.3878636364,31.646522727,6.3878636364
Q4124,"Oasis ultra tri-layer wound matrix, per square centimeter",1,1,39,440,22.903363636,50.0,28.684454545
00567,Anesthesia for heart artery bypass grafting on heart-lung machine,30,30,437,440,540.286373785,6640.218200186667,675.9128416983333
G0340,"Image-guided robotic linear accelerator-based stereotactic radiosurgery, delivery including collimator changes and custom plugging, fractionated treatment, all lesions, per session, second through fifth sessions, maximum five sessions per course of treatme",5,5,153,438,1676.26193284,7247.42733334,2098.5590169399998
J3299,"Injection, triamcinolone acetonide (xipere), 1 mg",1,1,12,436,37.011100917,82.339449541,46.452775229
72202,"X-ray of joint between lower spine and hip bone, 3 or more views",22,22,429,436,20.300432923604546,80.58779401163636,26.987123316136366
52005,Insertion of tube into ureter using an endoscope through bladder area,14,14,418,434,109.18004063192858,853.7797663778572,138.44581182214284
87556,"Detection test by nucleic acid for mycobacteria tuberculosis (tb bacteria), amplified probe technique",4,4,295,434,41.21285497925,93.5279923225,41.21285497925
87106,"Fungal culture, yeast",3,3,377,433,10.177038835666666,44.92578194833334,10.177038835666666
J7314,"Injection, fluocinolone acetonide, intravitreal implant (yutiq), 0.01 mg",2,2,23,432,393.54668981500004,972.5,493.951458335
82365,Infrared analysis of stone,2,2,415,432,12.735493827500001,76.3058950615,12.735493827500001
14302,"Repair of wound by transferring skin, each additional 30.0 sq cm",9,9,217,431,138.97899652722222,516.1533639311111,173.87476493266666
22216,"Incision or removal of spine bone segment, each additional segment",10,10,161,431,187.7347502846,1421.690867925,234.82913905639998
97168,"Re-evaluation for occupational therapy, typically 30 minutes",14,14,294,429,57.11533650721429,138.35471482242858,73.71792787528571
43276,Replacement of stent in pancreatic or bile duct using a flexible endoscope,10,10,218,428,341.269161275,1446.67214286,431.104995211
78227,Nuclear medicine study of liver and bile duct system with use of drugs,22,22,406,428,50.527430816,280.1307445963636,64.78245177327273
30901,Simple control of nose bleed,23,23,342,424,112.92405754582609,317.6848569434783,153.4489127368261
64644,"Injection of chemical for paralysis of nerve muscles on arm or leg, 5 or more muscles, first extremity",8,8,189,423,139.27884941375,551.44791666625,181.38044536249998
31645,Aspiration of initial secretion of lung airway using an endoscope,14,14,374,422,77.14067375985714,590.1973888607143,96.5797235885
93931,Ultrasound of one arm arteries or artery grafts,18,18,401,420,29.755573255888887,134.67314445261113,38.58314310816667
64454,Injection of anesthetic agent and/or steroid into knee nerve branch using imaging guidance,16,16,362,420,110.962190965875,1219.65605697875,143.4382310725
74240,Single contrast x-ray of upper digestive tract,20,20,409,420,33.05461916065,182.875284091,43.52685400715
92553,Test for hearing various pitches using earphone and device placed against the bone,17,17,399,419,28.61519029,82.5974645957647,41.68863743958824
97167,"Evaluation for occupational therapy, typically 1 hour",15,15,381,417,80.84836508866667,212.07312114666667,104.4304054276
83014,Administration of drug for helicobacter pylori,6,6,394,417,7.7450864587,54.201612903333334,7.7450864587
77078,Ct scan for measuring calcium and other minerals in bone,6,6,384,415,65.45525798999999,339.10920634999997,65.45525798999999
64718,Release and/or relocation of elbow nerve,18,18,388,415,471.243561545,4326.359224155556,594.6381035883334
83018,Heavy metal level,3,3,348,414,21.663991080333332,125.02147438000002,21.663991080333332
81339,"Gene analysis (mpl proto-oncogene, thrombopoietin receptor) sequence analysis of exon 10",2,2,412,412,181.5,185.2,181.5
15002,"Preparation of skin graft site of trunk, arms, or legs, 100.0 sq cm or 1% body area for infants and children, or less",11,11,234,412,227.58983734363636,2132.564996788182,286.27521797181817
A9596,"Gallium ga-68 gozetotide, diagnostic, (illuccix), 1 millicurie",2,2,98,411,1409.021617485,3584.05935435,1768.46590768
69433,Incision of eardrum with insertion of eardrum tube under local or topical anesthesia,23,23,364,410,162.50349937869566,535.2340476986957,215.7681370095652
84182,"Protein measurement, immunological probe for band identification",4,4,91,410,28.80882329575,147.5048722,28.80882329575
93314,Interpretation and report of ultrasound of heart,9,9,402,409,75.06881439611112,261.6666666666667,93.77028814933334
86430,Rheumatoid factor analysis,7,7,371,409,6.064413488471429,36.41530612242857,6.064413488471429
13151,"Complicated repair of wound of eyelids, nose, ears, or lip, 1.1-2.5 cm",20,20,402,408,187.6077094762,995.0249951165,238.5058639705
43274,Insertion of stent into pancreatic or bile duct using a flexible endoscope,14,14,338,405,322.55421869071426,2059.948847307143,407.9596623785714
80504,"Pathology clinical consultation for moderately complex clinical problem, 21-40 minutes",3,3,390,403,28.277458553666666,189.935802469,49.61115343933333
52235,"Destruction and/or removal of growth of bladder and urethra using an endoscope, 2.0-5.0 cm",21,21,364,402,352.8610250419048,3127.8777719161903,444.56374999
91122,Study of rectum sensitivity and function,13,13,341,402,142.01399235930768,617.5823251746153,181.79491819900002
29125,Application of nonmoveable forearm to hand splint,18,18,342,401,48.71782844711111,221.02602765111112,63.030750198444444
V2632,Posterior chamber intraocular lens,3,3,240,401,98.536870664,1116.6666666666667,123.40794209333335
82575,Creatinine clearance measurement to test for kidney function,8,8,371,401,8.9819592492875,40.9292578125,8.9819592492875
88142,"Pap test, manual screening",10,10,395,400,17.7488795146,73.2555909091,17.7488795146
11422,"Removal of noncancer skin growth of scalp, neck, hands, feet, or genitals, 1.1-2.0 cm",7,7,202,396,118.2853010552857,335.78309523857143,148.55940829099998
31627,Computer-assisted image-guided navigation of lung airways using an endoscope,15,15,391,396,78.74202130273333,1999.092982456,98.73053082633334
67515,Injection of drug or substance into membrane covering eyeball,13,13,246,395,36.962036046538465,247.35230769230768,48.62863216046154
74021,"X-ray of abdomen, minimum of 3 views",16,16,356,395,10.5173552352125,47.1267429741875,13.7689488304375
77370,Special medical radiation therapy consultation,12,12,321,395,107.67892531675,465.914786325,134.65515220666666
81201,"Gene analysis (adenomatous polyposis coli), full gene sequence",3,3,394,394,610.4107358699999,676.8517835166666,610.4107358699999
86663,"Analysis for antibody to epstein-barr virus (mononucleosis virus), early antigen",4,4,337,393,12.951318884500001,85.40368447575,12.951318884500001
00914,Anesthesia for removal of prostate including use of an endoscope,22,22,384,393,127.91902417204545,1857.8461875204544,161.64419165036364
11401,"Removal of noncancer skin growth of body, arms, or legs, 0.6-1.0 cm",13,13,335,392,81.74341018123076,278.98797727769227,108.75559960730769
84445,Thyroid stimulating immune globulins (thyroid related protein) level,5,5,343,391,50.2262691102,180.99471520799997,50.2262691102
45388,Destruction of polyp or growth of large bowel using a flexible endoscope,8,8,390,390,226.1013930575,1202.772727275,290.27901418125
70250,"X-ray of skull, 1-3 views",11,11,356,388,11.0212386459,54.56844677845454,14.611187602527274
64999,Other procedure on nervous system,19,19,385,387,221.1355431983158,1775.2625604547368,276.79503898578946
64624,Destruction of nerve branches of knee using imaging guidance,17,17,322,387,257.364961433,3503.554178566471,326.5950387276471
11622,"Removal of cancer skin growth of scalp, neck, hands, feet, or genitals, 1.1-2.0 cm",21,21,369,385,125.7634076729524,537.6050431371428,164.15526277190477
64590,Insertion of peripheral or gastric neurostimulator generator,20,20,375,384,5772.1785530462,16187.283182374502,7233.740609077499
87660,"Detection test by nucleic acid for trichomonas vaginalis (genital parasite), direct probe technique",8,8,308,383,19.672606470375,85.38453125,19.672606470375
20612,Aspiration and/or injection of cyst of tendon,7,7,250,382,46.14638472,175.24254968657144,60.98036533814285
Q4194,"Novachor, per square centimeter",2,2,40,380,827.011725575,1582.95911295,1037.1655717499998
70370,X-ray of voice box or throat,1,1,351,379,41.243693931,55.839656992,52.155514512
78195,Nuclear medicine study of lymphatic system,16,16,377,378,45.146434551249996,310.670223159375,57.123695782625
62328,Removal of spinal fluid with lower back spinal tap for diagnostic test using imaging guidance,24,24,371,377,71.18181958075,572.389839745,90.26932311891666
50435,Replacement of kidney drainage tube using imaging guidance with review by radiologist,17,17,265,375,86.23296181182353,1018.4735113641177,112.82617620005882
85048,Automated white blood cell count,7,7,293,374,2.5193164930857144,10.90857142857143,2.5193164930857144
86684,Analysis for antibody to haemophilus influenza (respiratory bacteria),2,2,315,374,15.6256507935,139.48,15.6256507935
84311,Chemical analysis using spectrophotometry (light),2,2,164,373,7.95836438925,58.68167701935,7.95836438925
00562,Anesthesia for procedure on heart and large blood vessels using heart-lung machine (1 year or older),22,22,371,372,585.1946306636363,4855.147153386363,733.1255112040909
65756,Transplantation of outer layer of corneal tissue,17,17,335,370,1178.9674260988234,4963.972843135294,1483.871419282353
Q0112,All potassium hydroxide (koh) preparations,13,13,294,367,5.754692339815384,31.356265799899997,5.754692339815384
55874,Injection of biodegradable material next to prostate,13,13,367,367,1431.1142281715386,5859.5837869846155,1790.8144093023077
96405,"Administration of chemotherapy into growth, 1-7",5,5,220,366,56.092586878400006,214.584,73.6920341326
38792,Injection of radioactive material for x-ray identification of lymph node,17,17,363,364,24.953935802705885,211.81265829058822,31.931872019235296
95940,"Continuous monitoring of nervous system during operation, each 15 minutes",2,2,27,364,26.6266235795,307.5,33.4407173295
91110,Imaging of digestive tract done from the inside of the digestive tract,21,21,355,364,421.750616981381,1714.4598160714286,532.2987855304762
70490,Ct scan of soft tissue of neck without contrast,18,18,340,362,60.21759821461111,364.06202478999995,79.1512150355
43255,"Control of bleeding of esophagus, stomach, and/or upper small bowel using a flexible endoscope",22,22,333,361,148.40169570590908,912.7590181968181,187.56598027863637
01942,Anesthesia for nerve modulation procedure spinal cord or repair of bone of spine of lower back accessed through skin using imaging guidance,13,13,327,361,129.648031559,2212.0579198084615,162.90098088092307
31652,"Exam of lung airways and sampling of lymph nodes using an endoscope and ultrasound guidance, 1-2 lymph nodes",18,18,359,361,159.78537236333332,1637.2048692055555,201.21114558666667
94070,Test to measure lung airway sensitivity,9,9,359,360,37.284929172000005,162.07175647455557,47.21504406377778
97024,Application of heat wave therapy,2,2,46,360,3.83305,32.5,4.85928333335
20939,Aspiration of bone marrow for spine bone graft,11,11,343,359,50.4190513353,340.08787337663637,63.0593406683
70549,Mri scan of blood vessels of neck before and after contrast,19,19,357,359,93.07878675626317,597.3952528378948,117.99699265826317
93352,Injection of x-ray contrast during ultrasound of heart,16,16,357,358,27.2166565780625,143.419375,34.57257948875
50360,Transplantation of donor kidney,17,17,356,357,1494.3499839264707,8298.808951776471,1868.2584460435294
82653,Measurement of pancreatic elastase (enzyme) in stool,2,2,353,356,22.682794872000002,273.24656293500004,22.682794872000002
G2088,"Office-based treatment for opioid use disorder, including care coordination, individual therapy and group therapy and counseling; each additional 30 minutes beyond the first 120 minutes (list separately in addition to code for primary procedure)",1,1,14,356,41.681853933,126.89567416,52.157359551
11643,"Removal of cancer skin growth of face, ears, eyelids, nose, lips, or mouth, 2.1-3.0 cm",12,12,330,355,148.9617664275,595.9532800675,191.22201202416667
82948,Blood glucose (sugar) measurement using reagent strip,11,11,285,355,4.862541324563637,15.366363636363637,4.862541324563637
83497,Hydroxyindolacetic acid (product of metabolism) level,4,4,305,354,12.74904261425,111.4751127815,12.74904261425
40490,Biopsy of lip,10,10,320,354,79.6286367554,274.277751232,102.2073116356
94016,Test to measure expiratory airflow and volume initiated by patient and evaluated by provider,3,3,244,354,18.620018477333332,43.106060606,24.357425298333336
81400,Molecular pathology procedure level 1,3,3,186,353,62.609266012,118.32424497566667,62.609266012
32674,Removal of lymph nodes of chest cavity using an endoscope,14,14,350,353,130.0801847947857,585.4821143457142,162.69321529564286
01112,Anesthesia for bone marrow aspiration and/or biopsy at pelvic bone,8,8,338,352,106.837676464,1829.86488560875,135.4582498325
94760,Test to measure oxygen level in blood using ear or finger device,5,5,317,352,1.55641574092,18.0,2.51764068136
37227,Removal of plaque and insertion of stents in arteries of leg,14,14,288,351,7228.019307482857,33967.452497357146,9047.504493446428
96159,"Treatment of behavior impacting health, each additional 15 minutes",3,3,53,351,16.185857371333334,131.033933934,20.32250477966667
98977,"Device supply with schedule recording and transmission for remote monitoring of rmusculoskeletal system, per 30 days",8,8,148,351,44.45926304075,155.12,55.827331891
G0407,"Follow-up inpatient consultation, intermediate, physicians typically spend 25 minutes communicating with the patient via telehealth",7,7,213,349,49.27047692828571,176.854005251,67.20246269614286
83519,"Measurement of substance using immunoassay technique, by radioimmunoassay",1,1,258,348,18.187385057,387.94123563,18.187385057
13122,"Complicated repair of wound of scalp, arms, or legs, each additional 5.0 cm or less",8,8,257,348,101.258790389875,280.06648073,126.58722286874999
36581,Replacement of tunneled central venous tube,18,18,306,347,388.81963484666664,1854.424720238889,490.3940515016667
73218,Mri scan of arm without contrast,15,15,275,344,146.16602980353335,910.8022990706667,191.4481639914
87338,Detection test by immunoassay technique for helicobacter pylori (gi tract bacteria) in stool,3,3,323,343,14.195935998333333,81.27172081666667,14.195935998333333
29879,Repair of knee joint with drilling and or scraping of joint using an endoscope,5,5,328,341,424.63695162700003,2927.0,534.7286375838
J2010,"Injection, lincomycin hcl, up to 300 mg",6,6,148,340,6.243557873166666,21.994761904833336,9.525894292183333
27446,Replacement of knee joint on side of knee,14,14,326,339,876.2910086285714,3767.3624999999997,1100.6058525557141
96920,"Treatment of inflammatory skin disease using laser, less than 250.0 sq cm",4,4,65,339,128.30680429,322.46031034500004,163.63392799
77331,Special radiation therapy planning,10,10,204,339,45.5475068812,195.782363062,57.635336504600005
85049,"Platelet count, automated test",5,5,290,338,4.4236443965,19.8067537268,4.4236443965
84590,Vitamin a level,2,2,294,337,11.3745819735,121.4535470085,11.3745819735
A4648,"Tissue marker, implantable, any type, each",8,8,208,337,113.13706658800001,744.803456115,141.829840660875
91065,Measurement of hydrogen in breath to test for stomach and bowel symptoms,10,10,302,334,48.36192227381,171.744047619,62.17938187037
J7120,"Ringers lactate infusion, up to 1000 cc",4,4,243,334,1.91034272515,15.2325,2.38785355625
94004,Nursing facility ventilation assistance and management,1,1,14,334,30.385778443,95.0,38.85488024
45330,Diagnostic exam of lower portion of large bowel using a flexible endoscope,15,15,309,333,95.62806913853333,744.5739381466667,126.18778161813334
17108,"Destruction of birthmark, more than 50.0 sq cm",2,2,86,333,474.29229257500003,1200.0,610.3746646049999
G0296,Counseling visit to discuss need for lung cancer screening using low dose ct scan (ldct) (service is for eligibility determination and shared decision making),17,17,319,332,27.896376546705884,191.8627450980588,27.896376546705884
82120,Vaginal fluid chemical analysis for bacteria,1,1,330,331,5.8201510574,25.0,5.8201510574
72080,"X-ray of middle and lower spine, 2 views",14,14,276,331,14.650241936621429,87.85734897578571,19.722604835378572
88160,"Screening examination of specimen cells, screening and interpretation",5,5,306,330,27.2441956054,94.3242866998,34.6413446596
50323,Preparation of donor kidney for transplantation,15,15,329,329,88.13045374473333,2442.70049619,110.20648326
66710,Destruction of lens tissue using laser,8,8,281,328,425.84631895,1726.9427951,536.00321838
98967,"Telephone medical discussion provided by nonphysician professional, 11-20 minutes",5,5,235,325,15.254754640760002,122.05999999999999,22.125881356
G0010,Administration of hepatitis b vaccine,8,8,183,325,30.856297507249998,49.6975,30.856297507249998
10006,"Fine needle aspiration biopsy using ultrasound guidance, each additional growth",10,10,244,324,44.873767583900005,176.865297982,57.8372226964
31622,Diagnostic exam of lung airway using an endoscope,10,10,292,324,79.5534595169,626.73966811,100.0471146585
82103,"Alpha-1-antitrypsin (protein) blood test, total",5,5,318,324,13.121600337999999,66.6789328814,13.121600337999999
93882,Ultrasound of one side of head and neck blood flow,12,12,282,323,71.66441604275,338.22154981675,94.43868979983334
67850,"Destruction of growth of eyelid margin, 1.0 cm or less",3,3,162,323,162.69835065333334,464.06740218333334,209.10452161333333
13120,"Complicated repair of wound of scalp, arms, or legs, 1.1-2.5 cm",7,7,251,322,204.53263355571428,781.9564870314287,257.31712859714287
80156,"Carbamazepine level, total",5,5,213,319,14.265440206400001,65.860982248,14.265440206400001
52441,"Insertion of implant in urethra within prostate gland using an endoscope, 1 implant",15,15,318,319,711.6916220006666,3062.2573382186665,893.8046836766666
74150,Ct scan of abdomen without contrast,16,16,302,318,59.135074846125,432.051727023125,79.009568684625
82397,Analysis using chemiluminescent technique (light and chemical )reaction,1,1,211,318,13.965031447,39.0,13.965031447
J2997,"Injection, alteplase recombinant, 1 mg",4,4,106,318,66.79434746775,199.6143292675,84.69201464275
31629,"Needle biopsy of windpipe cartilage, airway, and/or lung using an endoscope",12,12,310,317,109.59145317625,1097.9961526733334,137.1753799335
J0401,"Injection, aripiprazole, extended release, 1 mg",1,1,17,316,0.0646202532,0.1701898734,0.0811075949
36226,Insertion of tube into brain artery for diagnosis or treatment with review by radiologist,11,11,300,316,354.19333619636365,3790.7996924818185,444.8617870645454
40800,"Simple drainage of abscess, cyst, or blood accumulation of mouth",3,3,218,315,94.52756662166667,349.5310884366666,119.31416526
36600,Artery puncture collection of blood sample,5,5,291,315,22.0316623402,218.6,28.773207384400003
92941,"Removal of plaque and blood clot, insertion of stent and/or balloon dilation of single vessel",20,20,310,315,521.527678206,1991.7740113200002,656.6350303209999
58571,"Removal of uterus, tubes, and/or ovaries through abdomen using an endoscope, 250.0 g or less",17,17,315,315,640.2278872117647,3120.035924370588,805.5722871282352
76981,Ultrasound scan of organ tissue for measuring elasticity,16,16,314,315,46.3026573313125,243.81519644625,63.217487628625
29200,Placement of strapping to chest,1,1,43,315,11.370666667,50.0,14.550603175
11403,"Removal of noncancer skin growth of body, arms, or legs, 2.1-3.0 cm",12,12,206,314,87.70992904641668,340.24781839916665,112.01452943808333
0052A,Adm sarscv2 30mcg trs-sucr 2,16,16,313,314,40.236135729375,81.62375,40.236135729375
86357,Total cell count for natural killer cells (white blood cell),4,4,261,314,37.30764034075,133.2735077,37.30764034075
84482,"Thyroid hormone, t3 measurement, reverse",6,6,264,313,15.514177754666667,108.87421940933332,15.514177754666667
82507,Citrate level,2,2,281,312,27.4351754385,116.82311090350001,27.4351754385
19285,"Placement of locating device in breast using ultrasound guidance, first growth",20,20,309,311,148.40203611855,948.6874545455,190.98236485315002
84425,Vitamin b-1 (thiamine) level,2,2,306,310,20.942442919,124.3943396225,20.942442919
81439,Test for detecting genes associated with inherited disease of heart muscle,1,1,310,310,584.9,800.0,584.9
J2916,"Injection, sodium ferric gluconate complex in sucrose injection, 12.5 mg",1,1,12,310,1.4337741935,11.866774194,1.9187741935
82656,Detection of pancreatic elastase (enzyme) in stool,1,1,298,308,11.361233766,130.0,11.361233766
88348,Electron microscopy for diagnosis,6,6,268,308,60.991026915,286.1381024766667,76.43059705483334
99359,"Extended patient service without direct patient contact, each additional 30 minutes",6,6,206,306,39.555534830666666,128.73120126333333,49.545934830666674
28234,Incision to release foot tendon,1,1,92,306,157.42656863,433.09477124,198.96519608
89060,Crystal identification from tissue or body fluid,9,9,287,305,10.4940790031,41.71079365077778,12.693260019766667
20937,Harvest of bone fragment for spine bone graft,9,9,297,305,112.47133504488889,1073.878183118889,140.72791570755555
15734,Creation of muscle graft to trunk,7,7,191,304,991.9666787428571,10084.874355128572,1245.3015057057144
95813,"Measurement of brain wave activity (eeg), 61-119 minutes",11,11,292,303,179.6360776530909,544.0714285718182,230.3255809672727
93505,Biopsy of heart muscle,11,11,190,302,176.33150161545453,1266.4405077690908,224.7334036809091
99234,"Hospital observation or inpatient care admitted and discharged on the same day for low severity problem, typically 40 minutes",7,7,153,300,91.35663784657143,441.0571428571429,120.38857881714286
01939,Anesthesia for nerve destruction procedures on spine or spinal cord of neck or upper back accessed through skin using imaging guidance,10,10,252,299,75.7932339175,830.567668901,97.8684029506
70546,Mri scan of blood vessels of head before and after contrast,9,9,277,299,95.25158503844445,770.5531743066666,127.16191903377778
78708,"Nuclear medicine study of kidney, blood, flow, and function with drug administration",15,15,286,299,51.7786862438,290.13930065333335,68.1583596306
86258,Detection of gliadin (deamidated) (dgp) antibody,1,1,131,299,11.383846154,23.06,11.383846154
75565,Mri scan of blood flow of heart,13,13,298,298,9.348935416838462,44.90232155238462,11.979025312615384
11601,"Removal of cancer skin growth of body, arms, or legs, 0.6-1.0 cm",13,13,273,298,114.895464246,352.26434858230766,147.78812039253847
G0372,Physician service required to establish and document the need for a power mobility device,1,1,296,298,7.6448993289,50.0,9.5548993289
96105,"Test to assess the loss of the ability to speak, write, and understand language",2,2,157,298,78.8891183575,151.50036576999997,99.2174879235
91010,Study of esophagus to assess movement,10,10,288,297,62.787719141000004,353.727342799,80.3703409824
83937,Osteocalcin (bone protein) level,1,1,221,297,29.403535354,44.952861953,29.403535354
63030,Partial removal of spine bone with release of lower spinal cord or nerves and/or removal of disc,16,16,287,294,593.833537528375,5741.27448756875,749.6268118668751
J7620,"Albuterol, up to 2.5 mg and ipratropium bromide, up to 0.5 mg, fda-approved final product, non-compounded, administered through dme",16,16,244,292,0.08969795774375,6.4755110399,0.12713206938125
96416,Administration of prolonged chemotherapy into vein,5,5,86,291,106.39379672919999,451.370212766,134.260087428
20680,Removal of deep implant from bone,16,16,249,291,586.769279545125,5009.6963334475,738.0047652615625
92571,Test to assess by hearing by examining the repetition of real words versus nonsense words,3,3,288,291,21.259593828333333,54.0,28.400857875333333
00534,Anesthesia for insertion or replace of pacing heart defibrillator,17,17,289,289,179.91835546470588,2814.28206078,228.10981570117647
Q4229,"Cogenex amniotic membrane, per square centimeter",1,1,11,288,300.60659722,1054.42,377.29170139
86037,Antineutrophil cytoplasmic antibody titer,2,2,209,288,11.872063987,142.684245285,11.872063987
81338,"Gene analysis (mpl proto-oncogene, thrombopoietin receptor) for detection of common variants",4,4,285,288,148.07865897,563.2127659575,148.07865897
33286,Removal of heart rhythm monitor from under the skin,14,14,286,287,94.59006211078572,1090.3874375635714,122.906952645
82075,Measurement of alcohol level in breath specimen,2,2,26,286,29.7093529065,47.070895522499995,29.7093529065
64400,Injection of anesthetic agent and/or steroid into face nerve,5,5,90,286,73.3602113944,490.07120448200004,95.64669030600001
26480,Transfer of tendon to back of hand,14,14,273,286,670.9985270464285,5162.4779147571435,842.441483645
84540,"Urea nitrogen level to assess kidney function, urine",2,2,273,286,5.48868861305,47.5965137615,5.48868861305
92584,Test to assess electrical potentials generated in the inner ear as a result of sound stimulation,8,8,285,286,87.40171039375,192.06281969375,112.66503672375
93567,Injection for imaging of aorta above heart valve with review by radiologist,8,8,281,286,42.340251475875,271.125,52.9993002735
38571,Removal of lymph nodes of both sides of pelvis using an endoscope,15,15,283,284,215.88535659173334,3324.600032602,270.05425521906665
67900,Repair of brow paralysis,7,7,200,284,403.9722063057143,2934.414890948571,506.7321529042857
17315,"Removal and microscopic exam of growth, each additional block after 5 tissue blocks",4,4,86,284,50.724566855,174.86983471,63.460396719
95018,Test for allergy using combination of methods with drug or biological,3,3,37,283,18.01650614633333,61.23659498200001,22.542414932666663
57250,Repair of herniated rectum into vaginal wall,12,12,281,283,295.8514353091667,1857.2641782416667,370.72246406999994
81210,Gene analysis (v-raf murine sarcoma viral oncogene homolog b1),1,1,280,283,173.40784452,263.0,173.40784452
93313,Insertion of probe in esophagus for heart ultrasound,12,12,280,282,9.052888343266666,353.53928320166665,11.351295865666666
82164,Angiotensin l - converting enzyme (ace) level,5,5,273,282,14.425195626199999,65.50005400239999,14.425195626199999
72120,"X-ray lower and sacral spine, 2-3 views bending views",15,15,281,281,21.013353820653332,175.52886309533332,28.388194929599997
01991,Anesthesia for nerve block and injection,9,9,218,281,58.59825988866666,1493.661783271111,74.90529645888888
65778,Placement of amniotic membrane on eye surface for wound healing,12,12,219,280,1131.263519675,2757.836960225,1424.0427220499998
83719,Vldl cholesterol level,1,1,169,280,12.579142857,39.68,12.579142857
99235,"Hospital observation or inpatient care admitted and discharged on the same day for moderate severity problem, typically 50 minutes",14,14,275,280,124.94248722142856,394.53598003285714,162.57939670785714
10140,Drainage of blood or fluid accumulation,11,11,221,279,123.15187757781818,230.5489477618182,161.39294403272726
32557,Drainage of fluid from chest cavity with insertion of indwelling tube using imaging guidance,17,17,262,279,117.77125956276471,1231.2136409864706,148.36487890470588
21215,Repair of lower jaw bone with bone graft,1,1,173,278,3635.1351079,7062.3,4555.6389209
88334,"Pathology cytologic examination of specimen during surgery, each additional site",5,5,93,277,29.789099513999997,132.8,37.2506146574
84152,"Psa (prostate specific antigen) measurement, complexed",1,1,188,277,18.163754513,55.17,18.163754513
11606,"Removal of cancer skin growth of body, arms, or legs, more than 4.0 cm",12,12,249,276,276.69443874666666,1131.0802134241667,353.08546193333336
88262,"Chromosome analysis for genetic defects, count 15-20 cells",2,2,262,275,87.75642857,215.85,87.75642857
76510,1d and 2d ultrasound scan of eye tissue and structures,6,6,237,275,40.864134553666666,318.39286797,56.709287125
86901,Blood typing for rh (d) antigen,3,3,226,275,2.9447399527333338,21.496666666666666,2.9447399527333338
68760,"Repair tear duct opening by heat, tying, or laser surgery",3,3,97,274,206.89286579999998,649.94047619,265.85538528
86161,Measurement of complement function (immune system proteins),4,4,248,273,11.845302354000001,97.5608351935,11.845302354000001
82787,"Gammaglobulin (immune system protein) measurement, immunoglobulin subclasses",3,3,81,273,7.922289673966667,27.714353587666665,7.922289673966667
22552,"Fusion of upper spine bone with removal of disc and release of spinal cord or nerve, each additional disc",14,14,179,272,156.96949068935714,1058.1157295928572,196.3959305187143
85306,Protein s (clotting inhibitor) measurement,3,3,252,272,15.093265130666666,70.31710163533334,15.093265130666666
80184,Phenobarbital level,1,1,205,271,15.128523985,82.482324723,15.128523985
78451,Nuclear medicine study of heart muscle at rest and with stress and spect,13,13,270,271,97.1583713436923,604.1494302,129.84604122523075
76499,Other diagnostic imaging procedure,4,4,263,271,31.50493475675,164.1790678475,39.752407676749996
73701,Ct scan of leg with contrast material,17,17,246,270,42.363951666058824,249.02057974764708,56.05468982182353
52648,Complete laser vaporization of prostate including control of bleeding using an endoscope,11,11,269,270,629.0350382936364,4255.703299663636,798.0655567336363
86078,Blood bank physician services for investigation of transfusion reaction with written report,6,6,165,270,40.27188005066667,227.34796748,50.9567689395
86920,"Blood unit compatibility test, immediate spin technique",1,1,109,269,42.408141264,210.52416357,53.132639405
12002,"Simple repair of surface wound of scalp, neck, underarms, trunk, arms, or legs, 2.6-7.5 cm",8,8,213,269,54.195490652749996,364.6243313375,72.781503098125
27279,Fusion of pelvic joint using imaging guidance,12,12,233,269,3732.0765718052503,28063.869560183335,4681.6821619933335
81256,Gene analysis (hemochromatosis) common variants,1,1,268,268,64.481343284,115.5,64.481343284
88368,"Microscopic genetic analysis of tissue, manual, initial procedure",5,5,249,267,32.4741705804,189.156699606,41.085593544
V2785,"Processing, preserving and transporting corneal tissue",10,10,244,266,3380.3427659,6775.067275480001,4234.79184118
77771,"High dose radiation therapy, 2-12 channels",4,4,79,266,386.46970700500003,1727.775,484.647096385
G0454,"Physician documentation of face-to-face visit for durable medical equipment determination performed by nurse practitioner, physician assistant or clinical nurse specialist",1,1,217,266,6.3471428571,10.0,8.7263157895
31238,Control of bleeding of nose using an endoscope,12,12,211,266,202.33435210083334,914.3062368008333,258.9210521425
73723,Mri scan of leg joint before and after contrast,14,14,252,265,110.20997992028572,665.0937001592857,144.095555672
72083,"X-ray of entire middle and lower spine, 4-5 views",8,8,258,265,25.62139963725,172.285,36.649725002625
36223,Insertion of tube into intracranial artery for diagnosis or treatment with review by radiologist,11,11,253,264,261.11311267545454,5595.495332370909,332.09766305
80151,Measurement of amiodarone,2,2,201,264,18.418334673,199.49817164,18.418334673
77770,"High dose radiation therapy, 1 channel",4,4,109,263,86.55916669675,407.384615385,109.1443261775
29515,Application of short leg splint from calf to foot,10,10,185,263,52.8228606814,196.604597451,68.4382170168
71047,"X-ray of chest, 3 views",8,8,245,261,20.30522971385,97.99224137925,29.3340658585
88364,"Genetic sequencing localization, each additional procedure",12,12,199,259,35.228014671833336,152.51311188833333,44.08531724891666
82239,"Bile acids level, total",1,1,153,258,16.803488372,57.1,16.803488372
49406,Drainage of fluid collection of abdominal cavity by tube using imaging guidance,13,13,221,258,154.37533807692307,1504.6431934715386,193.34703698153845
90671,"Pneumococcal conjugate vaccine, 15 valent (pcv15), for intramuscular use",15,15,257,257,241.08346945133331,382.8131345026667,241.08346945133331
88329,Pathology examination of specimen during surgery,10,10,222,257,29.429821770900002,203.91052631600002,37.0538815368
92612,Evaluation and recording of swallowing using an endoscope,6,6,236,257,157.23997720833333,575.9315140483333,204.70748211666668
95955,Measurement of brain wave activity (eeg) outside the brain during surgery,5,5,249,256,42.484498559,1623.4501445399999,53.613120078600005
93622,Insertion of catheters for recording and pacing of left lower heart chamber rhythm and induction of abnormal rhythm,6,6,247,256,131.86487118,610.4058823533334,164.81933686666665
81225,"Gene analysis (cytochrome p450, family 2, subfamily c, polypeptide 19) common variants",5,5,256,256,288.145565996,384.191476056,288.145565996
70552,Mri scan of brain with contrast,10,10,228,256,70.5237376165,427.282729848,92.3297404572
01916,Anesthesia for x-ray exam of arteries and veins using contrast,15,15,253,255,135.7808893878,2214.1599237093333,172.90150951799998
81235,"Gene analysis (epidermal growth factor receptor), common variants",3,3,252,255,319.4528642833333,909.3641388366667,319.4528642833333
01920,Anesthesia for x-ray on heart vessels and chambers,5,5,254,255,158.635239772,1720.7731060540002,200.31213606199998
82951,"Blood glucose (sugar) tolerance test, 3 specimens",3,3,245,255,12.711840331666666,91.20308034066666,12.711840331666666
64451,Injection of anesthetic agent and/or steroid into spine and pelvis nerve using imaging guidance,6,6,164,254,120.32771402183333,1804.2364400699998,153.03515429183332
87324,Detection test by immunoassay technique for clostridium difficile toxins (stool pathogen),3,3,244,254,11.843241597333332,69.45,11.843241597333332
87430,"Detection test by immunoassay technique for streptococcus, group a (strep)",6,6,233,252,16.494899397666668,41.061820987666664,16.494899397666668
87506,"Detection test by nucleic acid for digestive tract pathogen, multiple types or subtypes, 6-11 targets",4,4,247,251,259.807392355,694.2840789475,259.807392355
95700,"Measurement of brain wave activity (eeg), continuous",6,6,250,251,181.30149644833332,767.0416666666666,232.85022469166665
93985,Complete ultrasound of artery and vein blood flow pre-op assessment on both sides of body for hemodialysis access,14,14,249,250,139.57334168007142,466.80496010635716,180.06547224564287
52204,Biopsy of bladder using an endoscope,11,11,234,249,215.94410568727272,1762.2727272727273,273.6160113161818
00532,Anesthesia for access to central vein,17,17,248,249,94.13890512523528,1256.2545441088237,118.47954140676471
77075,Complete x-ray of body bones,14,14,244,249,31.20205588678571,147.8537662335714,40.620468258500004
G0475,"Hiv antigen/antibody, combination assay, screening",2,2,247,248,23.755653846,107.98413461499999,23.755653846
75894,Review by radiologist of image for insertion of material to block blood flow,12,12,211,248,56.85072127741666,615.7490488008333,71.14457294541667
00541,Anesthesia for procedure on chest with 1 lung inflated,9,9,246,247,428.4984896444444,4240.803389674444,539.1658864611111
64505,"Injection of anesthetic agent, trigeminal nerve bundle",5,5,92,246,148.353021996,381.841992502,195.83125909999998
52234,"Destruction and/or removal of growth of bladder and urethra using an endoscope, 0.5-2.0 cm",14,14,222,245,429.31820562571426,1643.9312013,541.0177190364286
52649,Complete laser fragmentation of prostate including control of bleeding using an endoscope,6,6,245,245,832.170629285,6600.316605316667,1054.0219386583333
73000,X-ray of collar bone,14,14,190,245,13.585613986764287,62.86346786407143,17.95281874712857
93293,"Telephonic rhythm strip evaluation of single, dual, multiple lead or leadless pacemaker system, up to 90 days",3,3,117,244,14.767731481333334,204.77083333333334,22.247621082666665
36245,"Insertion of tube into abdominal, pelvic, or leg artery, each first order branch",11,11,202,244,269.8701609378182,2748.6427915545455,338.6046158218182
92611,Evaluation of swallowing function image,5,5,236,243,69.1920171834,364.981304348,91.28627875340001
26123,"Removal of connective tissue of palm and release of finger, first digit",14,14,228,243,859.0599073728572,5838.396423457142,1081.6611932635715
14020,"Repair of wound of scalp, arms, or legs by transferring skin, 10.0 sq cm or less",7,7,217,242,462.05529521571424,1738.2541269842857,582.90595456
93784,"Ambulatory blood pressure monitoring, 1 day or longer, with recording, scanning analysis, interpretation, and report",3,3,242,242,37.104092705333336,296.74830409366666,49.66847819133333
90839,"Psychotherapy for crisis, first hour",8,8,202,242,78.00150400675,330.06943547125,103.508743616625
19281,"Placement of locating device in breast using imaging guidance, first growth",12,12,241,242,89.43857764366668,695.3431372583333,114.35157110774999
00912,Anesthesia for removal of urinary bladder tumors including use of an endoscope,17,17,233,241,109.01614601935295,1258.9601066123528,136.42973187841176
69801,Incision of fluid canal of inner ear with infusion of drugs,3,3,77,241,175.51822342333332,1343.1530962,227.0824704833333
60500,Removal or exploration of parathyroid glands,12,12,239,240,723.6831440945001,3396.96162215,907.0062247074999
36200,Insertion of tube into aorta,11,11,201,240,181.70419747354546,842.9994805190909,228.8017860629091
22514,Treatment of broken lower spine bone with placement of stabilizing device,12,12,220,239,2583.741169708333,14752.137742175,3238.9983953925002
85384,Fibrinogen (factor 1) activity measurement,5,5,197,239,9.57593975468,58.7021818182,9.57593975468
90847,"Family psychotherapy with patient, 50 minutes",4,4,106,239,62.097353559249996,262.86777351,81.802813136
82945,Glucose (sugar) level on body fluid,1,1,195,238,3.8051260504,4.8,3.8051260504
33274,Insertion of permanent leadless pacemaker using imaging guidance,13,13,238,238,377.19390528153843,1893.329692623077,472.9751219307692
95249,Continuous monitoring of blood sugar level in tissue fluid using sensor under skin,8,8,187,238,47.955105633625,135.10176879,62.941012514875
62322,Injection of substance into lower spine canal,8,8,233,238,64.40776300925,880.5,80.569378863
G0102,Prostate cancer screening; digital rectal examination,9,9,238,238,13.511928276344443,47.468975469,24.309346867333332
78072,Nuclear medicine study of parathyroid with spect and ct scan,12,12,236,236,101.95526864541667,519.5500000000001,134.54489016866668
26145,"Repair of tendon, finger, and/or palm of hand",5,5,148,236,316.68962748,3889.7051612900004,397.99056208800005
J1610,"Injection, glucagon hydrochloride, per 1 mg",6,6,235,236,129.77195839666666,464.70538837833334,163.39282262833333
92570,Comprehensive hearing test,9,9,209,235,24.58260633922222,108.76594807722222,34.178118284
85246,Clotting factor viii (vw factor) antigen,2,2,211,235,22.1074141415,135.658366164,22.1074141415
81241,Gene analysis (coagulation factor v) leiden variant,1,1,234,234,72.692777778,315.26273504,72.692777778
86668,Analysis for antibody to francisella tularensis (bacteria transmitted by rodents),1,1,98,234,13.964615385,100.0,13.964615385
A9578,"Injection, gadobenate dimeglumine (multihance multipack), per ml",1,1,14,234,1.3023076923,19.0,1.7654700855
14001,"Repair of wound of trunk by transferring skin, 10.1-30.0 sq cm",11,11,210,234,443.8671705045454,3035.5206293727274,558.3340408472727
J0692,"Injection, cefepime hydrochloride, 500 mg",1,1,22,234,1.4034615385,2.7639316239,1.7571794872
11641,"Removal of cancer skin growth of face, ears, eyelids, nose, lips, or mouth, 0.6-1.0 cm",10,10,218,233,119.7324367511,1346.598473684,159.198938771
90912,"Biofeedback training for bowel or bladder control, initial 15 minutes",2,2,60,232,57.371974907500004,133.0,73.6831581135
14021,"Repair of wound of scalp, arms, or legs by transferring skin, 10.1-30.0 sq cm",9,9,216,232,686.7591552077778,1857.2197619044446,871.8527189155556
11441,"Removal of noncancer skin growth of face, ears, eyelids, nose, lips, or mouth, 0.6-1.0 cm",6,6,181,232,95.62843306233333,445.252028985,125.33953316683335
36590,Removal of central venous tube with port or pump,15,15,229,232,147.64935558353332,838.2945079346666,189.9627627206667
Q4159,"Affinity, per square centimeter",1,1,17,231,408.0665368,1076.0,511.96658009
43262,Incision of pancreatic outlet using a flexible endoscope,14,14,230,230,76.19572683792856,1407.3334333714286,95.52676520107143
92100,Multiple measurements of eye fluid pressure over an extended time period,4,4,190,229,55.191195859000004,104.381630435,81.20995310575
Q9956,"Injection, octafluoropropane microspheres, per ml",4,4,101,228,22.783031158,93.2583333325,29.610650499000002
87101,"Fungal culture (mold or yeast) of skin, hair, or nail",3,3,215,228,7.615188492066667,45.310624999999995,7.615188492066667
83698,Lipoprotein-associated phospholipase a2 (enzyme) level,2,2,143,228,39.509103091499995,64.880272129,39.509103091499995
86331,Immunologic analysis for detection of antigen or antibody,3,3,75,228,11.830708995,59.848888889,11.830708995
36832,Revision of hemodialysis graft,6,6,197,227,810.1755472833333,3842.1979607499998,1020.2822344666666
96146,Administration of psychological or neuropsychological test by single standardized instrument via electronic platform with automated result,2,2,227,227,1.779912159,467.333333335,2.32699953765
82107,Alpha-fetoprotein (afp) analysis,2,2,200,227,63.547879845,196.749627905,63.547879845
55866,Surgical removal of prostate and surrounding lymph nodes using an endoscope,13,13,226,226,737.3216338684615,4533.884252192308,928.3345369784615
92517,Vemp testing of lower branch of inner ear nerve with interpretation and report,4,4,225,225,54.7651623375,187.9101136375,68.62959415575
99281,Emergency department visit for problem of mild severity,11,11,219,224,15.73119012281818,136.94558441554545,20.978967961
36821,Relocation of arm vein with connection to arm artery for hemodialysis,13,13,219,224,516.4854724064616,1768.9017582384618,654.3255972656923
37228,"Balloon dilation of artery of leg, initial vessel",12,12,197,224,626.6626445983333,6286.0553395,784.5328893516667
31267,Removal of nasal sinus tissue using an endoscope,11,11,177,224,595.53857827,3679.9441401090908,749.2965861363638
61781,Computer-assisted procedure inside brain,12,12,216,223,183.39178899750002,1372.2877499324998,229.36516506333336
93980,Complete ultrasound of penis artery and vein blood flow,6,6,223,223,66.1304279015,608.69489418,87.6244603425
58100,Biopsy of lining of uterus,16,16,213,222,77.481497965625,413.180357143125,102.185884721875
36830,Creation of artery-vein connection using tube graft for hemodialysis,13,13,216,222,633.6282070753846,3167.435917130769,795.4327243753846
C9740,"Cystourethroscopy, with insertion of transprostatic implant; 4 or more implants",9,9,222,222,5481.904344377778,15815.370925855554,6875.761800344445
79101,Radioactive drug therapy through a vein,6,6,120,221,80.54215451333333,580.8333333333334,104.27634351233333
76982,"Ultrasound scan of growth for measuring elasticity, first growth",5,5,216,221,19.160488308,96.923076924,28.9786713614
87652,"Detection test by nucleic acid for strep (streptococcus, group a), quantification",3,3,137,221,41.38509648666667,84.66666666666667,41.38509648666667
61797,"Computer-assisted radiosurgery of simple growth of brain, each additional growth",2,2,61,221,186.62050117,1290.25,233.22773893
12053,"Intermediate repair of wound of face, ears, eyelids, nose, lips, or mouth, 5.1-7.5 cm",10,10,214,221,141.3184172324,623.4082350169999,177.276844278
43237,"Ultrasound exam of esophagus, stomach, and/or upper small bowel using a flexible endoscope through mouth",8,8,217,220,146.90525499625,1155.8371442675,190.7556404725
0002A,"Intramuscular administration of single severe acute respiratory syndrome coronavirus 2 (covid-19) vaccine, mrna-lnp, spike protein, preservative free, 30 mcg/0.3ml dosage, diluent reconstituted; second dose",6,6,220,220,39.765589977333335,66.66666666666667,39.765589977333335
86157,Measurement of cold agglutinin (protein) to detect infection or disease,3,3,168,220,7.925246624533333,77.62849382733333,7.925246624533333
88314,Special stained specimen slides to examine tissue and frozen preparation of specimen including interpretation and report,2,2,51,220,50.908926092,133.0337423445,63.603250306999996
71110,"X-ray of ribs on both sides of body, 3 views",4,4,157,219,23.7514682825,95.48548858849999,31.89924086625
74250,Single contrast x-ray of small intestine,15,15,218,219,35.381793287533334,175.4026515156,45.145034521266666
21025,Removal of lower jaw bone,3,3,168,219,365.67423235666666,1347.5650943333333,458.5238280266667
15220,"Full thickness skin graft to scalp, arms, or legs, 20.0 sq cm or less",10,10,210,218,583.944310249,1798.50183708,735.280532905
87511,"Detection test for gardnerella vaginalis (bacteria), amplified probe technique",4,4,197,217,34.614200957,73.9923404255,34.614200957
11440,"Removal of noncancer skin growth of face, ears, eyelids, nose, lips, or mouth, 0.5 cm or less",10,10,190,217,89.7844385355,309.637702363,123.27522273029999
33418,"Repair of mitral valve through the skin, initial prosthesis",11,11,212,216,1230.6581706554546,5871.276691190909,1540.9083947009092
93456,Insertion of tube in right heart chambers and coronary artery for diagnosis with review by radiologist,13,13,214,216,233.26572228076924,1538.0854858307694,296.3198961476923
49450,Replacement of stomach or large bowel tube using fluoroscopic guidance with contrast,9,9,162,215,162.1091692778889,652.9420202022222,205.93696521366667
54235,Injection procedure to cause erection,11,11,196,214,56.862815161181814,259.0192675418182,78.58708293318182
A4565,Slings,9,9,210,214,7.090006672166667,22.582199338888888,9.273099188033335
67924,Extensive repair of turning-inward eyelid defect,11,11,199,213,499.53109358272724,2876.6354401545454,630.4902608336364
94680,Test to measure exhaled air for evaluation of lung function during rest and exercise,1,1,209,213,39.551690141,100.0,51.506948357
77011,Ct guidance for needle or tube localization,4,4,213,213,100.92179524525,411.0,127.51351399525001
J1250,"Injection, dobutamine hydrochloride, per 250 mg",7,7,208,212,5.075164866157143,58.91078141771428,6.355420259271428
86226,"Measurement of dna antibody, single stranded",4,4,192,212,11.8998718005,44.2875,11.8998718005
G2010,"Remote evaluation of recorded video and/or images submitted by an established patient (e.g., store and forward), including interpretation with follow-up with the patient within 24 business hours, not originating from a related e/m service provided within t",4,4,156,211,9.448432620875,40.0,12.76746021425
38724,"Removal of lymph nodes, muscle, and tissue of neck",11,11,208,211,929.2261282518182,5113.355741372728,1163.8244431790908
52214,"Destruction of tissue of bladder, urethra, or surrounding glands using an endoscope",4,4,188,211,551.431275,2657.75,697.2640008625
22513,Treatment of broken middle spine bone with placement of stabilizing device using imaging guidance,11,11,202,210,1170.5590433745454,8698.445309990908,1468.20300625
87220,Tissue fungi or parasites,8,8,202,210,4.1472566882625,31.20928571425,4.1472566882625
G0246,"Follow-up physician evaluation and management of a diabetic patient with diabetic sensory neuropathy resulting in a loss of protective sensation (lops) to include at least the following: (1) a patient history, (2) a physical examination that includes: (a)",4,4,148,210,23.43322382375,69.47086956525,32.49282942975
A9561,"Technetium tc-99m oxidronate, diagnostic, per study dose, up to 30 millicuries",7,7,202,210,40.50295183157142,271.8891428571429,50.90876388614286
57425,Surgical repair of vaginal defect using an endoscope,12,12,208,209,637.4512028719167,3174.494075633333,802.80134431
51725,Simple measurement of pressure of urine flow in bladder,8,8,206,209,136.739103752,547.3720454545,182.537005407125
71555,Mri scan of blood vessels of chest,5,5,206,209,152.40161911799999,1289.1609108159998,201.251293887
57288,Creation of sling around urethra in female to control leakage,11,11,206,208,623.6628015127272,5499.3610267545455,783.2430144460909
77318,Complex radiation therapy planning for delivery of internal radiation,5,5,153,207,337.013143296,1860.54164706,422.60337033400003
0054T,"Computer-assisted, fluoroscopic image-guided musculoskeletal surgical navigational orthopedic operation",7,7,205,207,131.1022040197143,636.4,164.19720401985714
51736,Simple timed assessment of bladder emptying,6,6,192,206,6.53310535695,87.57312159716666,8.400149712333333
84410,Testosterone level,1,1,180,204,49.880294118,540.0,49.880294118
61782,Computer-assisted procedure outside membrane covering brain,11,11,201,204,140.71333610545454,1522.0635936645456,175.55312440818182
49440,Insertion of stomach tube using fluoroscopic guidance with contrast,11,11,202,204,152.87031909909092,1351.8790541781818,191.62740048454543
57150,Irrigation of vagina and/or application of drug to treat infection,4,4,128,203,32.63528347975,118.59427083325,47.2494526245
97605,"Therapy procedure using a special bandage and vacuum pump, surface area 50.0 sq cm or less",5,5,91,203,19.3761528454,205.16364569879997,24.4461203252
90715,"Diphtheria, tetanus, and acellular pertussis vaccine (7 years or older)",11,11,203,203,25.68908832936364,70.45469696963636,36.032164977
36906,Removal and/or dissolving of blood clot in hemodialysis circuit and balloon dilation of dialysis segment and placement of stent with review by radiologist,10,10,175,202,4653.7525273599995,16109.759000689999,5838.540355207
43226,Dilation of esophagus with insertion of guide wire using a flexible endoscope,1,1,190,201,49.30960199,755.16,63.30721393
30520,Reshaping of nasal cartilage,12,12,201,201,501.69534713166667,5615.248817505832,629.2358534625
81207,Translocation analysis (bcr/abl1) minor breakpoint,3,3,160,200,142.77541057666667,401.82122685333337,142.77541057666667
64417,Injection of anesthetic agent and/or steroid into upper arm and shoulder nerve,6,6,141,200,81.80362380999999,866.2866666666667,108.120169697
82390,Ceruloplasmin (protein) level,5,5,187,199,10.4994778346,79.636,10.4994778346
23350,Injection of contrast for imaging of shoulder joint,10,10,170,199,102.81789983450001,533.136950462,131.031739087
67966,Removal of over 1/4 of eyelid margin and repair of eyelid,8,8,187,198,521.3301852,1698.589964825,661.97767614125
96521,Refilling and maintenance of portable pump,2,2,73,198,100.365454545,479.93181818,125.870454545
A9526,"Nitrogen n-13 ammonia, diagnostic, per study dose, up to 40 millicuries",2,2,99,198,541.393598615,1710.0,678.179003365
22634,Fusion of additional segment of spine with partial removal of spine bone and disc,9,9,134,198,226.49349853511114,1116.4566459577777,283.01507140244445
86021,Antibody identification test for white blood cell antibodies,2,2,198,198,14.843736559,30.0541666665,14.843736559
87496,"Detection test by nucleic acid for cytomegalovirus (cmv), amplified probe technique",5,5,147,196,34.8727423296,130.23561290319998,34.8727423296
01930,Anesthesia for other x-ray on vein or lymph system,7,7,169,196,154.23660270428573,1844.324964447143,193.44184360857142
62264,"Removal of spinal canal scar tissue, multiple sessions in 1 day",4,4,153,196,288.198096535,2708.25,365.6063080275
93319,3d ultrasound imaging of heart for evaluation of heart structure performed during ultrasound imaging of congenital heart defects,6,6,189,195,20.694231729,174.66666666666666,25.8479780155
66030,Injection of medication into eye,6,6,125,195,242.50288939666666,858.5678571433333,310.35454529
64646,"Injection of chemical for paralysis of nerve muscles on trunk, 1-5 muscles",3,3,75,195,82.720500991,217.52232143,110.87618201566666
62270,Removal of cerebrospinal fluid with lower back spinal tap for diagnostic test,9,9,181,195,64.93735878466667,588.0289855077777,84.52331563033334
20931,Graft of donor bone to spine,9,9,193,195,88.873343788,653.9722222222222,111.19839429244445
86790,Analysis for antibody to virus,4,4,165,195,12.71230603475,117.3656302675,12.71230603475
37224,Balloon dilation of artery of leg,11,11,177,194,384.75073196,5046.729003345455,481.93042801636363
64416,Injection of anesthetic agent by continuous infusion and/or steroid into arm nerve bundle,11,11,192,193,50.626992291818176,2204.9914772727275,63.63965268072727
66180,Creation of shunt to improve eye fluid flow using tissue graft,10,10,184,193,1295.80014866,3611.46983194,1625.0171692899999
80189,Measurement of itraconazole,2,2,82,193,26.62580879,198.295,26.62580879
G0400,"Home sleep test (hst) with type iv portable monitor, unattended; minimum of 3 channels",5,5,183,193,51.7437099378,484.23655836999995,69.0351902692
82626,Dehydroepiandrosterone (dhea) hormone level,2,2,131,192,24.9338743315,51.595,24.9338743315
96409,Administration of chemotherapy into vein using push technique,8,8,102,192,77.512760068875,354.125,99.374101310375
63655,Removal of spine bone for insertion of neurostimulator electrode plate in spine,12,12,191,191,3518.422610462583,13776.687989525,4411.954804195167
99446,"Telephone or internet assessment with verbal and written report by consulting physician, 5-10 minutes",5,5,151,191,15.0862177126,76.052631579,19.6294654932
81525,Gene analysis (colon related cancer),1,1,191,191,3079.4563351,4420.0,3079.4563351
93287,"Programming of single, dual or multiple lead implantable defibrillator system before or after surgery",6,6,110,191,18.145088535166668,129.32670940166668,22.709406716999997
13133,"Complicated repair of wound of forehead, cheeks, chin, mouth, neck, underarms, genitals, hands, or feet, each additional 5.0 cm or less",6,6,162,190,119.72163001666667,394.84833333333336,149.64217234499998
87625,"Detection test by nucleic acid for human papillomavirus (hpv), types 16 and 18 only",5,5,171,190,39.972045427,162.31136363599998,39.972045427
87906,"Analysis test by nucleic acid for hiv-1 virus, other region",2,2,167,190,127.192965225,513.163459805,127.192965225
28270,Incision of joint capsule of foot and toe,6,6,129,189,250.83073401166666,1122.5533584633333,319.9265302283333
25609,Treatment of 3 or more broken lower forearm bone pieces on thumb side inside wrist joint with placement of stabilizing device,13,13,188,189,1423.5731942407692,6266.550112969231,1787.278025333077
96156,Assessment of health behavior,8,8,174,188,69.63754632724999,240.00816095625,90.432204276625
38570,Biopsy and removal of lymph nodes of abdominal cavity using an endoscope,12,12,188,188,157.8140593595,2130.458642345833,198.72487593016663
43762,Replacement of stomach stoma tube,5,5,138,187,165.8666626626,453.48199999999997,207.7071008886
86695,"Analysis for antibody to herpes simplex virus, type 1",6,6,173,187,13.011889109333334,50.39501587316667,13.011889109333334
92287,Imaging of front third of eye using a special camera after injection of a dye,2,2,140,187,150.57884674500002,390.0,190.50161733
95991,Maintenance of spinal canal or brain drug infusion pump by health care professional,2,2,44,187,78.41733914049999,497.0,105.330610915
G0405,"Electrocardiogram, routine ecg with 12 leads; interpretation and report only, performed as a screening for the initial preventive physical examination",9,9,186,186,3.5815020495999996,35.595959596,8.112202121988888
11303,"Shaving of skin growth of body, arms, or legs, more than 2.0 cm",8,8,158,186,105.7793363345,252.83404551625,139.3324487375
78608,Nuclear medicine study of brain with metabolic evaluation,5,5,186,186,1094.1344675746,3983.6,1376.4707440946
00210,Anesthesia for other procedure on brain,12,12,181,184,437.2996603925,4544.033394391667,549.5101130233334
Q0222,"Injection, bebtelovimab, 175 mg",10,10,183,183,392.88177088369997,912.362520237,392.88177088369997
77432,Management of complete single session course of cranial lesion surgery using radiation,9,9,176,183,347.1664252722222,1956.3301587333335,435.3290653022222
52224,"Destruction of growth of bladder and urethra using an endoscope, less than 0.5 cm",9,9,149,183,413.12631025666667,2259.2,523.0533606433332
75630,Review by radiologist of abdominal aorta and both leg arteries image,9,9,167,182,88.66558533411111,467.61276589444446,111.05659543433333
A9541,"Technetium tc-99m sulfur colloid, diagnostic, per study dose, up to 20 millicuries",6,6,172,180,134.8663366315,321.8248617916667,170.78965611533332
17260,"Destruction of cancer skin growth of trunk, arms, or legs, 0.5 cm or less",8,8,148,179,56.283616647125,193.31129261375,73.996088774
61624,Occlusion of central nervous system or spinal cord artery,8,8,149,178,898.3061667950001,5712.4672619625,1124.25816582875
85362,"Coagulation function analysis, agglutination slide, semiquantitative",2,2,132,178,6.7796445221,68.35448717950001,6.7796445221
87206,Special fluorescent and/or acid fast stain for microorganism,4,4,126,178,5.289740772375,50.18579958425,5.289740772375
93455,Insertion of tube in bypass graft for diagnosis with review by radiologist,11,11,173,178,182.60350034818183,1218.9393939363638,229.40715083545456
28232,Incision to lengthen toe tendon,5,5,89,178,214.662414364,1017.067434714,269.19095124
55899,Other procedure on male genital system,6,6,176,178,283.6223916435,3656.8914141166665,356.95853486833335
86305,Analysis of female reproductive genetic marker,2,2,84,178,20.6028115945,282.44769565,20.6028115945
73551,"X-ray of thigh bone, 1 view",5,5,162,178,13.41173494812,64.99776,17.37964573836
36227,Insertion of tube into external neck artery for diagnosis or treatment with review by radiologist,8,8,165,178,140.83858811925,915.584107345,176.16605034375
80201,Topiramate level,2,2,145,178,11.7788663965,118.31923077,11.7788663965
33370,Placement and subsequent removal of device to protect brain from embolism through catheter using imaging guidance,6,6,176,178,105.84474615916668,514.5416666666666,132.38940302
70140,"X-ray of face bones, 1-2 views",3,3,177,177,24.659798611,54.31,31.948986111
26160,Removal of growth of tendon finger or hand,10,10,167,177,351.33563777999996,2689.34554545,446.51249471600005
77261,Simple radiation therapy planning,4,4,162,177,58.40188602575,176.4921052625,74.26408339400001
31295,Dilation of nasal sinus using an endoscope,5,5,176,176,1746.93305156,7390.24704106,2184.7177622
80235,Measurement of lacosamide,3,3,118,175,26.570080883,207.67047197666668,26.570080883
11980,Placement of hormone pellet under skin,5,5,86,175,63.2463405042,287.446,87.0705332446
50081,"Removal or crushing kidney stone or insertion of kidney stent using an endoscope, more than 2.0 cm",2,2,154,175,2107.0551382,8692.5,2630.2495785
37243,Occlusion of growths or obstructed vessels with review by radiologist,8,8,144,175,442.77471776,20102.013263875,556.78642294625
99494,"Psychiatric collaborative care management per calendar month, each additional 30 minutes",4,4,75,174,41.87450448075,110.7127985075,53.31149060875
92555,Test for ability to detect and repeat spoken words,3,3,173,174,18.073823368333333,47.460914454333334,26.251033535333335
85307,Activated protein resistance assay,2,2,169,173,15.1266877365,145.58743242999998,15.1266877365
36005,Injection for x-ray imaging procedure into vein of arm or leg,8,8,155,172,43.838401487625,551.267752525,54.375113904875
98980,"Remote therapeutic monitoring treatment management services by physician or other qualified health care professional, first 20 minutes per calendar month",4,4,111,172,41.42601018675,154.84,52.798552985499995
J3315,"Injection, triptorelin pamoate, 3.75 mg",2,2,25,172,274.56656700999997,860.265,347.19388179
42975,Evaluation of sleep-disordered breathing by examination of upper airway using an endoscope,9,9,172,172,71.58663801633332,1441.939735448889,93.17034682633333
Q4022,"Cast supplies, short arm splint, adult (11 years +), fiberglass",11,11,154,172,10.209622533072727,47.09090909090909,13.125920053727272
93986,Complete ultrasound of artery and vein blood flow pre-op assessment on side of body for hemodialysis access,8,8,168,171,99.84875620375,390.3543083,132.357290441375
91309,Sarscov2 vac 50mcg/0.5ml im,5,5,171,171,0.01,0.01,0.01
49424,Injection of contrast through abdominal cavity tube for x-ray study,9,9,129,171,26.464085951444446,327.06138689,33.98927757566667
99416,"Extended office or other outpatient service by clinical staff, each additional 30 minutes",1,1,19,170,5.0338235294,100.0,6.3038235294
77003,Fluoroscopic guidance for spine or back muscle injection,8,8,160,170,38.461632483,200.4375,48.557755478749996
94621,Test for exercise-induced heart and lung stress,6,6,156,170,94.97684928950001,240.41519607833334,124.12772735316666
64632,Destruction of foot nerve,3,3,86,169,67.08353665166668,132.80837119333333,88.83166230033333
29240,Placement of strapping to shoulder,3,3,41,169,23.665444373,54.24827586199999,30.250958513666664
83630,Stool lactoferrin (immune system protein) analysis,4,4,164,169,19.34618361925,85.24441176475,19.34618361925
J7644,"Ipratropium bromide, inhalation solution, fda-approved final product, non-compounded, administered through dme, unit dose form, per milligram",3,3,80,168,0.13938108593333334,5.433387270866667,0.19974829196666666
98966,"Telephone medical discussion provided by nonphysician professional, 5-10 minutes",4,4,73,168,8.169323297625,41.745923077,10.877624527125
36903,Insertion of needle and/or tube into hemodialysis circuit and insertion of stent in dialysis segment with review by radiologist,5,5,160,168,2669.795107404,10637.6,3342.4082851840003
27487,Revision of thigh and lower leg bone components of total knee joint prosthesis,11,11,157,167,842.783973789091,6097.411746163635,1058.847325689091
22843,"Placement of stabilizing device to back, 7-12 spine bone segments",8,8,166,167,527.740468799125,3086.79094077125,659.76354077
58558,Biopsy of lining of uterus and/or removal of polyp using an endoscope,11,11,165,167,740.2779071863637,4959.811388981819,936.5693386627273
25600,Closed treatment of broken forearm (radius) bone at the wrist area on the thumb side of the wrist without manipulation,11,11,166,167,266.2900771327273,1104.2807486636364,347.9940998890909
12001,"Simple repair of surface wound of scalp, neck, underarms, trunk, arms, or legs, 2.5 cm or less",12,12,161,166,41.309783240583336,377.05958892333337,54.906882220916664
86337,Insulin antibody measurement,1,1,163,166,21.129879518,215.98,21.129879518
67113,Complex repair of detached retina and drainage of eye fluid between lens and retina,6,6,131,166,1035.14473028,4698.75,1307.5870345283333
76080,Review by radiologist of abscess or sinus cavity study,4,4,106,165,19.2619074105,114.585714285,24.83593024425
0031A,"Intramuscular administration of single severe acute respiratory syndrome coronavirus 2 (covid-19) vaccine, dna, spike protein, adenovirus type 26 (ad26) vector, preservative free, 5x1010 viral particles/0.5ml dosage, single dose",6,6,163,165,38.71594815316667,53.53267195766667,38.71594815316667
68200,Injection into conjunctiva,4,4,80,165,25.401618254,381.25,33.869498631249996
77333,Design and construction of intermediate radiation treatment device,5,5,153,164,54.4687144322,262.14468013199996,68.3283120358
00160,Anesthesia for other procedure on nose and sinuses,9,9,163,164,145.4465028337778,2392.761685917778,182.03629663655556
45331,Biopsy of lower large bowel using a flexible endoscope,9,9,160,164,154.51684877344442,966.5208760744445,197.9417889968889
93241,"Heart rhythm recording, analysis, report, review, and interpretation of continous external ekg over more than 48 hours up to 7 days",9,9,158,163,174.19593005,486.92489958444446,226.33994102111112
J1720,"Injection, hydrocortisone sodium succinate, up to 100 mg",4,4,88,163,12.544456728,78.3325,16.01978330325
93613,Insertion of tube for 3d mapping of electrical impulses to heart muscle,8,8,160,162,244.05834970125,816.85982142875,304.86189136875
92979,"Ultrasound evaluation of heart blood vessel or graft with review by radiologist, each additional vessel",7,7,141,162,62.00213684242857,205.42499999999998,77.53939378685713
84135,Pregnanediol (reproductive hormone) level,2,2,140,162,17.789360338,21.57,17.789360338
Q0220,"Injection, tixagevimab and cilgavimab, for the pre-exposure prophylaxis only, for certain adults and pediatric individuals (12 years of age and older weighing at least 40kg) with no known sars-cov-2 exposure, who either have moderate to severely compromise",5,5,137,161,0.009966666660000002,0.01,0.009966666660000002
28308,Incision or partial removal of foot bone (other than big toe) to straighten toe,6,6,112,161,440.9967817683333,3569.3956397833335,554.081344495
99447,"Telephone or internet assessment with verbal and written report by consulting physician, 11-20 minutes",6,6,153,161,28.587231489,125.91666666666667,37.89944422
64708,Release of arm or leg nerve,2,2,114,160,212.02122093,807.4082558150001,266.42232558
86352,Analysis of cell function and analysis for genetic marker,2,2,147,160,134.20001593,269.26492753499997,134.20001593
90947,Dialysis procedure requiring repeat evaluation,1,1,48,160,108.1794375,620.0,134.9594375
11740,Removal of blood accumulation under fingernail or toenail,4,4,129,160,36.32733718125,101.42477593000001,45.7419028425
00144,Anesthesia for procedure on eye for corneal transplant,10,10,154,159,101.6630614115,1043.955686819,132.01022266759998
23412,Repair of chronic torn shoulder rotator cuff,9,9,157,159,1106.9052184255556,9799.068718,1389.6738255811113
85008,Microscopic examination for white blood cells,1,1,137,158,3.3944303797,12.005443038,3.3944303797
33430,Replacement of mitral valve on heart-lung machine,7,7,153,158,1842.3924857557142,8969.577260342858,2310.21627983
30117,Removal or destruction of growth of nose through nose,4,4,79,157,528.4572027975,2072.425190225,662.6611488325
43281,Repair of hernia of muscle at esophagus and stomach using an endoscope,9,9,156,157,879.6197297766666,5051.296196397778,1104.2452305
J7060,5% dextrose/water (500 ml = 1 unit),3,3,91,155,1.4000142968000002,144.4017094017,1.7837811965666666
72084,"X-ray of entire middle and lower spine, minimum of 6 views",9,9,153,155,44.13883346377778,230.3567251466667,57.072206724
33519,"Coronary artery bypass using vein or artery graft, 3 grafts",10,10,155,155,345.4492243234,1609.778484853,431.8532232975
55876,Placement of device in prostate for radiation therapy,10,10,154,155,68.75066549179999,558.723,87.54345845399999
00830,Anesthesia for other repair of lower abdomen hernia (1 year or older),10,10,153,154,107.1876172837,1437.580772345,135.0752549261
62284,Injection of contrast for imaging of lower spinal canal,10,10,149,154,85.9293780071,754.5,112.53214140330002
72200,"X-ray of joint between lower spine and hip bone, 1-2 views",5,5,142,154,16.98823384788,62.980399999999996,21.6237390051
P9612,"Catheterization for collection of specimen, single patient, all places of service",9,9,139,154,2.9463157867333334,10.229726458488889,2.9463157867333334
31653,"Exam of lung airways and sampling of lymph nodes using an endoscope and ultrasound guidance, 3 or more lymph nodes",8,8,152,154,171.60397854,2887.0786564625,224.6754644075
G0143,"Screening cytopathology, cervical or vaginal (any reporting system), collected in preservative fluid, automated thin layer preparation, with manual screening and rescreening by cytotechnologist under physician supervision",1,1,153,153,26.716470588,90.0,26.716470588
46930,Destruction of internal hemorrhoids using heat,2,2,95,153,108.5121479965,675.0,152.306418293
85385,Fibrinogen (factor 1) antigen detection,1,1,133,153,14.279411765,52.0,14.279411765
87497,"Detection test by nucleic acid for cytomegalovirus, quantification",1,1,50,152,42.090789474,223.36644737,42.090789474
99452,"Telephone or internet referral service, 30 minutes",4,4,111,152,29.91834166675,89.0208,37.671675
86777,Analysis for antibody to toxoplasma (parasite),2,2,148,151,14.2237246155,108.50653846,14.2237246155
92627,"Evaluation of hearing function related to surgically implanted hearing device, each additional 15 minutes",4,4,56,150,13.757215559,68.0,20.47231779975
83518,"Analysis of substance using immunoassay technique, single step method",3,3,140,150,9.396247086233332,25.0,9.396247086233332
64480,"Injection of anesthetic and/or steroid drug into upper or middle spine nerve root using imaging guidance, each additional level",6,6,110,149,87.95963834016668,601.9904761833333,110.72894535716667
57282,Repair of pelvic ligaments through vagina,8,8,149,149,251.183050092125,1643.26785715,315.560562500375
94762,Test to measure oxygen level in blood using ear or finger device continuously overnight,6,6,133,149,20.962671397333335,59.45098039216666,26.998336647166667
G2086,"Office-based treatment for opioid use disorder, including development of the treatment plan, care coordination, individual therapy and group therapy and counseling; at least 70 minutes in the first calendar month",2,2,93,148,333.722256135,545.98,418.764233575
99427,"Principal care management services for a single high-risk disease, each additional 30 minutes of clinical staff time directed by health care professional, per calendar month",1,1,74,148,35.572364865,75.0,44.449864865
77525,Complex proton beam radiation treatment,1,1,56,148,938.78689189,4700.0,1179.6367568
11604,"Removal of cancer skin growth of body, arms, or legs, 3.1-4.0 cm",10,10,144,148,186.81582401999998,606.682,238.754063008
95924,"Testing of autonomic (sympathetic and parasympathetic) nervous system function, at least 5 minutes of tilt",5,5,147,148,90.64440256380001,353.385692308,117.567865934
29425,Application of walking cast covering below knee to toe,4,4,92,147,45.14009120825,196.5,59.91548195775
69200,Removal of foreign body in ear canal,8,8,136,147,57.59052207175,279.96440031375,81.390467437875
00873,Anesthesia for shock wave therapy for urinary system stones without water bath,10,10,144,146,126.7751790405,1376.569395085,158.6591469114
82803,Blood gases measurement,4,4,144,146,25.312129841249998,73.0,25.312129841249998
78454,Nuclear medicine studies of heart muscle at rest and with stress with single 2d image,4,4,145,145,49.36351120975,349.0,64.14637990425
73525,Review by radiologist of hip joint image,5,5,130,145,79.3195326164,299.70076470600003,103.14782679340001
29822,Limited removal of abnormal shoulder joint tissue using endoscope,7,7,145,145,206.46247404387142,2214.683219814286,258.7874180774285
17280,"Destruction of cancer skin growth of face, ears, eyelids, nose, lips, or mouth, 0.5 cm or less",7,7,134,144,78.66174848157142,212.51747899142856,104.14539853114286
27369,Injection of contrast for imaging of knee joint,4,4,118,144,94.150192129,278.0727272725,122.971163299
0507T,Near infrared dual imaging of tear glands with interpretation and report,2,2,96,143,16.505347389500002,89.5,22.067307229
43275,Removal of stent from pancreatic or bile duct using a flexible endoscope,8,8,141,143,273.99898705124997,1079.0165140375,352.64320777
01924,Anesthesia for x-ray on arteries,10,10,127,142,185.909438294,1771.55245726,237.158202733
76513,Ultrasound scan of eye using water bath method,5,5,140,142,74.41587681440001,230.834727272,100.98163002880001
70492,Ct scan of soft tissue of neck before and after contrast,9,9,141,142,149.91699573355555,743.1996786322222,195.95215299833333
61796,"Computer-assisted radiosurgery of simple growth of brain, first growth",3,3,121,142,808.45485126,8416.333333333334,1010.2072102266666
86079,Blood bank physician services with written report,1,1,111,142,38.540352113,197.02816901,50.987183099
81455,Test for detecting genes associated with cancer,2,2,141,141,2875.8600432000003,7526.0,2875.8600432000003
43273,Exam of common bile and/or pancreatic duct using a flexible endoscope,5,5,102,141,95.3457284446,867.125,119.32372844599999
M0247,"Intravenous infusion, sotrovimab, includes infusion and post administration monitoring",4,4,140,140,467.680625,800.0,467.680625
73706,Ct scan of blood vessels of lower leg with contrast,2,2,72,140,67.3939799635,294.0,91.3433424405
87230,Microbial toxin or antitoxin assay,1,1,138,140,19.497642857,143.00307143,19.497642857
0330T,Tear film imaging of one or both eyes,1,1,139,140,12.573357143,39.0,20.543285714
93893,Ultrasound of within the brain blood flow for blood clots with microbubble injection,1,1,137,140,158.8635,800.0,202.932
37215,Insertion of stent and blood clot protection device in neck artery with review by radiologist,7,7,135,139,769.3389337899999,6947.604285714285,966.0525316699999
67961,Removal of up to 1/4 of eyelid margin and repair of eyelid,2,2,90,139,314.35173043,1120.709375,401.744912385
98981,"Remote therapeutic monitoring treatment management services by physician or other qualified health care professional, each additional 20 minutes per calendar month",2,2,41,139,30.730162352,92.91017441849999,38.528841596999996
63056,"Release of lower spinal cord and/or nerves, single segment",2,2,136,138,365.738778779,2661.5,458.19877878
93650,Destruction of heart conduction tissue to create heart block,10,10,135,138,443.37247067300007,1523.55904762,558.882283714
36246,"Insertion of tube into abdominal, pelvic, or leg artery, initial second order branch",7,7,124,138,346.28426003285716,1961.2589055857145,434.65449738857143
G0513,"Prolonged preventive service(s) (beyond the typical service time of the primary procedure), in the office or other outpatient setting requiring direct patient contact beyond the usual service; first 30 minutes (list separately in addition to code for preve",1,1,138,138,70.123623188,100.0,70.123623188
34713,Exposure of groin artery for delivery of graft,8,8,136,138,69.555040161125,887.11129403025,86.9001820005
82010,"Ketone bodies analysis, quantitative",2,2,118,137,8.093384615400002,94.58425,8.093384615400002
85415,Plasminogen activator (fibrinolytic factor) measurement,2,2,89,137,16.9750474305,215.000187745,16.9750474305
81025,Urine pregnancy test,6,6,85,137,8.294337135200001,27.959999999999997,8.294337135200001
M0223,"Intravenous injection, bebtelovimab, includes injection and post administration monitoring in the home or residence; this includes a beneficiary's home that has been made provider-based to the hospital during the covid-19 public health emergency",3,3,136,137,539.0418832633333,1133.3333333333333,539.0418832633333
95868,Needle measurement of electrical activity in muscles on both sides of body,1,1,113,137,51.79810219,1310.0,64.80810219
84181,Protein measurement,1,1,116,136,16.8025,162.99073529,16.8025
83918,Organic acids level,2,2,119,136,23.368767857,169.539589285,23.368767857
86403,Screening test for presence of antibody,2,2,126,136,11.404083554,86.71184466,11.404083554
75984,Review by radiologist of image for replacement of stomach or large bowel tube,6,6,96,136,30.792065809333334,219.0,38.69741934466666
01200,Anesthesia for closed procedure on hip joint,7,7,126,136,66.40546048257143,928.3412322642858,83.86824624028573
43659,Other procedure on stomach using an endoscope,6,6,133,136,893.9139126,9367.110317383333,1119.4107940766667
0509T,Pattern recording of retinal electrical responses to external stimuli with interpretation and report,3,3,125,135,54.350765765666665,203.66666666666666,72.547511261
36222,Insertion of tube into extracranial artery for diagnosis or treatment with review by radiologist,2,2,118,135,251.359104515,9626.7436975,318.19079044
67950,Reconstruction of eyelid margin,5,5,125,134,305.787080974,1355.43374102,383.958589188
21208,Incision and repair of bony defect of cheek bone with repositioning of bony segment,3,3,77,134,774.5314542299999,2194.1957614666667,970.6404957466667
J3360,"Injection, diazepam, up to 5 mg",2,2,87,133,4.6411315789500005,21.0263157895,6.1690000000000005
66183,Insertion of eye fluid drainage device,6,6,112,133,1031.7442441316666,3512.8262152499997,1294.7488851866667
99449,"Telephone or internet assessment with verbal and written report by consulting physician, more than 30 minutes",6,6,123,133,56.29657911166667,283.29897625,74.3785601285
G2076,"Intake activities, including initial medical examination that is a complete, fully documented physical evaluation and initial assessment by a program physician or a primary care physician, or an authorized healthcare professional under the supervision of a",2,2,51,132,192.77337255,203.240882355,197.575529415
64727,Release of nerve using operating microscope,2,2,76,132,146.017733335,500.0,183.43200000000002
28010,Repair of toe tendon,4,4,77,132,139.50753925499998,463.85,188.8639797625
69420,"Incision, aspiration, and/or inflation of eardrum",5,5,115,132,167.130892136,510.59479981999993,212.180679422
84080,"Phosphatase (enzyme) measurement, alkaline, isoenzymes",4,4,120,131,14.5473167295,58.47240384625,14.5473167295
61885,Insertion of brain neurostimulator pulse device with connection to single electrode array,5,5,130,131,505.81030357199995,4065.75523808,633.218804762
91120,Test for tone and sensation of rectum and anus,7,7,118,131,351.4880551554285,1174.9126817085712,448.1183122622857
19125,"Removal of growth of breast identified by x-ray marker, first growth",9,9,131,131,470.3887562533334,2909.3170093777776,591.2649196733333
91035,Monitoring and recording of esophageal function through a capsule attached to the esophagus wall,6,6,128,130,159.90269178916665,2780.4145507033336,200.73586778016667
83704,"Lipoprotein level, quantitation of lipoprotein particle number(s)",2,2,117,130,31.245744048,87.575892857,31.245744048
51600,Injection procedure for imaging of bladder during voiding,6,6,128,130,82.062011424,665.5241025633333,104.58528492250001
85536,Blood smear for iron,1,1,125,130,6.7911538462,20.0,6.7911538462
27093,Injection of contrast for imaging of hip joint,4,4,107,130,167.973058541,896.0428611675,215.51233853275
19303,Simple complete removal of breast,7,7,129,130,736.0146864414286,3568.2096475,926.5764762299999
77321,Special radiation therapy planning for delivery of external radiation,7,7,127,129,63.27150241271429,437.91468254,80.10426885300001
95724,"Measurement of brain wave activity with video (veeg), 61-84 hours with review and report by health care professional",5,5,126,129,254.729702396,1114.59165218,320.89625994200003
97537,"Training for community or work reintegration, each 15 minutes",2,2,23,129,19.680462874,74.44860294099999,24.8422492765
36479,"Laser destruction of incompetent veins of arm or leg using imaging guidance, subsequent",2,2,85,129,229.35159665,1067.5,287.27159665
37238,"Insertion of stent in vein with review by radiologist, initial vein",4,4,115,129,1649.47094247,4680.7022420525,2068.7159176675
22214,Incision or removal of lower spine bone segment,7,7,128,129,373.4176224364286,4620.309990017143,467.7370747242857
93660,Evaluation of heart function using tilt table,6,6,129,129,70.37566706683333,333.8112329516667,90.61482380466667
38505,Needle biopsy or removal of surface lymph nodes,8,8,128,128,75.6030724915,492.264102565,98.44736092025
21110,Application and removal of dental fixation device,1,1,118,128,676.86382813,1550.0,855.33164063
32663,Exam of lung with removal of lung lobe using an endoscope,8,8,128,128,901.4792386975,4024.0181818125,1130.9303538
J1240,"Injection, dimenhydrinate, up to 50 mg",1,1,24,127,5.688976378,20.0,7.4072440945
31623,Exam of lung airways using an endoscope,6,6,123,127,2.5955506151,435.86231884,4.5254673042
26440,Release of tendon of palm or finger,1,1,23,127,302.47354331,3434.8346457,379.44488189
70210,"X-ray of paranasal sinus, 1-2 views",6,6,120,127,17.39548888571667,56.178333333333335,24.358662832483333
67810,Biopsy of eyelid,8,8,120,127,129.2349155115,360.0178571425,168.793229129875
45382,Control of bleeding of upper large bowel using a flexible endoscope,8,8,122,125,203.51148108875,1616.3190476125,258.26764282875
22848,Insertion of instrumentation to pelvic bones,8,8,124,124,215.893904431125,966.4909090875,269.921177157375
63053,Partial removal of bone of additional segment of spine in lower back with release of spinal cord and/or nerves during fusion of spine in lower back,5,5,82,124,112.76073043480001,693.267826087,141.14828524939998
21235,Obtaining ear cartilage for grafting,5,5,116,124,250.075173538,2897.2,313.161174276
90472,"Administration of vaccine, each additional vaccine",5,5,91,124,8.9066804279,32.0,13.301255102999999
74185,Mri scan of blood vessels of abdomen,4,4,124,124,250.00498152025,1576.836284575,318.5116399525
86710,Analysis for antibody to influenza virus,2,2,66,123,13.379232198499999,145.524272445,13.379232198499999
30580,Repair of abnormal drainage tract between nasal sinuses,1,1,99,123,276.90772358,1071.08,347.12772358
67335,Placement of adjustable sutures during eye muscle surgery,4,4,119,123,174.3089366825,1045.1545747475,218.1365746075
94690,Test to measure exhaled air for evaluation of lung function at rest,2,2,99,122,31.9183531915,77.60666666649999,42.973256738
95076,"Test for allergy using ingested items, initial 2 hours",7,7,110,122,95.97953976085715,305.1238095242857,126.12433675285715
96165,"Treatment of behavior impacting health in group setting, each additional 30 minutes",1,1,15,122,3.6690163934,24.0,4.5990163934
73222,Mri scan of arm joint with contrast,7,7,120,122,113.25849848228572,927.4761904757142,146.91342883914285
87425,Detection test by immunoassay technique for rotavirus,2,2,114,122,11.833974358999999,120.991388889,11.833974358999999
81381,Hla class i typing high resolution one allele or allele group,1,1,49,122,44.131229508,55.008196721,44.131229508
36010,Insertion of tube into vena cava,6,6,111,121,310.4432977183333,1156.1361531833334,391.8105045195
70460,Ct scan head or brain with contrast,4,4,119,121,38.48312175825,204.75,54.53343127225
20245,Biopsy of deep bone,4,4,111,121,166.9048914475,2003.3739583325,208.9400789475
29530,Placement of strapping to knee,2,2,47,121,24.487649152,76.879310345,30.7355856595
22846,"Placement of stabilizing device to front, 4-7 spine bone segments",6,6,120,120,533.47343994,2676.1078431333335,667.90433994
95907,"Nerve conduction, 1-2 studies",4,4,120,120,56.50431730775,231.4415384625,74.111603022
83020,"Hemoglobin analysis and measurement, electrophoresis",3,3,119,120,13.147935455333334,57.29333333333333,16.516226054
M0243,"Intravenous infusion or subcutaneous injection, casirivimab and imdevimab includes infusion or injection, and post administration monitoring",4,4,119,120,419.0433076925,622.884615385,419.0433076925
85301,Antithrombin iii antigen (clotting inhibitor) level,1,1,118,120,10.673416667,202.17433333,10.673416667
70150,"X-ray of face bones, minimum of 3 views",3,3,74,120,24.350534165,51.46809631033333,32.426116533333335
74175,Ct scan of blood vessels of abdomen with contrast,7,7,118,120,99.48445870385714,477.7604819428571,129.58059759457143
81291,"Gene analysis (5, 10-methylenetetrahydrofolate reductase) common variants",2,2,120,120,64.857631579,68.673473684,64.857631579
Q4049,"Finger splint, static",4,4,91,119,1.784379010825,17.76315789475,2.261543189925
57156,Insertion of device into vagina for radiation therapy,2,2,26,119,123.391911765,1171.0,155.22764705999998
83631,Stool lactoferrin (immune system protein) level,1,1,119,119,19.374537815,155.50420168,19.374537815
29085,Application of hand and lower forearm cast,7,7,96,119,69.1541301157143,224.28571428571428,95.87157933228572
86008,"Measurement of antibody (ige) to allergic substance, recombinant or purified component, each",1,1,23,119,17.452016807,32.910420168,17.452016807
81307,Gene analysis (partner and localizer of brca2) full sequence analysis,1,1,119,119,663.53806723,676.5,663.53806723
88161,"Screening examination of specimen cells, preparation, screening and interpretation",2,2,114,119,19.580595238,79.0,24.808214286000002
92522,Evaluation of speech sound production,5,5,108,118,77.04100481020001,521.6,100.4488635296
37246,"Balloon dilation of artery with review by radiologist, initial artery",2,2,65,118,1155.1655624999999,4896.4455921,1447.0950987
92549,Test for balance and posture with motor control and adaption test,3,3,117,117,50.951339628,206.31000000000003,65.87060071133332
95715,"Measurement of brain wave activity with video (veeg), 12-26 hours with intermittent monitoring",2,2,43,117,735.36152225,3000.0,921.56152223
J0278,"Injection, amikacin sulfate, 100 mg",1,1,21,115,0.6367826087,16.069652174,0.8376521739
0275T,"Removal of bone from lower spine for decompression of nerve tissue using imaging guidance, accessed through the skin",7,7,114,115,1734.7558437171429,8739.480219785715,2174.6645451757145
86850,Screening test for red blood cell antibodies,3,3,106,115,9.6361379755,38.623333333333335,9.6361379755
81212,"Gene analysis (breast cancer 1 and 2) for 185delag, 5385insc, 6174delt variants",1,1,115,115,437.16869565,575.0,437.16869565
G0307,"Complete (cbc), automated (hgb, hct, rbc, wbc; without platelet count)",1,1,74,115,6.3948695652,23.9,6.3948695652
L8606,"Injectable bulking agent, synthetic implant, urinary tract, 1 ml syringe, includes shipping and necessary supplies",2,2,57,115,174.88398936,425.0,219.07898936
30903,Complex control of nose bleed,7,7,100,115,211.85248113714286,611.0823367814285,284.01108668714284
10120,"Removal of foreign body from tissue, accessed beneath the skin, simple",4,4,61,115,74.8907598855,221.9417948725,112.01400050199999
37226,Insertion of stent in arteries of leg,6,6,106,114,313.35595242666665,8470.566823413334,393.76277806333337
31600,Incision of windpipe for insertion of breathing tube (older than 2 years),6,6,114,114,242.27753576333336,1238.7891666666667,303.28494316999996
61645,Removal of blood clot and injection to dissolve blood clot from head artery using fluoroscopic guidance,8,8,110,114,676.8122725737501,2848.6189845625,848.720969155
68801,Dilation of tear drainage opening,5,5,92,114,97.5450447858,407.25319963799996,126.11519854399998
66986,Exchange of prosthetic lens,7,7,108,114,684.2697364457143,3741.5440659285714,859.9571740957143
81219,"Gene analysis (calreticulin), common variants",4,4,113,113,119.521162885,456.63297619,119.521162885
88237,Tissue culture for tumor disorders of bone marrow and blood cells,2,2,91,113,142.18621052499998,509.84868421,142.18621052499998
27457,"Incision or partial removal of upper portion of lower leg bone to repair deformity, after bone growth completed",1,1,113,113,401.03522124,2999.5752212,500.8539823
70330,X-ray of jaw joints on both sides of mouth,1,1,112,113,41.912654867,106.0,52.512654867
79445,Radioactive drug therapy through a tube inserted in an artery,5,5,69,112,86.664054777,388.492413794,108.50678811
37191,Insertion of vena cava filter with review by radiologist,8,8,111,112,176.2576277925,2148.7083333375,221.19263327625
50432,Placement of tube of kidney using imaging guidance with review by radiologist,8,8,106,112,162.70736828,1496.7322626887499,206.52112227375
67903,Shortening or advancement of upper eyelid muscle to correct drooping or paralysis,3,3,99,111,465.0893098266667,5639.114838099999,588.1314345933333
81270,Gene analysis (janus kinase 2) variant,3,3,111,111,90.61175043466666,413.3333333333333,90.61175043466666
01210,Anesthesia for other procedure on hip joint,7,7,111,111,137.96541383714288,1624.859550535714,172.71436192857144
52351,"Diagnostic exam of bladder, urethra, and ureter or kidney using an endoscope",7,7,106,111,554.4442444914285,2433.4285714285716,700.0725554771428
01380,Anesthesia for closed procedure on knee joint,2,2,61,110,54.761329412,214.2,68.704952941
62324,Insertion of tube and injection of substance into middle or upper spine canal,5,5,109,110,73.3673983198,733.0379329040001,93.388314987
87275,Detection test by immunofluorescent technique for influenza b virus,5,5,95,110,12.0440832514,31.628000000000004,12.0440832514
G6003,"Radiation treatment delivery, single treatment area,single port or parallel opposed ports, simple blocks or no blocks: up to 5 mev",1,1,15,110,113.47927273,248.65,144.94827273
01270,Anesthesia for other procedure on artery of upper leg,6,6,99,110,281.00166548500005,1486.3794007233334,353.7233362883333
92625,Evaluation of hearing ringing in ear,2,2,101,110,47.0652355075,131.5,62.440138888999996
G0270,"Medical nutrition therapy; reassessment and subsequent intervention(s) following second referral in same year for change in diagnosis, medical condition or treatment regimen (including additional hours needed for renal disease), individual, face to face wi",1,1,50,110,32.558454545,131.0,32.558454545
43270,"Destruction of polyp or growth of esophagus, stomach, and/or upper small bowel using a flexible endoscope",5,5,87,110,161.99899965,914.58825,211.111118346
57260,"Plastic repair of vagina and tissue separating vagina, rectum, and bladder",6,6,109,109,386.16562991366663,2568.8576882283332,483.475279538
37232,"Balloon dilation of artery of leg, each additional vessel",4,4,69,109,553.1578478275001,1614.538043475,691.1707826100001
82104,"Alpha-1-antitrypsin (protein) blood test, phenotype",2,2,107,109,14.283412882,160.724698795,14.283412882
90746,"Hepatitis b vaccine, adult dosage (3 dose schedule)",5,5,79,108,69.3924626372,153.0,69.3924626372
70487,Ct scan of face with contrast,5,5,102,107,52.1079247612,402.543174602,67.79669174680001
52352,Removal or manipulation of stone in ureter or kidney using an endoscope,7,7,105,107,187.75046250014287,1463.5714285714287,235.4131695657143
64611,Injection of chemical for paralysis of salivary glands on both sides of mouth,2,2,38,107,85.6516785715,394.55277778000004,113.4761051595
77778,Complex application of radiation source,5,5,106,106,344.708097594,1831.5050909000001,434.197266882
33405,Replacement of aortic valve on heart-lung machine,7,7,106,106,1546.0449403285713,7019.1238559428575,1934.0872279
90714,Diphtheria and tetanus vaccine (7 years or older),8,8,106,106,20.852651515125,45.458333333375,27.8819554925
82042,"Cerebrospinal fluid, or amniotic fluid albumin (protein) level",4,4,95,106,7.6363287529249995,30.188448275749998,7.6363287529249995
22869,Placement of stabilizing device to lower spine level,5,5,103,106,2146.7516372460004,8305.9208421,2689.0429363139997
95926,Placement of skin electrodes and measurement of stimulated sites in legs,2,2,103,105,93.216170213,117.5,116.716170215
90865,Injection of hypnotic drug for psychiatric diagnosis or therapy,1,1,11,105,93.834,516.53333333,123.00295238
32666,Initial removal of wedge of lung tissue using an endoscope,4,4,104,105,691.1789902475,4519.063735175,863.05582928
43191,Diagnostic exam of esophagus using an endoscope,2,2,93,105,63.513446969499995,155.14527778000001,79.57198863650001
76965,Ultrasonic guidance for administration of radiation therapy,5,5,73,104,52.7699731936,254.63833333399998,65.9919731936
80159,Clozapine level,3,3,48,104,19.922391102000002,75.37740740733334,19.922391102000002
95860,"Needle measurement of electrical activity in arm or leg muscles, 1 extremity",2,2,104,104,43.3524444445,160.331904765,54.3124444445
81264,Gene rearrangement analysis (immunoglobulin kappa light chain locus) to detect abnormal clonal population,1,1,98,104,170.73846154,400.0,170.73846154
82671,"Estrogen analysis, fractionated",2,2,95,103,31.927665848,310.35972973,31.927665848
64582,Insertion of hypoglossal nerve neurostimulator electrode and generator and breathing sensor electrode,7,7,103,103,3327.252388768571,13219.936514985715,4176.42551802
33264,Removal and replacement of multiple lead defibrillator,7,7,103,103,308.3746401514286,1573.21038961,395.1597765157143
54200,Injection procedure to correct thickened penile tissue,1,1,17,103,71.424757282,345.0,96.424951456
31505,Diagnostic exam of voice box using an endoscope with mirror,2,2,97,103,72.35983760650001,189.51999999999998,100.275799143
95927,Placement of skin electrodes and measurement of stimulated sites in trunk or head,2,2,101,103,22.758957265,161.0,28.469726495499998
P9615,Catheterization for collection of specimen(s) (multiple patients),2,2,72,102,2.9571527778,5.5649999999999995,2.9571527778
28470,Closed treatment of broken bone in forefoot or midfoot,6,6,97,102,165.48632275166668,757.8128571433334,213.06238345
83150,Homovanillic acid (organic acid) level,1,1,101,102,22.259509804,50.0,22.259509804
11623,"Removal of cancer skin growth of scalp, neck, hands, feet, or genitals, 2.1-3.0 cm",3,3,99,102,115.02040204666667,440.52222222333336,143.78706871333333
88285,"Chromosome analysis for genetic defects, additional cells counted, each study",2,2,99,102,26.533763475,79.265060241,26.533763475
11308,"Shaving of skin growth of scalp, neck, hands, feet, or genitals, more than 2.0 cm",3,3,47,101,84.43944741666667,170.30303030333334,111.58060160433332
A9584,"Iodine 1-123 ioflupane, diagnostic, per study dose, up to 5 millicuries",4,4,101,101,2065.621129825,4293.88,2587.6876004
67700,Incision and drainage of abscess of eyelid,4,4,89,101,244.61936419,391.71511628,335.052882975
J0670,"Injection, mepivacaine hydrochloride, per 10 ml",1,1,86,101,2.3394059406,20.0,3.0218811881
60220,Removal of thyroid lobe on side of neck,6,6,101,101,487.55122729666664,2635.8064035166667,615.11675354
62304,X-ray of lower spinal canal with review by radiologist,4,4,101,101,128.6304501775,1113.32735849,178.8981621375
65435,Removal of outer layer of cornea,5,5,82,100,49.409424228800006,633.3743421,65.3909716426
27687,Lengthening of calf muscle,4,4,99,100,251.097266248,2813.379234825,316.50928322075
86308,Screening test for mononucleosis (mono),3,3,98,99,5.118212481966666,29.640634920666667,5.118212481966666
11313,"Shaving of skin growth of face, ears, eyelids, nose, lips, or mouth, more than 2.0 cm",3,3,81,99,127.84480631333334,309.10149211000004,176.5448158766667
99448,"Telephone or internet assessment with verbal and written report by consulting physician, 21-30 minutes",3,3,76,99,39.09025437533333,109.75925925933332,52.477073667000006
68815,Probing of nasal tear duct with insertion of tube or stent,5,5,79,99,397.242908498,2001.2832941200002,504.8816143800001
72081,"X-ray of entire middle and lower spine, 1 view",3,3,97,99,12.0358436435,68.66666666666667,20.741428066333334
83785,Manganese (heavy metal) level,2,2,84,98,26.340777256,170.73935837,26.340777256
23600,Closed treatment of broken top of upper arm bone,5,5,98,98,284.628004938,1063.34,358.58830165999996
85670,"Thrombin time, fibrinogen screening test, plasma",1,1,83,98,5.647755102,13.895102041,5.647755102
86593,Syphilis test,3,3,68,98,4.356389666966667,27.896666666666665,4.356389666966667
72074,"X-ray of middle spine, minimum of 4 views",6,6,96,97,24.613487103116665,94.80808080816666,32.18125586233333
17273,"Destruction of cancer skin growth of scalp, neck, hands, feet, or genitals, 2.1-3.0 cm",6,6,87,97,146.99755050500002,423.03999999999996,194.58998556999998
78014,Nuclear medicine study of thyroid and thyroid function,7,7,97,97,66.43473240542858,327.21,84.33705534900001
20900,Harvest of graft from small bone,3,3,96,97,67.82432422966666,886.2255952366667,84.91630602233333
30468,Repair of collapsed nostril using implant in side of nose,2,2,97,97,2044.5914295,7000.0,2567.6543309500003
0504T,"Analysis of data from ct study of heart blood vessels to assess severity of heart artery disease, anatomical data review",4,4,96,96,71.249419192,172.0,89.12176767675
20527,Injection of medication into palm,5,5,67,96,49.0081969542,273.8,69.618964662
64420,Injection of anesthetic agent and/or steroid into rib nerve,5,5,83,96,65.4870333334,682.955639098,82.34744035060001
01610,"Anesthesia for procedure on nerves, muscles, tendons, fascia, and bursae of shoulder and underarm",8,8,95,95,118.017053467125,1291.91605623625,147.73844041375
22554,Fusion of upper spine bones through front of neck with partial removal of disc,4,4,93,95,190.13456029425,2608.1613203224997,237.98374548175
83498,"Hydroxyprogesterone, 17-d (synthetic hormone) level",2,2,87,95,26.8448,184.15797778,26.8448
31615,Exam of windpipe and lung airways through permanent windpipe opening using an endoscope,3,3,64,95,87.58867208733334,600.99186992,121.60980427566666
95147,Professional service for preparation and provision of 3 stinging insect venom,1,1,11,95,43.101368421,119.0,61.845578947
23120,Partial removal of collar bone,5,5,94,94,448.03672367,5503.80057964,565.359315592
22854,Insertion of cage or mesh device in disc space during spine fusion,2,2,46,94,47.6765104165,683.125,59.69234375
86336,Inhibin a (reproductive organ hormone) measurement,1,1,61,94,15.404255319,239.6,15.404255319
92274,Measurement of retinal and optic nerve function targeting multiple separate locations,2,2,84,94,77.2056,257.5,99.658
84238,Chemical receptor analysis,2,2,74,94,36.156947464,220.53031249999998,36.156947464
92652,Evaluation of brain response to sound for determination of hearing threshold with interpretation and report,2,2,94,94,111.064773915,200.0,139.34723767999998
G0339,"Image-guided robotic linear accelerator-based stereotactic radiosurgery, complete course of therapy in one session or first session of fractionated treatment",3,3,92,93,2879.496901133333,11026.965720400001,3603.5769219666668
81286,Gene analysis (frataxin) of full sequence,1,1,93,93,274.68215054,274.83,274.68215054
36595,Mechanical removal of obstructive material from central venous tube,3,3,71,93,430.8469947533333,6353.666666666667,539.7812829933333
66988,Removal of cataract with insertion of prosthetic lens and laser treatment to decrease fluid production in eye,3,3,58,93,968.0727269099999,2066.6666666666665,1218.63620469
22600,Fusion of spine in neck by posterior approach,7,7,93,93,616.8059294042857,3541.3232600714286,770.8394112671429
55706,Needle biopsy of prostate gland using image guidance,5,5,92,93,269.671644666,1324.6120862,352.13688962799995
33509,Harvest of artery from arm for heart bypass graft using an endoscope,3,3,93,93,55.264427350999995,221.53333333333333,68.98776068433334
12041,"Intermediate repair of wound of neck, hands, feet, or genitals, 2.5 cm or less",3,3,83,92,142.49742424000002,349.0838787866667,179.91231313
28750,Fusion of big toe at joint with foot,6,6,91,92,831.8117022831666,4668.927083333333,1048.0302182584999
82017,Chemical test for genetic disorder,2,2,91,92,16.681754137,165.552444445,16.681754137
G0476,"Infectious agent detection by nucleic acid (dna or rna); human papillomavirus (hpv), high-risk types (e.g., 16, 18, 31, 33, 35, 39, 45, 51, 52, 56, 58, 59, 68) for cervical cancer screening, must be performed in addition to pap test",2,2,92,92,34.521410256500005,79.875,34.521410256500005
87561,"Detection test by nucleic acid for mycobacteria avium-intracellulare (bacteria), amplified probe technique",1,1,89,92,34.39,45.0,34.39
69990,Use of operating microscope,5,5,91,92,170.813404306,1150.370857142,213.41097573400003
77084,Mri scan of bone marrow,1,1,91,91,57.213736264,706.30769231,79.893076923
67911,Correction of widely-opened upper eyelid,2,2,55,91,370.29600876999996,4059.7715350500002,463.80179386
92520,Study of voice box function,3,3,90,91,47.579412393000005,149.0,59.520320512666665
36522,Mechanical separation of white blood cells and platelets from blood,1,1,13,91,77.91010989,4614.0,98.502637363
30801,Destruction of soft tissue of nasal passages,3,3,66,90,145.78130373333332,656.2929292933333,191.06477096333333
31535,Biopsy of voice box using an endoscope,1,1,90,90,158.79922222,391.0,202.59944444
82300,Cadmium level,1,1,88,90,23.344111111,170.55122222,23.344111111
43775,Partial removal of stomach for weight loss using an endoscope,7,7,89,89,612.6563275771429,3398.8214285714284,764.9988555842857
37248,"Balloon dilation of vein with review by radiologist, initial vein",3,3,72,89,571.5820693566667,2602.8288601633335,718.96050176
43261,"Biopsy of gallbladder, pancreatic, liver, and bile ducts using a flexible endoscope",6,6,79,89,16.589800420166664,1560.1735294166667,20.743427871166666
75736,Review by radiologist of pelvis artery image,1,1,43,89,44.768539326,257.0,56.028539326
66989,Complex extracapsular removal of cataract with insertion of artificial lens and insertion of drainage device in front chamber of eye,4,4,68,88,1212.5549181175,8256.188502674999,1530.5227256025
93641,Evaluation of single or dual chamber pacing cardioverter-defibrillator and generator at time of implantation or replacement,3,3,87,88,122.50203571333333,1191.6666666666667,154.42340476333334
64581,Insertion of sacral nerve neurostimulator electrode,5,5,87,88,1091.073027274,5596.0487878799995,1371.148963636
15769,Self soft tissue graft,2,2,86,88,497.18894101,2462.25,623.053120115
37233,"Removal of plaque in artery of leg, each additional vessel",2,2,72,88,943.4398698150001,3663.3046875,1182.1946354
88738,Hemoglobin measurement,2,2,71,88,4.97486972705,11.5776923075,4.97486972705
95719,"Measurement of brain wave activity (eeg), 12-26 hours with health care professional review and report",4,4,83,87,117.23369034000001,437.375,153.98340625
86778,Analysis for antibody (igm) to toxoplasma (parasite),1,1,84,87,14.221264368,128.09931034,14.221264368
0599T,"Fluorescence wound imaging for bacteria, each additional anatomic site",3,3,36,87,56.980740740733324,303.70870370333336,71.51462962966667
15273,"Skin substitute graft to wound 100.0 sq cm or more of trunk, arms, or legs, 100.0 sq cm or 1% body area for infants and children, or less",2,2,52,87,202.487682925,990.0,253.76487805
67908,"Removal of tissue, muscle, and membrane to correct eyelid drooping or paralysis",4,4,73,87,483.9798547875,2469.5136363624997,607.4816163475
86747,Analysis for antibody to parvovirus,3,3,52,86,14.776590909,124.09777777666666,14.776590909
46604,Dilation of anus using an endoscope,2,2,74,86,539.29215082,1113.0,691.43127213
13102,"Complicated repair of wound of trunk, each additional 5.0 cm or less",3,3,69,86,100.39988017366666,307.83,125.68558823333335
90739,"Hepatitis b vaccine, adult dosage",3,3,68,86,134.42821350666668,229.0,134.42821350666668
62350,"Insertion, revision, or repositioning of spinal canal tube for medication administration",5,5,80,86,557.6866535920001,3401.6,701.9102924299999
20973,Placement of bone and skin flap from big toe with connection of small blood vessels,1,1,50,86,2369.4339535,3143.3023256,2970.8506977
36800,Insertion of tube connecting vein to vein for hemodialysis,5,5,85,86,93.940331655,579.582142858,117.98233165399999
27437,Repair of kneecap,2,2,73,86,255.525043205,6362.5,319.690043205
43266,"Placement of stent in esophagus, stomach, and/or upper small bowel using a flexible endoscope",2,2,61,85,131.19359916500002,780.190561525,164.668390085
49180,Needle biopsy of growth of abdominal cavity,5,5,82,85,61.297015655799996,1056.6,78.2116466718
87305,Detection test by immunoassay technique for aspergillus (fungus),2,2,82,85,11.8256153845,226.55,11.8256153845
86644,Analysis for antibody to cytomegalovirus (cmv),2,2,81,85,13.9090669855,86.329772725,13.9090669855
00952,Anesthesia for exam of uterus using an endoscope,5,5,85,85,94.9807982446,1647.145497522,120.8012515726
00872,Anesthesia for shock wave therapy for urinary system stones with water bath,2,2,73,85,82.72375,1525.83653845,103.722096155
52240,Destruction and/or removal of large growth of bladder using an endoscope,5,5,79,85,280.60165284,1439.257142866,359.831628266
83050,"Methemoglobin (hemoglobin) analysis, quantitative",1,1,75,85,8.0016470588,93.0,8.0016470588
36011,"Insertion of tube into vein, first order branch",3,3,70,84,192.830142969,1351.9971565666667,244.43432323133334
15120,"Partial thickness self skin graft to face, scalp, eyelids, mouth, neck, ears, around eyes, genitals, hands, feet, fingers, or toes, 100.0 sq cm or 1% body area for infants and children, or less",4,4,80,83,484.764528845,1932.955,607.3553814075
99341,"New patient home visit, typically 20 minutes",2,2,83,83,39.127746806000005,65.5,53.611283391499995
82950,Blood glucose (sugar) level after receiving dose of glucose,2,2,50,83,4.6842207792,53.5,4.6842207792
36218,"Insertion of tube into chest or arm artery, additional second, third order and beyond",1,1,52,83,41.534698795,271.0,52.031566265
G0237,"Therapeutic procedures to increase strength or endurance of respiratory muscles, face to face, one on one, each 15 minutes (includes monitoring)",1,1,15,83,8.2609638554,68.0,10.319036145
78472,Nuclear medicine study of heart pumping function by labeling red blood cells with measurement of internal blood volume ejected with every beat over multiple cycles,4,4,82,83,128.70896467075,582.41,170.86202087075
75820,Review by radiologist of 1 arm or leg vein of 1 arm or leg image,5,5,80,83,41.539078431600004,158.4,51.9310784316
91038,Prolonged monitoring and recording of esophageal function through nasal tube with electrode,3,3,81,83,141.10835459199998,1079.9837037,177.5247491496667
99437,"Chronic care management services for two or more chronic conditions, additional 30 minutes provided personally by health care professional, per calendar month",2,2,41,82,46.477142857000004,99.642857145,59.474642857
G2083,"Office or other outpatient visit for the evaluation and management of an established patient that requires the supervision of a physician or other qualified health care professional and provision of greater than 56 mg esketamine nasal self-administration,",1,1,12,82,896.4,1200.0,1125.07
84207,Vitamin b-6 level,2,2,80,82,27.3521962095,74.436153846,27.3521962095
22630,"Fusion of lower spine bone and partial removal of spine bone or disc through back, 1 disc",4,4,82,82,1089.2603690575,3905.820833325,1363.6346726
31502,Change of breathing tube in windpipe,2,2,48,81,21.049612805000002,56.3709512195,26.3245213415
22515,"Treatment of broken spine bone with stabilizing device, each additional segment",3,3,51,81,916.25595115,7319.908045966667,1147.6770775866667
21026,Removal of face bone,2,2,54,81,205.490212125,913.913030305,257.40165151499997
49324,Insertion of abdominal cavity tube using an endoscope,5,5,80,81,220.560929914,1076.8939999999998,282.103077072
87329,Detection test by immunoassay technique for giardia (intestinal parasite),2,2,73,81,11.868505393,27.464999999999996,11.868505393
40812,Removal of growth of mouth with simple repair,4,4,68,80,201.919199675,684.2775,266.50591721
Q0111,"Wet mounts, including preparations of vaginal, cervical or skin specimens",2,2,67,80,15.744,23.0,15.744
68320,Repair of eyelid lining with graft from external eye,4,4,78,80,501.0540600325,2425.493269225,633.2942803975
21030,Removal of growth or cyst of jaw or upper cheek,1,1,70,80,209.489,874.68,262.479
87076,Bacterial culture for anaerobic isolates,1,1,57,79,7.9686075949,34.35,7.9686075949
70548,Mri scan of blood vessels of neck with contrast,3,4,79,79,56.272790347,223.5,72.0102029015
46500,Injection of hemorrhoid,1,1,55,79,301.36493671,500.0,379.86607595
11644,"Removal of cancer skin growth of face, ears, eyelids, nose, lips, or mouth, 3.1-4.0 cm",4,4,73,79,266.846129385,1443.45607143,342.779156225
0640T,"Noncontact near-infrared spectroscopy study of flap or wound with image acquisition, interpretation and report, each flap or wound",2,2,36,79,28.815154827199997,355.0,36.1308561021
00865,Anesthesia for extensive removal of prostate,5,5,79,79,229.36997229600001,2915.1049350599997,287.184228572
76977,Ultrasound scan of bone for measuring loss,2,2,78,78,6.6685986842,83.5,6.6685986842
36430,Transfusion of blood or blood products,2,2,39,78,31.941905241999997,196.11016129,39.9615826615
80220,Measurement of hydroxychloroquine,1,1,75,78,18.298076923,300.38461538,18.298076923
43250,"Removal of polyps or growths of esophagus, stomach, and/or upper small bowel using a flexible endoscope with electrical cautery",1,1,77,78,120.54358974,528.42307692,150.76269231
46917,Laser destruction of growth of anus,1,1,39,78,422.53525641,1589.1538462,543.07423077
Q0221,"Injection, tixagevimab and cilgavimab, for the pre-exposure prophylaxis only, for certain adults and pediatric individuals (12 years of age and older weighing at least 40kg) with no known sars-cov-2 exposure, who either have moderate to severely compromise",3,3,77,78,0.01,0.012142857133333332,0.01
33268,Exclusion of appendage of left upper chamber of heart performed during other procedure on chest,5,5,78,78,65.0627198334,233.24494117599997,81.3570335604
76873,Ultrasound scan of prostate through rectum,4,4,77,78,100.79623828675,209.76,130.43932162
81246,Test for detecting genes associated with blood cancer,1,1,66,77,81.975974026,237.17194805,81.975974026
69930,Insertion of cochlear device,4,4,71,77,1002.548097645,6269.353571425,1265.4442352249998
25310,Relocation of tendon of forearm and/or wrist,5,5,73,77,413.07721241999997,4146.91666666,520.72343464
88319,Evaluation of specimen enzymes,1,1,11,77,21.17038961,163.0,26.477532468
73040,Review by radiologist of shoulder joint image,4,4,73,77,95.32736648625,421.79014706,119.39516898875002
80203,Zonisamide level,2,2,51,77,13.0764090905,65.875,13.0764090905
43282,Repair of hernia of muscle at esophagus and stomach with implantation of mesh using an endoscope,5,5,77,77,1170.359521226,5427.1696969800005,1473.2314378859999
92950,Manual attempt to restore blood circulation and breathing,5,5,67,76,159.709011164,1192.4,200.72136672000002
81226,"Gene analysis (cytochrome p450, family 2, subfamily d, polypeptide 6) common variants",3,3,76,76,443.61883333333327,605.6066666666667,443.61883333333327
22830,Exploration of spine fusion,5,5,75,76,173.8521661974,1757.65318394,217.70567919579997
90869,"Treatment using magnetic field to stimulate nerve cells in brain, subsequent motor threshold redetermination with delivery and management",3,3,58,76,251.91315826333334,946.6227451,315.7731582633333
11107,"Incision biopsy, each additional skin growth",2,2,48,76,39.4920784315,153.5,49.6603058825
23405,Incision of shoulder tendon,2,2,74,75,35.8665308745,586.626552315,44.905621784000004
62367,Electronic analysis of spinal canal drug infusion pump,2,2,36,75,21.0287896825,89.0,26.6018055555
0699T,Injection of medication into posterior chamber of eye,1,1,60,74,499.58878378,1500.0,625.5077027
J0780,"Injection, prochlorperazine, up to 10 mg",1,1,11,74,3.2308108108,8.2432432432,4.0343243243
50715,Release of scar tissue at ureter,2,2,74,74,996.8115178549999,3930.825,1244.8844940499998
61867,"Removal of skull bone with computer-assisted insertion of neurostimulator electrodes in brain with recording, first array",4,4,72,74,2148.126364575,10421.836666750001,2692.9121145999998
57240,Repair of bladder hernia into vaginal wall,5,5,72,74,282.087121514,1548.1799999999998,354.97163433599997
66820,Removal of recurring cataract in lens capsule by stab incision,2,2,73,74,304.33623252,1920.5,381.48123252000005
75822,Review by radiologist of both arms and legs veins of both arms or legs image,2,2,71,74,107.201474505,387.833333335,134.102383595
81263,"Gene rearrangement analysis (immunoglobulin heavy chain locus), variable region somatic mutation analysis",2,2,70,73,290.854609195,1155.8275862,290.854609195
G9488,"Remote in-home visit for the evaluation and management of an established patient for use only in a medicare-approved cms innovation center demonstration project, which requires at least 2 of the following 3 key components: a detailed history; a detailed ex",2,2,34,73,44.0194310345,145.0,57.0434310345
86612,Analysis for antibody to blastomyces (fungus),2,2,53,73,11.5216812865,63.356442496,11.5216812865
80505,"Pathology clinical consultation for complex clinical problem, 41-60 minutes",3,3,68,73,65.02449172600001,339.87666666666667,84.65752955066667
53854,Destruction of prostate tissue using radiofrequency induced heated water vapor,5,5,73,73,1173.885997426,4750.48307692,1485.03559422
97755,"Evaluation for assistive technology, each 15 minutes",1,1,12,73,19.852876712,126.0,30.287808219
25000,Incision or the tendon covering on the top side of the wrist,5,5,73,73,257.225222594,2835.489171122,322.423960042
92512,Study of nasal function,1,1,26,73,58.150273973,158.07876712,73.908493151
15733,Creation of flap graft to head and/or neck,5,5,70,73,902.45356856,4651.8916923,1136.535924612
36225,Insertion of tube into chest artery for diagnosis or treatment with review by radiologist,3,3,71,73,140.58278613333331,2924.674394316667,176.12604427666668
93303,Ultrasound of heart for congenital defect,5,5,70,73,43.5401517092,285.042857142,60.8781239316
11421,"Removal of noncancer skin growth of scalp, neck, hands, feet, or genitals, 0.6-1.0 cm",3,3,70,73,115.68178070333333,335.05,153.38247952999998
27394,Lengthening of multiple hamstring tendons in leg,2,2,72,72,574.2237500165,5779.160000165,718.6187500165
81007,Urinalysis for bacteria,4,4,56,72,29.667997003,38.5595454545,29.667997003
11443,"Removal of noncancer skin growth of face, ears, eyelids, nose, lips, or mouth, 2.1-3.0 cm",3,3,62,72,134.13898065566667,288.65500000000003,171.7562795066667
78813,Nuclear medicine study whole body,1,1,66,72,68.853888889,525.0,88.81
86762,Analysis for antibody to rubella (german measles virus),3,3,71,72,14.221365643333334,30.001827957,14.221365643333334
63045,"Partial removal of spine bone with release of upper spinal cord and/or nerves, 1 segment",5,5,72,72,766.197597978,7524.29931818,954.71195556
37799,Other procedure on blood vessel,3,3,57,72,182.00773199666665,1266.6666666666667,228.10999181
32551,Removal of fluid from between lung and chest cavity,3,3,69,72,101.47352777766666,720.3666666666667,127.07494444333334
93462,Insertion of tube in left heart chamber through heart septum,4,4,71,71,181.14270941,1168.2290209875,226.41316395500002
93609,Insertion of tube in upper and/or lower heart chambers to record and identify origin of abnormal heart rhythm,3,3,70,71,240.20609768,1867.4068627333334,300.74061381
95716,"Measurement of brain wave activity with video (veeg), 12-26 hours with continuous monitoring",1,1,13,71,1016.168169,2925.0797183,1275.288169
30802,Destruction of surface soft tissue of nasal passages,2,2,71,71,149.0317346,731.0,190.08303895
93888,Ultrasound of within the brain blood flow,2,2,71,71,90.146764706,185.0,115.188235295
61510,Removal of skull bone for removal of growth of upper brain,4,4,68,71,2055.110241025,10988.07899905,2569.84337315
55875,Insertion of needle or tube into prostate for radiation therapy,4,4,58,71,809.047533445,2327.5,1013.59360487
81332,"Gene analysis (serpin peptidase inhibitor, clade a, alpha-1 antiproteinase, antitrypsin, member 1) common variants",1,1,70,70,43.151142857,273.88,43.151142857
93790,"Ambulatory blood pressure monitoring, 1 day or longer, with review, interpretation and report",3,3,70,70,14.688577586333333,98.33333333333333,18.355244253
82800,Blood ph level,1,1,70,70,10.871142857,15.0,10.871142857
15005,"Preparation of skin graft site of face, scalp, eyelids, mouth, neck, ears, around eyes, genitals, hands, feet, fingers, or toes, each additional 100.0 sq cm or 1% body area for infants and children, or less",1,1,20,70,70.812142857,812.0,88.509142857
51710,Complicated change of bladder tube,2,2,29,70,105.575208335,395.0,139.325671295
31625,Biopsy of lung airway using an endoscope,5,5,70,70,69.86888294719999,738.4941176479999,88.9718469986
64510,Injection of anesthetic agent into sympathetic nerve bundle,1,1,26,69,53.256086957,350.0,67.446231884
L9900,"Orthotic and prosthetic supply, accessory, and/or service component of another hcpcs ""l"" code",1,1,69,69,2022.3705797,2562.115942,2535.4715942
29876,Removal of joint lining from multiple knee joint compartments using an endoscope,3,3,67,69,568.61574474,6867.6559689999995,712.0486609433333
00770,Anesthesia for procedure on large blood vessels in abdomen,1,1,54,69,514.47521739,26111.156957,644.75478261
49568,Placement of mesh to repair incisional or abdominal hernia,5,5,66,69,227.584637552,832.0,284.37063755199995
93226,Electrocardiogram (ecg) 2-day continuous with report,2,2,65,69,27.263025641,144.0,35.976871795
G0508,"Telehealth consultation, critical care, initial , physicians typically spend 60 minutes communicating with the patient and providers via telehealth",4,4,69,69,171.35778262,490.9686363625,220.882597435
01160,Anesthesia for closed procedure on pubic bone or pelvic joint,3,3,60,68,86.46246825433333,1912.8349206433334,108.15413889
84560,Uric acid level,1,1,63,68,4.9913235294,30.0,4.9913235294
73220,Mri scan of arm before and after contrast,3,3,57,68,168.032566618,628.3333333333334,212.97091754666667
74182,Mri scan of abdomen with contrast,4,4,67,68,190.73301136375,920.9200000000001,239.552556818
88162,"Screening examination of specimen cells, extended study",2,2,60,68,30.4986742425,235.33333333500002,39.7159848485
25020,"Incision of tissue of forearm and/or wrist muscle compartment on one side of the forearm to relieve pressure, without removal of tissue",2,2,57,68,490.42490196,4640.1176470499995,614.575
87350,Detection test by immunoassay technique for hepatitis be surface antigen,2,2,65,68,11.404695767,63.6441666665,11.404695767
85210,"Clotting factor ii prothrombin, measurement",1,1,64,68,12.796470588,256.06617647,12.796470588
80157,"Carbamazepine level, free",2,2,57,68,13.0923674245,110.252083335,13.0923674245
26341,Manipulation of finger for connective tissue release following enzyme injection,3,3,60,68,83.09840406866667,297.14942528666666,108.49499115733333
93025,Electrocardiogram (ecg) assessment of irregular heart beats,1,1,67,67,116.24507463,300.0,154.52477612
96113,"Administration of developmental test, each additional 30 minutes",1,1,25,67,44.792985075,184.97014925,60.215074627
82157,Androstenedione (hormone) level,2,2,62,67,28.848190476,235.51190476,28.848190476
91037,Monitoring and recording of esophageal function through nasal tube with electrode,3,3,67,67,66.225142733,290.0,82.697290293
88280,"Chromosome analysis for genetic defects, additional karyotypes, each study",1,1,63,67,33.137313433,62.75,33.137313433
78832,"Nuclear medicine study, multiple areas with spect and concurrent ct scan",3,3,63,67,81.76053985266667,392.6666666666667,104.05152024366667
52265,Dilation of bladder using an endoscope,1,1,12,67,306.84313433,1451.2456716,385.21776119
86328,"Test for detection of severe acute respiratory syndrome coronavirus 2 (covid-19) antibody, qualitative or semiquantitative",2,2,66,67,45.244429412,125.0,45.244429412
49452,Replacement of stomach-to-small bowel tube using fluoroscopic guidance with contrast,3,3,55,67,101.96606666666666,808.68,133.24246666666667
0346U,Beta amyl a-40&a-42 lc-ms/ms,1,1,67,67,47.22,500.0,47.22
64461,"Injection of anesthetic agent into thoracic vertebra using imaging guidance, single site",4,4,66,66,59.81488150725,1453.3713286825,74.48856157750001
92943,"Removal of plaque, insertion of stent and/or balloon dilation of single coronary artery, branch or bypass graft",3,3,58,66,446.54181721000003,2065.8923077,560.3986815266667
77071,Application of stress by physician for joint imaging,3,3,63,66,41.65404454033333,171.26666666666665,53.485783045999995
G0420,"Face-to-face educational services related to the care of chronic kidney disease; individual, per session, per one hour",3,3,52,66,82.55819444433332,173.0,105.88333333333333
65600,Multiple punctures of cornea,1,1,57,66,271.75651515,1559.6666667,347.83045455
22226,"Incision or removal of spine bone segment and removal of disc, each additional segment",2,2,37,65,219.44934697999997,1071.1469444499999,274.96052144500004
84145,Procalcitonin (hormone) level,3,3,54,65,26.394813119666665,156.66666666666666,26.394813119666665
87185,"Detection of antimicrobial drug (antibiotic, antifungal, antiviral)",4,4,57,65,4.26244859305,18.0625,4.26244859305
82681,Direct measurement of free estradiol (hormone),1,1,61,65,27.591076923,76.5,27.591076923
33517,"Coronary artery bypass using vein or artery graft, 1 graft",5,5,65,65,121.9391664888,551.160545454,152.3698937608
36512,Mechanical separation of red blood cells from blood,1,1,11,65,70.990307692,698.0,102.35907692
36593,Declotting of central venous tube,3,3,40,65,27.040499999999998,97.33333333333333,33.85672222233333
36012,"Insertion of tube into vein, second order branch",3,3,52,65,619.27105808,2872.8704166666666,774.7849974733334
83527,"Insulin measurement, free",2,2,58,65,12.813627451,116.72,12.813627451
Q4244,"Procenta, per 200 mg",2,2,61,65,4717.5363475,5905.32,5905.32
A9537,"Technetium tc-99m mebrofenin, diagnostic, per study dose, up to 15 millicuries",4,4,65,65,11.336079778025,212.26999999999998,14.181079777999999
67311,Realignment of horizontal eye muscle,3,3,50,65,417.63322532666666,3892.1371445333334,526.52320979
37244,Occlusion of artery or vein bleeding with review by radiologist,5,5,63,65,539.5391608379999,9575.4,674.2631736579999
67314,Realignment of vertical eye muscle,3,3,57,64,407.3730676533333,2634.7415329666665,514.0937250633333
33534,"Coronary artery bypass using artery graft, 2 grafts",3,3,64,64,1556.5460158666665,5293.666666666667,1953.5528729999999
90611,Smallpox&monkeypox vac 0.5ml,1,1,51,64,0.00953125,0.01,0.01
56820,Exam of external female genitals using an endoscope,2,2,48,64,75.209894795,381.333333335,100.1824252495
99355,"Extended office or other outpatient service, each additional 30 minutes",2,2,41,63,61.882291666499995,100.0079166665,77.567125
86812,"Immunologic analysis for autoimmune disease, a, b, or c, single antigen",1,1,63,63,24.500952381,78.0,24.500952381
87420,Detection test by immunoassay technique for respiratory syncytial virus (rsv),3,3,59,63,13.404692780333335,71.944047619,13.404692780333335
37765,"Removal of varicose veins of arm or leg, 10-20 incisions",4,4,56,63,295.19814503249995,2477.94141295,374.0603632475
75825,Review by radiologist of major lower body vein image,4,4,59,63,60.95827381025,442.75,76.27077381025
30930,Therapeutic fracture of nasal passages,4,4,62,62,170.744217034,1170.554821425,214.00350274649998
88356,Microscopic genetic analysis of nerve tissue,2,2,31,62,143.39047009,352.0,179.76547009
73201,Ct scan of arm with contrast,4,4,60,62,108.76719924775,738.7253195375,152.86462907325
76380,Limited or follow-up ct scan,3,3,53,62,36.50761904766667,192.78888888999998,46.350793651000004
46601,Diagnostic exam of anus with magnification and chemical agent enhancement using an endoscope,1,1,55,62,138.52822581,2000.0,184.68306452
50605,Insertion of stent in ureter,2,2,62,62,379.22191576,2803.0,475.21847826000004
01470,"Anesthesia for other procedure on nerves, muscles, tendons, and tissue of lower leg, ankle, and foot",3,3,58,62,113.19154762,627.8131084666667,141.7782804233333
92538,Test to assess balance during warm or cool irrigation in both ears,2,2,62,62,14.402907608500001,193.0,19.5375951085
86340,Intrinsic factor (stomach protein) antibody measurement,3,3,61,61,14.892332887666667,25.576666666666664,14.892332887666667
28299,Correction of bunion with 2 areas of realignment,3,3,59,61,500.3697422166667,1309.9584127,680.82796574
82679,Estrone (hormone) level,1,1,40,61,24.388032787,122.69,24.388032787
74455,Review by radiologist of urinary bladder and urethra images with contrast and after passing urine,4,4,60,61,42.502094645250004,141.52980769250001,55.09805618375
Q4046,"Cast supplies, short leg splint, adult (11 years +), fiberglass",3,3,42,61,14.513732467333334,41.106060606,18.311647619
J2545,"Pentamidine isethionate, inhalation solution, fda-approved final product, non-compounded, administered through dme, unit dose form, per 300 mg",2,2,48,61,85.49664487999999,333.228104575,115.97300109
80187,Measurement of posaconazole,1,1,16,61,26.75147541,295.84,26.75147541
20206,Needle biopsy of muscle,4,4,60,61,45.2193992615,545.7058823525,56.518457966
98976,"Device supply with schedule recording and transmission for remote monitoring of respiratory system, per 30 days",1,1,14,61,35.020163934,75.0,51.10704918
95962,"Measurement of brain wave activity (eeg) with electrodes on brain to provoke seizures or identify brain structures, each additional hour",2,2,38,60,136.00736842,523.204545455,169.78381579
57265,Repair of bulging of rectum and bladder into vaginal wall,2,2,60,60,458.38466667,2430.0,574.42
95708,"Measurement of brain wave activity (eeg), 12-26 hours",2,2,26,60,118.26263889,878.5,149.224305555
G0168,Wound closure utilizing tissue adhesive(s) only,2,2,59,59,11.493846154,130.76923076999998,14.762433110499998
95070,Test for allergy using drugs,2,2,59,59,28.795174825,279.0,35.95502331
30905,Initial control of nose bleed and insertion of packing,1,1,59,59,193.73101695,250.0,246.00016949
31641,Destruction of growth or narrowing of lung airway using an endoscope,4,4,49,59,205.122729055,1715.4090909000001,257.3345196075
80183,Oxcarbazepine level,2,2,43,59,13.100823096,59.61,13.100823096
61800,Computer-assisted radiosurgery application of headframe,2,2,55,59,131.85011628,855.65116279,164.655813955
37766,"Removal of varicose veins of arm or leg, more than 20 incisions",2,2,40,59,315.39180952000004,1731.5,400.51331746000005
83069,Urine hemoglobin level,1,1,44,58,3.87,4.8,3.87
86880,"Red blood cell antibody detection test, direct",2,2,55,58,5.3169761905,67.8973333335,5.3169761905
49422,Removal of abdominal cavity tube,4,4,57,58,155.4295238075,1711.0625,195.65813095250002
95709,"Measurement of brain wave activity (eeg), 12-26 hours with intermittent monitoring",1,1,22,58,681.29706897,2000.0,853.69810345
60200,Incision of cyst or growth of thyroid,1,1,57,57,169.16140351,1337.1842105,214.92526316
25115,Extensive removal of growth of soft tissue structures in palm side of wrist,3,3,52,57,650.87358476,5757.159090900001,818.8591886266667
29520,Placement of strapping to hip,1,1,27,57,17.104385965,86.842105263,21.855964912
72126,Ct scan of upper spine with contrast,4,4,57,57,56.777327381,477.6625,73.9209150435
78453,Nuclear medicine study of heart muscle at rest and with stress with single 2d image,1,1,57,57,35.859649123,135.0,46.602105263
44205,Partial removal of small and large bowel with attachment of small and large bowel using an endoscope,4,4,55,56,1055.3023626250001,3979.993214275,1327.17361265
92519,Vemp testing of upper and lower branches of inner ear nerve with interpretation and report,3,3,56,56,87.74209090900001,205.11,109.98875757666667
66170,Creation of eye fluid drainage tract for treatment of glaucoma,4,4,53,56,593.63272323,2794.5,754.7424894375
15860,Injection of agent into vein to assess blood flow of skin graft or flap,3,3,55,56,42.293075544666664,300.43333333333334,52.951050455
77013,Ct guidance for tissue removal,3,3,56,56,142.74935897333333,920.6666666666666,179.53695156333333
23395,Relocation of one muscle of shoulder or upper arm,1,1,56,56,76.641785714,13909.9,95.960535714
51715,Injection of implant material beneath lining of bladder and/or urethra using an endoscope,3,3,50,56,643.1169696966667,2549.190144933333,813.0751515166667
95865,Needle measurement of electrical activity in voice box muscles,3,3,55,56,68.332204969,1242.3333333333333,85.56887163566667
86804,Confirmation test for hepatitis c antibody,1,1,52,56,15.285892857,152.83,15.285892857
00170,Anesthesia for other procedure on mouth,4,4,56,56,95.378879513,1230.3901531775,154.322385805
62252,Reprogramming of cerebrospinal fluid shunt,1,1,46,55,29.663090909,167.4,37.772181818
57283,Repair of prolapsing vaginal vault through vagina,4,4,55,55,319.8396464675,1763.59795455,399.908684345
78800,"Nuclear medicine study, 1 area",2,2,55,55,22.577055749,121.5,30.18815331
82941,Gastrin (gi tract hormone) level,1,1,50,55,17.399636364,91.11,17.399636364
60240,Removal of thyroid,3,3,55,55,281.3172650623333,2034.3333333333333,359.6881086733333
G0239,"Therapeutic procedures to improve respiratory function or increase strength or endurance of respiratory muscles, two or more individuals (includes monitoring)",1,1,33,55,13.055090909,300.0,16.616363636
86294,"Immunologic analysis for detection of tumor antigen, qualitative or semiquantitative",1,1,33,55,25.235090909,26.92,25.235090909
86753,Analysis for antibody to protozoa (parasite),1,1,30,55,12.256545455,127.28581818,12.256545455
74330,Review by radiologist of image from tube placement into bile and pancreatic duct using an endoscope,3,3,51,54,22.348569697,124.33333333333333,27.938703030333333
15272,"Application of skin substitute graft to wound of trunk, arms, or legs, each additional 25.0 sq cm of wound 100.0 sq cm or less",1,1,22,54,13.917407407,108.0,18.085555556
86735,Analysis for antibody to mumps virus,1,1,50,54,12.871851852,40.0,12.871851852
0358T,Whole body composition tissue and fluid measurements with interpretation and report,2,2,48,54,16.67161538485,100.0,21.29148717965
38746,Removal of lymph nodes of chest cavity and breast bone,4,4,54,54,148.15074404925,1122.1473214275,185.22728422749998
74430,Review by radiologist of urinary bladder image,3,3,52,54,17.465945512666668,70.33333333333333,22.176778846
63267,Removal of growth of lower spine bone outside spine membrane,4,4,54,54,891.769848485,4291.5,1121.2774026125
93702,Measurement of lymphedema extracellular fluid,1,1,35,54,155.985,386.2037037,196.99611111
63057,"Release of middle or lower spinal cord and/or nerves, single segment",2,2,40,54,273.01751723999996,1924.5,341.69772414
36511,Mechanical separation of white blood cells from blood,1,1,51,53,79.68490566,642.0,99.807924528
J2720,"Injection, protamine sulfate, per 10 mg",1,1,11,53,1.2252830189,2.641509434,1.5350943396
84703,Gonadotropin (reproductive hormone) analysis,1,1,49,53,7.4377358491,70.87,7.4377358491
85245,Clotting factor viii (vw factor) measurement,2,2,50,53,22.6300609755,102.07719512,22.6300609755
78814,Nuclear medicine study limited area with ct scan,2,2,53,53,1307.28303175,4847.34457145,1645.00544445
31259,Removal of tissue from sphenoid sinus using an endoscope,3,3,44,52,695.24561111,5159.259,873.48438889
75827,Review by radiologist of major upper body vein image,2,2,39,52,103.1590168055,388.924882355,128.95789916
J2175,"Injection, meperidine hydrochloride, per 100 mg",2,2,37,52,4.5947826087,15.0,6.0983808096
15240,"Full thickness skin graft to forehead, cheeks, chin, mouth, neck, underarms, genitals, hands, or feet, 20.0 sq cm or less",3,3,51,52,675.2417815833334,2298.5733333333333,852.4366966766667
15777,Implantation of biologic implant to soft tissue,4,4,52,52,200.637040585,869.6011904825,251.31472510999998
85240,Clotting factor viii (ahg) measurement,2,2,36,52,17.661722488,69.278827751,17.661722488
83930,Blood osmolality (concentration) measurement,2,2,46,52,6.4468181818,50.451666666499996,6.4468181818
86707,Hepatitis be antibody measurement,2,2,49,52,11.425954955,100.5,11.425954955
0421T,Waterjet destruction of prostrate accessed through the urethra,1,1,52,52,653.52961538,5000.0,831.90538462
69436,Incision of eardrum with placement of eardrum tube under general anesthesia,3,3,44,52,199.52002976333333,2228.350396823333,253.78574603
11406,"Removal of noncancer skin growth of body, arms, or legs, more than 4.0 cm",3,3,47,51,144.46126154,574.0,187.98706666666666
89190,Nasal smear for eosinophils (allergy related white blood cells),2,2,46,51,5.70705882355,19.4044117645,5.70705882355
27829,Treatment of ligament tear at ankle joint,4,4,48,51,367.782053255,1960.3775,460.85285539250003
86362,Cell-based immunofluorescence (cba) detection of myelin oligodendrocyte glycoprotein (mog-igg1) antibody,2,2,51,51,11.9105882355,742.48,11.9105882355
72295,Review by radiologist of disc of lower spine image,2,2,36,51,52.614514107000005,415.863636365,65.9098589345
28005,Incision of foot bone,2,2,36,51,371.469342105,1510.5,463.871578945
87505,"Detection test by nucleic acid for digestive tract pathogen, multiple types or subtypes, 3-5 targets",1,1,51,51,125.77058824,500.0,125.77058824
78267,Nuclear medicine study to acquire exhaled breath samples,3,3,49,51,10.890769230666665,42.02,10.890769230666665
92613,"Evaluation, recording, and interpretation of swallowing using an endoscope",3,3,48,50,29.517097765666666,87.38,38.369875543333336
64629,Heat destruction of intraosseous basivertebral nerve in additional bone of spine in lower back,1,1,21,50,161.5512,2200.0,202.479
C9600,"Percutaneous transcatheter placement of drug eluting intracoronary stent(s), with coronary angioplasty when performed; single major coronary artery or branch",1,1,47,50,4581.5794,60173.3588,5756.1592
22511,Stabilization of lower spine bone,3,3,50,50,313.43806407,3947.5454545333337,392.3035307366667
95977,Electronic analysis of implanted neurostimulator generator with complex cranial nerve stimulator programming,2,2,41,50,42.860185185000006,208.5,53.640185185
67916,Repair of turning-outward eyelid defect,2,2,36,50,339.753,2237.827,425.7025
92541,Test for abnormal eye movement with recording,3,3,48,50,13.470142856999999,68.59333333333333,19.082523809666668
G0141,"Screening cytopathology smears, cervical or vaginal, performed by automated system, with manual rescreening, requiring interpretation by physician",1,1,49,50,20.515,66.0,20.515
31254,Partial removal of nasal sinus using an endoscope,3,3,50,50,251.0223088,2457.1962482,314.1044877333333
21048,Removal of growth or cyst of upper jaw bone through mouth,1,1,44,50,626.9048,1703.5,785.7806
95925,Placement of skin electrodes and measurement of stimulated sites in arms,2,2,48,50,24.1766883115,1635.24,30.721509740000002
36818,Relocation of major upper arm vein with connection to arm artery for hemodialysis,3,3,49,49,544.50493827,2335.215488233333,681.3808866433334
70545,Mri scan of blood vessels of head with contrast,2,2,49,49,43.7636486485,202.0,54.712972973
86408,Screening test for detection of severe acute respiratory syndrome coronavirus 2 (covid-19) neutralizing antibody,1,1,46,49,41.898571429,100.0,41.898571429
67039,Destruction of eye fluid (vitreous) between lens and retina using a laser,2,2,44,49,1447.66171665,3335.0,1818.0979499999999
17106,"Destruction of birthmark, less than 10.0 sq cm",2,2,36,49,215.72560931499999,632.5,293.019318995
86757,Analysis for antibody to rickettsia (bacteria),1,1,25,49,19.107755102,144.10857143,19.107755102
85305,Protein s (clotting inhibitor) level,1,1,47,49,11.463265306,180.87469388,11.463265306
85250,Clotting factor ix (ptc or christmas) measurement,2,2,47,48,18.784687499999997,142.47,18.784687499999997
65400,Removal of growth of cornea,3,3,39,48,438.80574229666666,1537.7803921666666,567.62432773
17340,Cold treatment of acne,1,1,14,48,22.8125,104.16666667,29.30625
G0289,"Arthroscopy, knee, surgical, for removal of loose body, foreign body, debridement/shaving of articular cartilage (chondroplasty) at the time of other surgical knee arthroscopy in a different compartment of the same knee",2,2,48,48,69.34227826099999,1189.0,86.769678261
22310,Closed treatment of broken spine bone with cast or brace,3,3,47,48,225.3680555566667,953.0,285.99088889
69222,Complex removal of skin debris and drainage of mastoid cavity,2,2,30,48,164.546991305,489.5,234.93782608499998
0398T,Destruction of tissue of brain using mri guidance,2,2,48,48,1857.3186111149998,5574.56944445,2332.5991666649998
21925,Deep biopsy of soft tissue of back or lower sides,1,1,40,47,153.0993617,1038.0,191.84
15738,Creation of muscle graft to leg,3,3,37,47,1031.22200658,13997.283333333333,1287.9577522
17270,"Destruction of cancer skin growth of scalp, neck, hands, feet, or genitals, 0.5 cm or less",3,3,45,47,105.70677489399999,276.65190476333333,138.87779220666667
00920,Anesthesia for other procedure on male genitals,3,3,47,47,65.68642735066668,969.9904048499999,82.27130994166667
78709,"Nuclear medicine studies of kidney, blood flow, and function",3,3,45,47,53.422063492,246.66666666666666,68.12031746033334
37607,Tying or banding of surgically created artery-vein connection,3,3,45,47,250.8541025633333,1417.3333333333333,314.12509157666665
47536,Replacement of liver duct drainage tube using imaging guidance with review by radiologist,2,2,33,47,88.296565934,1177.595238095,118.597115385
36483,Chemical destruction of subsequent incompetent veins of arm or leg using imaging guidance,1,1,28,47,98.303191489,310.0,123.24319149
43245,Dilation of stomach outlet using a flexible endoscope,3,3,46,47,309.48219394,1506.2424242333334,400.53518787999997
86611,Analysis for antibody to bartonella (bacteria),2,2,30,47,10.036413043500001,182.37978261,10.036413043500001
G0509,"Telehealth consultation, critical care, subsequent, physicians typically spend 50 minutes communicating with the patient and providers via telehealth",3,3,37,47,169.89557304000002,506.40780885999993,203.71392968
74270,Single contrast x-ray of large intestine,3,3,47,47,68.875528324,317.75,87.914417213
27197,Closed treatment of broken and/or dislocated pelvis and/or sacrum,3,3,45,47,103.57467754333334,481.0,129.40535936333333
92545,Test for abnormal eye movement using a moving target that moves back and forth with recording,2,2,46,46,11.864301075499998,43.5,15.923817204499999
53661,Subsequent dilation of urethra in female,1,1,24,46,28.098478261,115.51,40.416304348
J0561,"Injection, penicillin g benzathine, 100,000 units",1,1,40,46,10.308478261,50.0,15.567391304
81243,Gene analysis (fragile x mental retardation) abnormal alleles,1,1,46,46,56.308913043,550.0,56.308913043
81250,"Gene analysis (glucose-6-phosphatase, catalytic subunit) common variants",2,2,46,46,57.5310384615,62.5,57.5310384615
15740,Creation of skin and tissue graft,2,2,31,46,683.7470758950001,2675.6099999999997,861.06629465
63081,"Removal of upper spine bone with release of spinal cord and/or nerves, anterior approach, single segment",2,2,46,46,1344.6024074,6898.0,1687.90037035
84066,"Phosphatase, prostatic (prostate enzyme) level",1,1,38,46,9.5691304348,89.332826087,9.5691304348
37220,"Balloon dilation of groin artery, initial vessel",3,3,42,46,864.03614379,3965.023986933333,1079.3158333333333
28190,"Removal of foreign body of foot tissue, accessed beneath the skin",1,1,45,46,161.87478261,285.17391304,234.48086957
96004,Physician review of gait analysis test,1,1,46,46,81.445,527.0,106.4476087
78278,Nuclear medicine study to assess blood loss,3,3,44,46,39.396397661,224.21666666666667,50.125359648999996
28820,Amputation of toe at joint between forefoot and toes,3,3,43,46,124.96813519666667,1271.6666666666667,159.36993007
22533,"Fusion of lower spine bone through side with partial removal of disc, 1 bone",1,1,46,46,1133.968913,4884.0,1421.5869565
G2080,"Each additional 30 minutes of counseling in a week of medication assisted treatment, (provision of the services by a medicare-enrolled opioid treatment program); list separately in addition to code for primary procedure",1,1,12,46,28.333695652,96.018913043,29.577826087
85347,"Coagulation time measurement, activated",1,1,29,45,4.034,6.0,4.034
01440,Anesthesia for other procedure on artery of knee,2,2,39,45,142.02675,202.999,177.9986
33426,Repair of mitral valve with artificial valve on heart-lung machine,2,2,45,45,1744.3204757499998,8369.5,2184.197581
66179,Creation of shunt to improve eye fluid flow,1,1,42,45,771.36222222,1755.0,964.21155556
15100,"Partial thickness self skin graft to trunk, arms, or legs, 100.0 sq cm or 1% body area for infants and children, or less",3,3,41,45,563.62,1594.3333333333333,710.0766666666667
87207,Special stain for inclusion bodies or parasites,1,1,35,45,5.91,83.438,5.91
L8679,"Implantable neurostimulator, pulse generator, any type",1,1,45,45,6674.5171111,8498.0,8374.1171111
17264,"Destruction of cancer skin growth of trunk, arms, or legs, 3.1-4.0 cm",2,2,44,44,154.367396515,479.59000000000003,200.466492375
G2214,"Initial or subsequent psychiatric collaborative care management, first 30 minutes in a month of behavioral health care manager activities, in consultation with a psychiatric consultant, and directed by the treating physician or other qualified health care",1,1,21,44,40.475909091,78.84,50.785909091
58552,"Removal of uterus, tubes, and/or ovaries through vagina using an endoscope, 250.0 g or less",3,3,44,44,612.06909091,2232.1551515,767.6936363566668
Q4014,"Cast supplies, gauntlet cast (includes lower forearm and hand), adult (11 years +), fiberglass",1,1,13,44,22.999545455,78.0,28.809545455
37184,"Primary removal and dissolving of blood clot from artery or artery graft using fluoroscopic guidance, initial vessel",2,2,39,43,350.88447778,8278.383178,438.8867
92228,Imaging of retina with remote review by physician,3,3,43,43,18.447614468666668,58.166666666666664,25.62743589733333
81242,"Gene analysis (fanconi anemia, complementation group c) common variant",1,1,43,43,35.940465116,36.62,35.940465116
49585,Repair of hernia at navel (5 years or older),3,3,43,43,498.84695613,2446.6172549,634.6335084166666
95180,Injection for rapid desensitization to allergen,2,2,31,43,95.68430000000001,342.5,131.441866665
88264,"Chromosome analysis for genetic defects, analyze 20-25 cells",2,2,40,43,143.147892855,494.0,143.147892855
44207,Partial removal of large bowel and reattachment to rectum using an endoscope,3,3,43,43,1121.1305892333332,3859.8333333333335,1400.9830759999998
31630,Dilation of windpipe cartilage or treatment of broken windpipe cartilage using an endoscope,2,2,26,43,98.5729282405,608.833333335,123.21787037000001
47120,Partial removal of liver lobe,1,1,43,43,1686.9853488,5408.1627907,2111.3511628
67800,Removal of chronic growth of eyelid,3,3,42,43,79.24125252533334,223.24363636333337,124.55752822
65205,Removal of foreign body from external eye (conjunctiva),2,2,42,43,23.167405914,127.5,29.2822311825
19370,Revision of capsule around breast implant,1,1,42,42,505.9747619,6216.3095238,632.45
33427,Radical reconstruction of mitral valve on heart-lung machine,2,2,42,42,1586.3485927,9326.5130435,1982.63967965
78414,Nuclear medicine study of cardiovascular function,1,1,37,42,18.909285714,50.0,23.609285714
38206,Collection of stem cells for transplantation,1,1,24,42,64.444285714,1506.0,80.764285714
71111,"X-ray of ribs on both sides of body, minimum of 4 views",3,3,42,42,16.36111865253333,123.435897436,23.360629713333335
92933,"Removal of plaque, insertion of stent and balloon dilation of single coronary artery or branch",3,3,37,41,503.0873095233333,1614.2388889000001,631.3498254
86051,Elisa detection of aquaporin-4 (neuromyelitis optica [nmo]) antibody,2,2,38,41,11.352686782,752.868793105,11.352686782
36571,Insertion of central venous tube with port for infusion (5 years or older),1,1,41,41,274.68365854,3207.0,344.04365854
74300,Review by radiologist of bile and/or pancreatic duct image during surgery,3,3,41,41,8.891111111233334,47.56,11.1277777779
50688,Change of tube or stent in ureter,1,1,12,41,45.336585366,201.0,56.733902439
47135,Transplantation of donor liver,2,2,40,40,2964.0935101,32971.035682,3711.75815655
82540,Creatine measurement,2,2,40,40,4.597194357399999,14.14,4.597194357399999
49507,Repair of trapped groin hernia (5 years or older),3,3,39,40,526.8742521376666,3803.3811110999995,665.8113888776667
92937,"Removal of plaque, insertion of stent and/or balloon dilation of single coronary vessel with distal protection",2,2,38,40,496.403291535,1757.5,620.708291535
92920,Balloon dilation of single coronary artery or branch,2,2,35,40,410.70510989,2350.5,515.707087915
52353,Crushing of stone of ureter using an endoscope,3,3,40,40,603.0017350433333,4818.333333333333,755.5032905866668
44500,Dilation of stomach and/or small bowel using long gastrointestinal tube,2,2,33,40,13.1056565655,128.1966666665,16.41520202
50327,Preparation of donor kidney and veins for transplantation,3,3,36,40,71.01463369966666,774.8558974366666,88.84150183166666
64462,"Injection of anesthetic agent into thoracic vertebra using imaging guidance, additional sites",1,1,39,40,49.738,1366.875,62.3125
43197,Diagnostic exam of esophagus using a flexible endoscope through nose,2,2,32,39,52.6526766305,524.0,65.87778532600001
86022,"Antibody identification test, platelet antibodies",1,1,37,39,18.228974359,173.21051282,18.228974359
43644,Bypass of stomach using an endoscope,2,2,39,39,544.3592307700001,9935.0384615,681.9673077
72265,Review by radiologist of lower spinal canal image,1,1,32,39,32.951025641,245.0,42.402307692
38221,Biopsy of bone marrow,2,2,36,39,92.1784375,799.52173915,115.06773097850001
87252,Tissue culture inoculation for virus isolation,1,1,35,39,25.783333333,52.14,25.783333333
93930,Ultrasound of arm arteries or artery grafts,2,2,37,39,142.125625,326.48531249999996,184.4078125
87084,Screening test for pathogenic organisms with colony count,1,1,36,39,26.716923077,45.0,26.716923077
87254,"Virus isolation, centrifuge enhanced",1,1,38,39,19.299230769,172.18974359,19.299230769
68340,Release of scar tissue from eyelids,1,1,37,39,495.62461538,1248.9230769,629.19051282
22224,Incision or removal of lower spine bone segment and removal of disc,2,2,39,39,484.87648684,4910.0,605.58398684
81272,"Gene analysis (v-kit hardy-zuckerman 4 feline sarcoma viral oncogene homolog), targeted sequence",1,1,39,39,325.70589744,494.0,325.70589744
69145,Removal of growth in soft tissue of ear canal,1,1,38,39,412.40846154,606.66666667,522.72051282
31545,Removal of vocal cord growths and reconstruction with local tissue flap using an endoscope with operating microscope or telescope,2,2,35,39,363.416964285,1830.96810065,459.767792205
91034,Monitoring and recording of esophageal function through nasal tube,1,1,39,39,38.779487179,128.0,50.467179487
87341,Detection test by immunoassay technique for hepatitis b surface antigen neutralization,1,1,38,38,10.226052632,25.0,10.226052632
J2805,"Injection, sincalide, 5 micrograms",2,2,38,38,94.3222608695,184.065652175,118.20773913
84702,"Gonadotropin, chorionic (reproductive hormone) level",1,1,29,38,14.821052632,99.825789474,14.821052632
94626,"Professional services for outpatient pulmonary rehabilitation with continuous monitoring of blood oxygen, per session",1,1,24,38,72.368157895,355.0,90.458157895
62380,Release of lower spinal cord and/or nerve root using endoscope,1,1,18,38,979.63552632,4191.2171053,1225.0002632
0598T,"Fluorescence wound imaging for bacteria, first anatomic site",1,1,17,38,113.1,468.0,143.39
58661,Removal of ovaries and/or tubes using an endoscope,3,3,38,38,769.2478282799999,4900.355757566666,963.96655051
21209,Incision and repair of bony defect of cheek bone including bony segment reduction,1,1,36,38,380.99315789,1111.13,477.90815789
75989,Review by radiologist of image for drainage of fluid,2,2,31,38,48.465312499999996,169.625,60.505312499999995
G0398,"Home sleep study test (hst) with type ii portable monitor, unattended; minimum of 7 channels: eeg, eog, emg, ecg/heart rate, airflow, respiratory effort and oxygen saturation",2,2,38,38,31.878148148,192.0,40.4914814815
G0451,"Development testing, with interpretation and report, per standardized instrument form",1,1,38,38,8.8802631579,30.0,12.089210526
82379,Carnitine level,1,1,29,38,16.668684211,396.8,16.668684211
74360,Review by radiologist of image to guide opening of digestive tract,2,2,29,38,22.6847727275,184.068181818,28.691590909
93245,"Heart rhythm recording, analysis, interpretation and report of continous external ekg over more than 1 week up to 1 weeks",2,2,38,38,162.35628205,802.0,217.482435895
85378,"Coagulation function measurement, qualitative or semiquantitative",3,3,36,38,9.589368686866665,30.666666666666668,9.589368686866665
00860,Anesthesia for other procedure on lower abdomen outside abdominal cavity,3,3,36,38,148.39946581333334,2110.4871795,187.80820513
94617,Test for exercise-induced spasm of lung airways,1,1,37,37,66.644864865,212.51351351,92.738918919
67040,Destruction of eye fluid (vitreous) between lens and retina and all of retina using a laser,1,1,33,37,1415.5994595,3200.0,1773.9594595
52341,Dilation of bladder and urethra using an endoscope,1,1,31,37,155.97,498.10810811,195.34621622
95723,"Measurement of brain wave activity (eeg), 61-84 hours with health care professional review and report",2,2,37,37,219.403735295,837.5,274.61814705999996
37221,"Insertion of stent in groin artery, initial vessel",3,3,36,37,984.6702222333333,2938.9636363600002,1234.1240606066667
82805,"Blood gases measurement, with o2 saturation",1,1,36,37,77.937297297,128.0,77.937297297
26040,Release of tissue of palm,3,3,33,37,318.2337062966667,1087.3248718,413.02328671333333
Q0243,"Injection, casirivimab and imdevimab, 2400 mg",1,1,37,37,0.01,0.01,0.01
00566,Anesthesia for heart artery bypass grafting,3,3,37,37,762.0883730133334,9778.395021666667,952.8854004233332
87800,"Detection test by nucleic acid for multiple organisms, direct probe(s) technique",2,2,30,37,42.4604532165,163.0,42.4604532165
37231,"Removal of plaque and insertion of stents in artery of leg, initial vessel",2,2,31,37,9765.5166928,32232.0,12251.742531
36831,Removal of blood clot from hemodialysis graft,2,2,31,37,485.150863095,1309.0,605.4937202399999
10021,"Fine needle aspiration biopsy, first growth",3,3,36,37,53.171911977,469.0,69.25883838366667
76497,Other ct scan,2,2,37,37,142.0475349625,1337.5,181.24653845999998
86318,"Test for detection of infectious agent antibody, qualitative or semiquantitative",2,2,37,37,17.4233974355,48.0,17.4233974355
00600,Anesthesia for other procedure on upper spine,1,1,26,37,89.677567568,825.0,113.4727027
61312,Removal of skull bone for aspiration of blood accumulation in upper brain outside or below brain membrane,2,2,25,37,1420.90748485,8016.06666665,1774.0080908999998
85244,Clotting factor viii related antigen measurement,1,1,35,36,20.171111111,219.35,20.171111111
74410,Imaging of urinary tract using infusion technique,1,1,36,36,17.713055556,150.0,24.178055556
28740,Fusion of foot in midfoot region,2,2,34,36,411.69844156,1853.09892855,532.1628246749999
81216,Gene analysis (breast cancer 2) of full sequence,1,1,36,36,181.83111111,185.12,181.83111111
36473,Mechanochemical destruction of first incompetent vein of arm or leg using imaging guidance,1,1,23,36,1275.6769444,21000.0,1607.0202778
28122,Partial removal of foot or heel bone,1,1,17,36,40.851111111,377.88888889,51.173055556
67500,Injection of drug into cavity behind eye,2,2,34,36,25.9139628485,213.647058825,32.4190247675
49451,Replacement of small bowel tube using fluoroscopic guidance with contrast,1,1,14,36,67.881388889,200.0,85.069166667
67220,Destruction of vascular growth between retina and sclera by photocoagulation,1,1,27,36,450.80805556,564.88,565.70055556
62362,Insertion of programmable spinal canal drug infusion pump,2,2,36,36,5206.01831115,24630.33,6507.486806174999
57267,Insertion of artificial material for pelvic floor defect,1,1,22,36,209.40638889,1000.0,262.48027778
86692,Analysis for antibody to hepatitis d virus,1,1,35,36,16.477777778,143.41666667,16.477777778
80195,Sirolimus level,1,1,15,35,13.544,117.33,13.544
19380,Surgical change to reconstructed breast,2,2,33,35,755.563876815,2673.5293478500002,951.3359420300001
82952,"Blood glucose (sugar) tolerance test, each additional beyond 3 specimens",1,1,27,35,3.7625714286,32.807714286,3.7625714286
65800,Removal of eye fluid,2,2,29,35,102.57464052099999,394.550588235,128.24075163
22859,Placement of mesh or cage device into spine disc space,1,1,24,35,40.976,1945.0,51.157714286
14000,"Repair of wound of trunk by transferring skin, 10.0 sq cm or less",2,2,35,35,465.33883223500004,2516.65,587.394588815
00797,Anesthesia for procedure on stomach for weight loss,2,2,35,35,224.415952385,2585.17857145,283.658214285
91040,Study of esophageal sensation by balloon distension,2,2,34,35,40.278809523999996,168.5,50.455952381
65222,Removal of foreign body in cornea using slit lamp,2,2,34,34,54.331969697,227.5,73.738409091
67921,Suture repair of turning-inward eyelid defect,3,3,33,34,322.80626262666664,1329.9621212,421.55686868666663
45398,Banding of hemorrhoids using a flexible endoscope (colonoscope),3,3,34,34,249.83391414000002,2169.6666666666665,313.79260101
57454,Biopsy and scraping of cervix using an endoscope,2,2,32,34,105.9571794885,505.035714285,154.39001831500002
55873,Destruction of prostate using imaging guidance,2,2,34,34,643.339285715,31277.5,811.656996335
J2150,"Injection, mannitol, 25% in 50 ml",1,1,18,34,2.7164705882,8.32,3.405
64520,Injection of anesthetic agent into middle or lower spine sympathetic nerve,1,1,19,34,289.40147059,1834.5294118,364.24852941
11001,"Removal of inflamed or infected skin, each additional 10% of body surface or less",1,1,16,34,18.5,95.0,23.22
50543,Partial removal of kidney using an endoscope,2,2,34,34,691.359333335,4830.673333335,864.699333335
95929,Placement of skin electrodes and measurement of central motor stimulation in legs,2,2,34,34,65.4157142855,2467.0,81.93071428549999
19085,"Biopsy of breast and placement of locating device using mri, first growth",2,2,33,33,704.156826925,5149.0,895.929826925
58548,"Removal of uterus, cervix, and lymph nodes of pelvis with biopsy of aortic lymph node using an endoscope",2,2,33,33,629.9125,4455.8727778,788.2992778
87538,"Detection test by nucleic acid for hiv-2 virus, amplified probe technique",1,1,31,33,34.591515152,187.83,34.591515152
28160,Partial removal of toe at joint,1,1,17,33,110.4969697,1000.0,138.57969697
92565,Test to assess hearing loss,2,2,33,33,12.15387218,33.642857143,16.8794360905
76120,Imaging of organ,1,1,33,33,90.451818182,401.0,114.80818182
74329,Review by radiologist of image from tube placement into pancreatic duct using an endoscope,2,2,25,33,20.706363636,149.18181818,25.886363636
76511,1d ultrasound scan of eye tissue and structures,1,1,16,33,39.854545455,150.0,51.403030303
65426,Removal or relocation of corneal conjunctiva with graft,1,1,32,33,675.57939394,9369.7363636,851.01
31541,Removal of growth of tongue and/or stripping of vocal cord using an endoscope with operating microscope or telescope,2,2,27,33,183.84044231000001,1470.0,230.03573077
51726,Complex measurement of pressure of urine flow in bladder,2,2,33,33,160.002727274,852.5340909,199.954090909
26116,"Removal of growth of muscle of hand or finger, less than 1.5 cm",2,2,28,33,361.825488725,2250.0,462.70524435999994
32668,Biopsy of wedge of lung tissue followed by partial removal of lung,1,1,31,32,116.5646875,641.34375,146.0415625
0034A,Adm sarscov2 vac ad26 .5ml b,2,2,32,32,38.0539473685,70.005,38.0539473685
85247,Clotting factor viii (von willebrand factor) measurement,1,1,31,32,22.11,56.74,22.11
36596,Mechanical removal of tissue or obstructive material from central venous tube,2,2,29,32,45.6215587045,299.23076922999996,57.2247165995
45341,Ultrasound exam of lower large bowel using a flexible endoscope,2,2,25,32,94.747261905,390.392857145,125.94587301499999
19120,"Removal of growth and tissue of breast, duct, or nipple",2,2,28,32,869.968666665,8025.8,1095.7469999999998
64628,"Heat destruction of intraosseous basivertebral nerve in bones of spine in lower back, first two bones",2,2,31,32,414.089404765,16966.125,521.501904765
43254,"Removal of tissue lining of esophagus, stomach, and/or upper small bowel using a flexible endoscope",2,2,29,32,206.76006073,1022.076923075,262.501356275
00120,Anesthesia for other procedure on external middle and inner ear,2,2,32,32,213.321518215,2697.3890688,267.40639676
Q4009,"Cast supplies, short arm cast, adult (11 years +), plaster",2,2,27,32,6.99583333335,26.75,9.39116666665
87521,"Detection test by nucleic acid for hepatitis c virus, amplified probe technique",1,1,32,32,34.980625,418.115,34.980625
58542,"Partial removal of uterus, tubes, and/or ovaries with retention of cervix using an endoscope, 250.0 g or less",2,2,32,32,193.659230769,1850.8400000000001,242.628704454
93452,Insertion of tube in left heart chambers for diagnosis with review by radiologist,1,1,31,32,134.3,572.0,176.5903125
86793,Analysis for antibody to yersinia (bacteria),1,1,16,32,13.0,132.5,13.0
60271,Removal of thyroid through chest or back,1,1,32,32,309.2146875,2170.3203125,387.751875
J7611,"Albuterol, inhalation solution, fda-approved final product, non-compounded, administered through dme, concentrated form, 1 mg",2,2,30,31,0.1821491228,5.5,0.2490131579
78268,Nuclear medicine study to assess exhaled breath samples,2,2,29,31,93.1750854705,177.20499999999998,93.1750854705
82375,Carboxyhemoglobin (protein) level,1,1,30,31,12.152258065,101.40258065,12.152258065
34705,Repair of infrarenal aorta and groin artery with graft for other than rupture on both sides with review by radiologist,2,2,31,31,1132.207456125,6271.5,1429.1280921
27786,Closed treatment of broken outside lower leg bone at ankle,2,2,31,31,244.77134091,828.5,324.19325000000003
27570,Manipulation of knee joint under anesthesia,2,2,30,31,589.644613635,3857.4315909,738.900613635
67801,Removal of multiple chronic growths of same eyelid,1,1,26,31,137.06129032,475.0,185.09451613
66985,Insertion of prosthetic lens,1,1,30,31,396.99741935,2813.0,497.57741935
72193,Ct scan of pelvis with contrast,1,1,31,31,39.270645161,216.0,52.13516129
73050,X-ray of both collar bones joints,1,1,30,31,8.4512903226,215.80645161,11.260967742
36217,"Insertion of tube into chest or arm artery, initial third order branch",2,2,24,31,144.57516666499998,1232.3125,180.414229165
40830,"Repair of lacerated mouth, 2.5 cm or less",1,1,20,31,108.15741935,474.45,135.70741935
19283,"Placement of locating device in breast using x-ray with needle guidance, first growth",1,1,31,31,78.478387097,560.0,104.70774194
33863,Repair of ascending aorta with graft on heart-lung machine with aortic root replacement and heart reconstruction,1,1,30,30,2119.3556667,18805.453333,2651.1686667
J1170,"Injection, hydromorphone, up to 4 mg",2,2,25,30,2.42825791855,7.5,3.04246606335
43236,"Injection of esophagus, stomach, and/or upper small bowel using a flexible endoscope",2,2,26,30,43.0553125,478.75,53.93861607149999
49423,Exchange of abdominal cavity drainage tube using imaging guidance,1,1,17,30,57.873333333,3837.0,72.503333333
44213,Partial release of large bowel and partial removal of large bowel using an endoscope,2,2,30,30,87.892222222,246.64,110.05694444449999
50328,Preparation of donor kidney and arteries for transplantation,2,2,27,30,76.97839285699999,595.76,96.28053571449999
A9586,"Florbetapir f18, diagnostic, per study dose, up to 10 millicuries",2,2,30,30,2638.0238009,9286.0,3302.56291855
50547,Removal of kidney from living donor using an endoscope,2,2,29,30,1635.4176696999998,8194.0769231,1635.4176696999998
31239,Incision of tear duct using an endoscope,2,2,25,30,654.528660285,3916.5681818,819.96093301
53850,Destruction of prostate tissue using microwave induced heat,1,1,30,30,1191.362,4776.0,1497.5153333
10009,"Fine needle aspiration biopsy of growth using ct guidance, first growth",2,2,29,30,230.796919643,1422.5,295.655535715
66250,Revision or repair of operative wound of eye,2,2,28,30,333.37516746,1879.5526316,417.515119615
20251,Biopsy of upper or lower spine bone,1,1,26,30,175.23933333,1256.0,219.646
61868,"Removal of skull bone with computer-assisted insertion of neurostimulator electrodes in brain with recording, each additional array",2,2,24,30,388.38617647,3073.5,486.80617646999997
58260,"Removal of uterus through vagina, 250.0 g or less",2,2,30,30,639.4965610849999,3432.0,806.474253395
J2360,"Injection, orphenadrine citrate, up to 60 mg",2,2,27,30,2.9663333333,10.0,4.146
80180,Mycophenolate (mycophenolic acid) level,1,1,15,30,17.822,160.0,17.822
28120,Partial removal of infected foot or heel bone,2,2,30,30,482.37708333,4863.7777778,603.127083335
16020,"Dressing change or removal of burn tissue, less than 5% of total body surface",1,1,18,29,45.085172414,250.0,58.646896552
0394T,"High dose rate electronic brachytherapy, external",1,1,26,29,131.98482759,600.0,165.40482759
81351,Gene analysis (tumor protein 53) full sequence analysis,1,1,29,29,629.01,641.85,629.01
36820,Relocation of forearm vein with connection to arm artery for hemodialysis,2,2,28,29,1102.98514423,2015.5,1387.3596874999998
49653,Repair of trapped hernia using an endoscope,2,2,29,29,560.15029412,2394.48235295,700.167941175
31536,Biopsy of voice box using an endoscope with operating microscope or telescope,1,1,29,29,134.15517241,559.0,170.77310345
00402,Anesthesia for reconstruction of breast,2,2,27,29,182.01445238,2459.22114285,227.582357145
11442,"Removal of noncancer skin growth of face, ears, eyelids, nose, lips, or mouth, 1.1-2.0 cm",1,1,24,29,48.397241379,400.22758621,60.667241379
95976,Electronic analysis of neurostimulator generator with simple cranial nerve stimulator programming,2,2,22,29,30.096470588,276.75,37.996470588
91299,Other diagnostic procedure for gastrointestine,1,1,29,29,92.489310345,604.72413793,116.48931034
27345,Removal of cyst of back of knee,2,2,29,29,195.99909091,1622.0,245.58909090999998
00794,Anesthesia for removal of pancreas including use of an endoscope,2,2,29,29,671.52058081,4626.818181799999,839.07068182
00563,Anesthesia for procedure on heart and large blood vessels using heart-lung machine and stopping blood flow,2,2,29,29,770.21414285,7545.32285715,963.794190485
31276,Exploration of nasal sinus using an endoscope,2,2,29,29,351.715238095,1527.65,439.85614285500003
76805,"Ultrasound scan of pregnant uterus (14 weeks or more), single or first fetus",1,1,19,29,30.013448276,363.0,47.28
78070,Nuclear medicine study of parathyroid,1,1,28,28,29.305357143,127.4,40.2925
93463,Drug infusion during cardiac catheterization,1,1,28,28,76.065714286,312.0,95.595714286
M0244,"Intravenous infusion or subcutaneous injection, casirivimab and imdevimab includes infusion or injection, and post administration monitoring in the home or residence; this includes a beneficiary's home that has been made provider-based to the hospital duri",1,1,28,28,762.85357143,1550.0,762.85357143
19318,Breast reduction,2,2,28,28,1114.8603125,4660.0729166500005,1391.658125
81376,Hla class ii typing low resolution one locus,1,1,14,28,120.64857143,161.535,120.64857143
82077,Measurement of alcohol level in specimen other than breath or urine,1,1,27,28,16.448214286,81.428571429,16.448214286
11626,"Removal of cancer skin growth of scalp, neck, hands, feet, or genitals, more than 4.0 cm",2,2,25,28,209.577025645,745.0,283.141102565
93701,Measurement of heart blood flow and respiration,2,2,27,28,21.837846153999998,45.0,28.203
84060,"Phosphatase (enzyme) measurement, acid, total",1,1,12,28,7.5582142857,20.0,7.5582142857
84302,Sodium level,1,1,28,28,4.8064285714,67.441428571,4.8064285714
86005,"Measurement of antibody (ige) to allergic substance, multiallergen screen",1,1,27,28,7.8557142857,7.97,7.8557142857
11400,"Removal of noncancer skin growth of body, arms, or legs, 0.5 cm or less",2,2,24,28,79.857142857,334.805,101.507500002
A9538,"Technetium tc-99m pyrophosphate, diagnostic, per study dose, up to 25 millicuries",1,1,28,28,21.580714286,150.0,27.070714286
48150,"Partial removal of pancreas, bile duct, and small bowel with connection of pancreas to small bowel",2,2,28,28,2515.26854165,17350.66666665,3149.2722916499997
G0278,"Iliac and/or femoral artery angiography, non-selective, bilateral or ipsilateral to catheter insertion, performed at the same time as cardiac catheterization and/or coronary angiography, includes positioning or placement of the catheter in the distal aorta",2,2,27,28,10.980743589500001,43.5,13.7157435895
28510,Closed treatment of broken toe,2,2,27,28,94.304375,652.041666665,123.058333335
96373,Injection of drug or substance into artery,1,1,28,28,14.193928571,140.0,17.793928571
32480,Removal of lobe of lung,2,2,27,27,1124.9096667,4456.0,1408.86133335
00126,Anesthesia for incision of ear drum,2,2,26,27,85.20664835150001,1692.5,106.41552197499999
76391,Mri and low frequency vibrations for measuring tissue stiffness,2,2,27,27,76.4570833315,479.5,98.8440833315
87807,Detection test by immunoassay with direct visual observation for respiratory syncytial virus,2,2,27,27,12.872499999999999,68.5,12.872499999999999
37236,"Insertion of stent in artery (except lower extremity, chest, heart, neck and brain) with review by radiologist, initial artery",2,2,26,27,308.947087915,4697.96703298,390.62153846
83916,Measurement of immune substance (oligoclonal bands),1,1,26,27,27.126296296,145.11,27.126296296
17283,"Destruction of cancer skin growth of face, ears, eyelids, nose, lips, or mouth, 2.1-3.0 cm",1,1,25,27,224.18703704,290.06,281.15518519
01941,Anesthesia for nerve modulation procedure spinal cord or repair of bone of spine of neck or upper back accessed through skin using imaging guidance,1,1,25,27,131.51518519,533.65851852,164.82888889
85230,"Clotting factor vii (proconvertin, stable factor)",1,1,25,27,17.666666667,222.73,17.666666667
95060,Test for allergy using allergenic extract applied to eye,1,1,27,27,30.663703704,75.0,43.400740741
21016,"Extensive removal of growth of face or scalp, 2.0 cm or more",2,2,22,27,802.938351645,1602.94,1011.3751099
38747,Removal of lymph nodes of abdominal organ,2,2,27,27,93.437912087,362.905,116.9312912105
27334,Incision of knee joint with removal of cartilage of front or back of knee,1,1,27,27,40.91,1878.0,51.35
J0360,"Injection, hydralazine hcl, up to 20 mg",1,1,11,27,4.567037037,15.0,5.7307407407
81327,Gene analysis (septin9) for promoter methylation,1,1,27,27,181.62962963,316.16666667,181.62962963
94625,"Professional services for outpatient pulmonary rehabilitation, per session",1,1,15,27,64.824444444,320.0,81.064444444
87181,"Evaluation of antimicrobial drug (antibiotic, antifungal, antiviral), agar dilution method",2,2,25,27,4.6733333333000004,32.015,4.6733333333000004
86386,Protein test for diagnosis and monitoring of bladder cancer,1,1,25,27,21.511111111,153.0,21.511111111
00868,Anesthesia for kidney transplant,2,2,27,27,297.127017045,2874.7883522499997,381.51619318
51792,Assessment of muscle signal of pelvic nerves,2,2,22,27,240.371785715,553.5699999999999,300.921785715
77021,Review by radiologist of mri guidance for needle placement,1,1,27,27,316.88888889,1125.0,397.02888889
93453,Insertion of tube in right and left heart chambers for diagnosis with review by radiologist,1,1,27,27,261.52925926,730.0,326.84962963
52260,Dilation of bladder using an endoscope under general or spinal anesthesia,1,1,24,27,565.5737037,3347.7833333,714.55592593
28193,Complicated removal of foreign body in foot,1,1,26,27,442.37888889,696.2962963,628.60851852
26180,Removal of tendon of finger,1,1,18,27,279.59518519,1136.0,350.58481481
19084,"Biopsy of breast and placement of locating device using ultrasound, each additional growth",2,2,22,26,207.071636365,1209.84,258.856636365
19302,Partial removal of breast and underarm lymph nodes,2,2,26,26,810.19730769,3648.8846154000003,1014.95807694
86215,Measurement of dna antibody,1,1,25,26,13.116923077,84.883846154,13.116923077
22610,Fusion of spine in upper back,2,2,25,26,405.551153846,2530.0,506.506153845
82726,Very long chain fatty acids level,1,1,26,26,19.434615385,225.34115385,19.434615385
22510,Stabilization of upper spine bone,2,2,23,26,319.033333335,1429.5,399.12199999999996
41120,Removal of less than half of tongue,2,2,25,26,405.0913690485,3579.01785715,514.9050595215
67923,Repair of turning-inward eyelid defect,1,1,24,26,187.74576923,867.11538462,234.51692308
J2760,"Injection, phentolamine mesylate, up to 5 mg",1,1,24,26,313.73307692,400.0,393.05115385
39402,Exam of chest with biopsy of lymph node using an endoscope,1,1,26,26,332.43153846,1286.0,427.85461538
93621,Insertion of catheters for recording and pacing of left upper heart chamber rhythm and induction of abnormal rhythm,2,2,24,26,73.1538095235,226.895,91.2788095235
33207,Insertion of pacemaker and lower heart chamber electrode,2,2,26,26,279.324333335,1255.8400000000001,360.70339393999996
80145,Measurement of adalimumab,2,2,25,26,38.138461538499996,274.5,38.138461538499996
33979,Insertion of implanted blood flow assist device in lower heart chamber,2,2,26,26,1186.4140303,10350.1318182,1486.55051515
G2252,"Brief communication technology-based service, e.g. virtual check-in, by a physician or other qualified health care professional who can report evaluation and management services, provided to an established patient, not originating from a related e/m servic",1,1,25,25,17.316,108.0,22.5584
49905,Repair of abdomen using abdominal lining graft,2,2,25,25,161.60958333349998,985.5,202.5045833335
32554,Aspiration of fluid from chest cavity,2,2,24,25,70.12871794899999,1321.0,87.7102564105
63688,Removal or revision of neurostimulator generator or receiver,2,2,25,25,230.23355769,1499.9994872,288.622403845
0041A,"Intramuscular administration of single severe acute respiratory syndrome coronavirus 2 (covid-19) vaccine, recombinant spike protein nanoparticle, saponin-based adjuvant, preservative free, 5 mcg/0.5ml dosage; first dose",1,1,25,25,43.5756,100.0,43.5756
36014,Insertion of tube into left or right pulmonary artery,1,1,21,25,82.3712,3339.0,103.1984
87118,Identification of mycobacteria (tb or tb like organism),1,1,18,25,14.4284,73.0,14.4284
11621,"Removal of cancer skin growth of scalp, neck, hands, feet, or genitals, 0.6-1.0 cm",1,1,22,25,134.2168,280.0,178.5012
76498,Other mri scan,1,1,25,25,10.7284,40.0,13.8092
68440,Snip incision of tear duct at inner corner of eye,1,1,23,25,92.3016,682.64,122.2644
73722,Mri scan of leg joint with contrast,2,2,25,25,108.0977922065,912.2950000000001,147.30879870249998
80186,"Phenytoin level, free",1,1,20,25,13.592,29.366,13.592
43999,Other procedure on stomach,1,1,15,25,68.556,2240.0,86.026
80161,"Measurement of carbamazepine-10,11-epoxide",1,1,22,25,18.3868,88.302,18.3868
77431,"Radiation treatment management, 1-2 treatment sessions",1,1,13,25,78.2212,278.0,97.6476
68115,"Removal of growth of eyelid lining, more than 1.0 cm",2,2,24,25,375.685194805,3155.9107143,474.829935065
81223,Gene analysis (cystic fibrosis transmembrane conductance regular) full gene sequence,2,2,25,25,489.91107143,808.87987013,489.91107143
63082,"Removal of upper spine bone with release of spinal cord and/or nerves, anterior approach, each additional segment",1,1,15,24,190.23,724.875,238.05
00350,Anesthesia for other procedure on large blood vessel of neck,2,2,24,24,397.141666665,4559.28333335,505.22583333500006
15576,"Creation of flap graft to eyelids, nose, ears, lips, or mouth",2,2,24,24,425.79562937000003,1606.94545455,532.61653846
83915,Nucleotidase 5' (enzyme) level,1,1,24,24,10.994166667,116.91041667,10.994166667
Q4006,"Cast supplies, long arm cast, adult (11 years +), fiberglass",1,1,22,24,24.23,50.0,31.684583333
15630,"Transfer of skin flap to eyelids, nose, ears, or lips",1,1,23,24,258.05583333,690.0,331.98583333
67043,Removal of membrane of retina with removal of subretinal membrane,1,1,22,24,1026.90875,4000.0,1287.76875
41005,"Drainage of abscess, cyst, or blood accumulation under tongue from inside mouth",1,1,23,24,97.752083333,376.15,126.17458333
93024,Infusion of drug with evaluation of coronary artery spasm response,1,1,24,24,46.729166667,150.0,58.589166667
23474,"Revision of total shoulder repair, total shoulder",2,2,23,24,1234.62237765,9341.0877275,1554.5495105
43241,"Insertion of tube or tube in esophagus, stomach, and/or upper small bowel using a flexible endoscope",2,2,22,24,80.65741258700001,372.0,101.193356642
78071,Nuclear medicine study of parathyroid with spect,2,2,24,24,39.116666666499995,255.5,55.719583333
31646,Aspiration of subsequent secretions of lung airway using an endoscope during same hospital stay,1,1,16,24,110.90166667,230.0,139.05166667
51102,Aspiration of bladder with insertion of bladder tube to skin,2,2,24,24,114.94375,796.01,150.43333333
92019,Limited exam of visual system under general anesthesia,1,1,23,24,60.871666667,240.0,76.271666667
Q0245,"Injection, bamlanivimab and etesevimab, 2100 mg",1,1,24,24,0.01,0.01,0.01
31298,Dilation of sphenoid and frontal nasal sinus using an endoscope,1,1,24,24,3591.9925,10500.0,4499.3458333
76978,"Ultrasound scan of growth using contrast, first growth",2,2,24,24,59.495034965,308.0,80.9565734265
93572,"Ultrasound evaluation of heart blood vessel during diagnosis or treatment, each additional vessel",1,1,20,24,38.31625,167.83333333,48.02625
55150,Removal of diseased or injured scrotum,1,1,23,24,545.21916667,1359.0,683.48291667
30130,Removal of nasal air passage,1,1,24,24,286.80958333,1192.0,359.63291667
22102,Removal of rear piece of lower spine bone,2,2,24,24,1113.999440573,8741.427272500001,1391.380804173
61863,"Removal of skull bone with computer-assisted insertion of neurostimulator electrodes in brain, first array",1,1,23,23,1184.9208696,5557.3478261,1511.9386957
83876,Myeloperoxidase (white blood cell enzyme) measurement,1,1,21,23,50.283478261,156.8,50.283478261
67110,Repair of detached retina by injection of air or gas,2,2,23,23,567.9828409099999,1742.0,708.857954545
82160,Androsterone (hormone) level,1,1,23,23,25.193913043,42.0,25.193913043
66682,Suture of iris and lens,2,2,22,23,343.202083335,3485.6818181999997,428.467007575
36470,Injection of chemical agent into single incompetent vein,1,1,15,23,41.603913043,275.0,52.12826087
81317,Gene analysis (postmeiotic segregation increased 2 [s cerevisiae]) full sequence analysis,1,1,23,23,668.85043478,1691.25,668.85043478
42699,Other procedure on saliva gland or duct,1,1,19,23,115.28782609,2192.7391304,144.16217391
22867,Placement of device to stabilize or reduce pressure in lower spine in 1 disc space,1,1,23,23,447.2226087,13043.478261,559.90043478
82528,Corticosterone (hormone) level,1,1,22,23,22.01,24.695652174,22.01
27120,Repair of hip socket,1,1,22,23,604.57173913,3932.0,757.74434783
52354,Biopsy and/or destruction of growth of ureter or kidney using an endoscope,1,1,21,23,306.00478261,2500.0,396.79086957
75563,Mri scan of heart before and after contrast with stress imaging,1,1,23,23,114.57130435,524.0,148.35913043
28313,Reconstruction of soft tissue angular deformity of toe,1,1,17,23,709.88956522,2937.0,889.77782609
28296,Correction of bunion with alignment correction of midfoot bone toward toe area,2,2,23,23,858.89378788,5733.8333333499995,1076.2244697
76516,Ultrasound scan to determine eye length,1,1,21,23,41.449130435,195.0,51.769130435
27435,Incision of back portion of knee joint capsule,1,1,23,23,355.9726087,981.49217391,446.18913043
G0514,"Prolonged preventive service(s) (beyond the typical service time of the primary procedure), in the office or other outpatient setting requiring direct patient contact beyond the usual service; each additional 30 minutes (list separately in addition to code",1,1,23,23,56.596956522,135.0,56.596956522
33530,Coronary artery bypass or valve procedure reoperation more than 1 month after original operation,2,2,23,23,413.56594697,2528.95833335,514.4309469699999
84206,Proinsulin (pancreatic hormone) level,1,1,23,23,26.285652174,241.63913043,26.285652174
84545,"Urea nitrogen level to assess kidney function, clearance",1,1,22,23,7.0995652174,66.066521739,7.0995652174
61886,Insertion of brain neurostimulator pulse device with connection to 2 or more electrode arrays,2,2,22,22,709.275454545,2462.5,888.450454545
17107,"Destruction of birthmark, 10.0-50.0 sq cm",1,1,18,22,312.56181818,818.0,407.51909091
65757,Preparation of corneal tissue for transplant,1,1,16,22,53.525454545,4996.0,66.845454545
64772,Incision or removal of spinal nerve,1,1,12,22,261.70045455,3570.66,328.08545455
75901,Review by radiologist of image for removal of obstructive material,1,1,22,22,18.844090909,59.0,23.524090909
80143,Measurement of acetaminophen,1,1,20,22,18.479090909,163.5,18.479090909
44970,Removal of appendix using an endoscope,2,2,22,22,276.341363637,1072.238636365,347.1009090915
P9016,"Red blood cells, leukocytes reduced, each unit",1,1,15,22,180.21909091,586.0,225.88272727
84140,Pregnenolone (reproductive hormone) level,1,1,19,22,20.305454545,62.01,20.305454545
0483T,"Insertion of artificial valve between left heart chambers, accessed through the skin",1,1,22,22,675.41954545,5491.0,843.84272727
35221,Repair of blood vessel of abdomen,1,1,22,22,424.85863636,3781.0,530.70363636
28002,Drainage of fluid filled sac below connective tissue in foot joint,1,1,19,22,191.38,980.0,239.77545455
J0744,"Injection, ciprofloxacin for intravenous infusion, 200 mg",1,1,11,22,0.8704545455,5.0,1.0904545455
80198,Theophylline level,1,1,17,22,13.980909091,63.935,13.980909091
81445,Test for detecting genes associated with cancer of body organ,1,1,22,22,590.57090909,1176.3636364,590.57090909
22870,Placement of stabilizing device to second lower spine level,1,1,19,22,89.059545455,1093.0,111.63181818
93461,"Insertion of tube in right and left heart chambers, coronary artery, and bypass graft for diagnosis with review by radiologist",1,1,22,22,351.79318182,1486.0,448.07136364
26236,Partial removal of finger bone at end of finger,1,1,21,22,345.87727273,1272.9090909,436.31045455
77285,"Obtaining data needed to develop the optimal radiation treatment, 2 treatment areas",1,1,22,22,436.05363636,1661.0,546.77363636
83701,Lipoprotein measurement,1,1,21,21,32.277142857,310.0,32.277142857
80230,Measurement of infliximab,1,1,19,21,38.054761905,371.85285714,38.054761905
G2025,Payment for a telehealth distant site service furnished by a rural health clinic (rhc) or federally qualified health center (fqhc) only,1,1,21,21,72.211428571,97.24,95.266666667
21210,Repair of nasal or cheek bone with bone graft,1,1,13,21,1622.1085714,5000.0,2032.3542857
52317,"Crushing, fragmenting, and removal of bladder stones, less than 2.5 cm",1,1,17,21,197.65904762,2672.0,247.19904762
51595,Removal of bladder and lymph nodes on both sides of pelvis with transplantation of ureters to small or large bowel with creation of urinary opening,1,1,21,21,1774.8214286,7596.0,2226.7309524
96125,Test to assess the ability to complete specific functional tasks applicable to environment,1,1,20,21,42.843333333,58.5,57.94047619
67005,Partial removal of eye fluid between lens and retina,1,1,21,21,807.04190476,7158.8428571,1012.1580952
J9370,"Vincristine sulfate, 1 mg",1,1,14,21,3.8780952381,49.0,4.8633333333
87176,Tissue preparation for culture,1,1,20,21,5.76,40.36,5.76
86833,"Assessment of antibody to human leukocyte antigens (hla) with high definition qualitative panel for identification of antibody specificities, hla class ii",1,1,11,21,321.14285714,821.42857143,321.14285714
42100,Biopsy of roof of mouth,1,1,17,21,81.963333333,329.0,108.63380952
95712,"Measurement of brain wave activity with video (veeg), 2-12 hours with intermittent monitoring",1,1,20,21,409.90047619,1500.0,513.81047619
23455,Reattachment of shoulder joint capsule and cartilage without bone transfer with repair of shoulder rim,1,1,21,21,435.23095238,3335.0,544.44095238
28272,Incision of toe joint capsule,1,1,17,21,259.84904762,725.0,332.2647619
27025,Incision of connective tissue of hip or thigh,1,1,17,21,709.36285714,2048.0,900.17857143
29584,"Application of vein wound compression bandages on upper arm, forearm, hand, and fingers",1,1,13,21,49.431428571,156.67904762,61.593333333
27248,Treatment of broken head of thigh bone with placement of stabilizing device,1,1,20,21,339.68714286,1890.0,424.60619048
86703,Analysis for antibody to hiv-1 and hiv-2 virus,1,1,21,21,13.522857143,137.0,13.522857143
96167,"Treatment of behavior impacting health with family and patient, initial 30 minutes",1,1,13,20,53.41,154.0,66.9
96450,Administration of chemotherapy into fluid-filled space between the tissue that cover the brain and spinal cord,1,1,12,20,61.886,765.0,81.711
67880,Creation of permanent eyelid margin scarring,1,1,20,20,168.6275,772.0,211.233
0501T,"Analysis of data from ct study of heart blood vessels to assess severity of heart artery disease, with interpretation and report",1,1,20,20,834.0775,3171.0,1045.4475
64595,Revision of peripheral or gastric neurostimulator generator,1,1,20,20,45.44,2500.0,57.017
50230,"Removal of kidney, lymph nodes, and/or blood clot from major vein with partial removal of ureter",1,1,20,20,1139.3095,12663.5,1425.303
64585,Revision of peripheral neurostimulator electrodes,1,1,19,20,69.3435,1467.1,93.948
92986,Balloon dilation repair of aortic valve,1,1,20,20,957.2035,3783.0,1199.5135
43244,Tying of dilated veins of stomach and/or esophagus using a flexible endoscope,1,1,12,20,180.887,600.0,224.943
81305,Gene analysis (myeloid differentiation primary response 88) for p.leu265pro variant,1,1,18,20,171.89,175.4,171.89
0097U,Test for detection of gastrointestinal disease-causing organism using amplified probe,1,1,19,20,363.04,780.0,363.04
23615,Treatment of broken top of upper arm bone,1,1,20,20,736.8565,1475.0,923.6745
87476,"Detection by nucleic acid for borrelia burgdorferi (bacteria), amplified probe technique",1,1,20,20,34.5125,352.91,34.5125
82664,"Electrophoresis, laboratory testing technique",1,1,19,20,55.3635,58.7565,55.3635
17286,"Destruction of cancer skin growth of face, ears, eyelids, nose, lips, or mouth, more than 4.0 cm",1,1,16,20,263.956,395.0,330.746
45350,Banding of hemorrhoids using a flexible endoscope (sigmoidoscope),1,1,20,20,379.774,1433.0,478.85
93610,Insertion of temporary pacemaker electrode for diagnostic upper heart pacing,1,1,20,20,157.776,450.0,197.616
55520,Removal of growth of sperm cord,1,1,18,20,181.2245,1575.0,226.9145
36476,Destruction of subsequent incompetent veins of arm or leg using radiofrequency and imaging guidance,1,1,17,20,223.745,950.0,280.4315
A4353,"Intermittent urinary catheter, with insertion supplies",1,1,11,20,6.8425,34.0,8.5525
32562,Subsequent instillation of agent onto lung lining using chest tube,1,1,13,19,38.304210526,140.68421053,47.654736842
50325,Preparation of living donor kidney for transplantation,1,1,19,19,119.07157895,1172.6315789,148.87210526
81310,Gene analysis (nucleophosmin) exon 12 variants,1,1,18,19,243.27526316,862.82,243.27526316
67882,Creation of permanent eyelid margin scarring with relocation of eyelid tissue,1,1,18,19,356.50947368,977.76842105,446.71
61790,Computer-assisted creation of growth of face nerve,1,1,17,19,713.52473684,3832.0,899.96368421
22800,"Fusion to repair spine deformity through back, up to 6 bones",1,1,19,19,95.855789474,2693.0,120.18736842
27095,Injection of contrast for imaging of hip under anesthesia,1,1,17,19,57.444736842,764.21052632,79.403157895
27066,"Removal of deep cyst or growth of hip, pubic, or head of thigh bone with self bone graft",1,1,19,19,325.93421053,2467.0,408.51368421
29105,Application of lower and upper arm splint,1,1,19,19,51.104736842,244.0,67.537368421
28825,Amputation of toe at toe joint,1,1,14,19,119.78684211,991.25,150.11947368
37222,"Balloon dilation of groin artery, each additional vessel",1,1,14,19,544.17263158,1988.1052632,679.06421053
23440,Removal or relocation of biceps tendon,1,1,19,19,2831.7678947,7523.2905263,3550.7852632
36592,Collection of blood sample from central venous tube,1,1,14,19,27.074210526,268.0,37.804210526
81371,"Hla class i and ii typing, low resolution hla-a, -b, and -drb1",1,1,19,19,398.98421053,1114.0,398.98421053
26125,"Removal of connective tissue of palm and release of finger, each additional digit",1,1,14,19,210.03157895,780.0,262.61157895
89050,Body fluid cell count,1,1,18,19,4.6742105263,23.15,4.6742105263
G0445,"High intensity behavioral counseling to prevent sexually transmitted infection; face-to-face, individual, includes: education, skills training and guidance on how to change sexual behavior; performed semi-annually, 30 minutes",1,1,18,19,27.255263158,50.0,27.255263158
78430,Nuclear medicine study of blood flow in heart muscle at rest and with stress with concurrent ct scan,1,1,19,19,61.115263158,340.0,80.736842105
33223,Relocation of defibrillator skin pocket,1,1,19,19,402.04894737,1500.0,504.16894737
28011,Repair of multiple toe tendons,1,1,13,19,222.57368421,1243.0,277.95157895
11444,"Removal of noncancer skin growth of face, ears, eyelids, nose, lips, or mouth, 3.1-4.0 cm",1,1,16,19,254.75157895,378.10210526,319.58894737
00700,Anesthesia for other procedure on upper front abdomen,1,1,18,19,99.941052632,926.11578947,125.30368421
95982,Electronic analysis of implanted gastric neurostimulator generator with programming,1,1,14,18,31.195,119.0,39.065
49655,Repair of trapped incisional hernia using an endoscope,1,1,12,18,537.32,2695.8888889,673.34666667
50545,Removal of kidney and lymph nodes using an endoscope,1,1,18,18,1149.4572222,5432.4861111,1441.0083333
78111,"Nuclear medicine study of plasma volume, multiple samplings",1,1,16,18,7.3338888889,289.0,9.1538888889
67973,Reconstruction of lower eyelid by transfer of eyelid tissue from opposite eyelid,1,1,17,18,958.73333333,5052.7777778,1200.9772222
93612,Insertion of temporary pacemaker electrode for diagnostic lower heart pacing,1,1,18,18,138.33611111,425.0,173.18611111
93620,Insertion of catheters for recording and pacing of right heart chambers rhythm and induction of abnormal rhythm,1,1,18,18,459.85944444,2762.0,576.29277778
24077,"Extensive removal of growth of upper arm or elbow, less than 5.0 cm",1,1,18,18,907.06833333,2319.3333333,1143.9127778
24358,Incision of elbow tendon with removal of tissue,1,1,14,18,261.27333333,660.15,327.29333333
25066,Biopsy of deep tissue of forearm and/or wrist,1,1,18,18,170.26888889,2646.0,213.30888889
36908,Insertion of stent in dialysis segment with review by radiologist,1,1,14,18,1476.7983333,8388.8888889,1867.2666667
82710,"Stool fat or lipids analysis, quantitative",1,1,18,18,16.648888889,184.48,16.648888889
78429,Nuclear medicine study of heart muscle with metabolic evaluation and concurrent ct scan,1,1,18,18,61.944444444,166.0,81.988888889
64788,Removal of growth of skin nerve or nerve lining,1,1,16,18,228.76222222,605.0,324.33722222
69706,"Dilation of canal between middle ear and throat (eustachian tube) on both sides of body, using endoscope inserted through nose",1,1,18,18,2760.385,7000.0,3459.025
51990,Suture suspension of urethra to control leakage using an endoscope,1,1,18,18,292.55611111,3906.0,365.41055556
13100,"Complicated repair of wound of trunk, 1.1-2.5 cm",1,1,18,18,240.23055556,400.0,325.58944444
15110,"Outer layer self skin graft of trunk, arms, or legs, 100.0 sq cm or 1% body area for infants and children, or less",1,1,15,18,570.71333333,2025.0,712.67333333
15731,"Creation of flap graft to nose, forehead, temple, or scalp",1,1,18,18,1345.93,2639.0,1686.6938889
15770,"Creation of skin, fat and muscle graft",1,1,16,18,303.86666667,5476.6666667,380.83833333
86682,Analysis for antibody to helminth (intestinal worm),1,1,17,18,12.872777778,111.0,12.872777778
86694,Analysis for antibody to herpes simplex virus,1,1,12,18,14.205555556,53.482222222,14.205555556
20902,Harvest of graft from large bone,1,1,17,18,116.26777778,1305.0,145.67777778
77022,Mri guidance for tissue removal,1,1,17,18,152.66722222,566.0,202.02
29825,Removal of shoulder scar tissue using an endoscope,1,1,18,18,102.93611111,3285.0,129.00611111
92521,"Evaluation of speech continuity, smoothness, rate, and effort",1,1,17,18,121.53166667,250.0,152.53666667
93640,Evaluation of single or dual chamber pacing cardioverter-defibrillator at time of implantation or replacement,1,1,18,18,79.477777778,662.0,99.171111111
62326,Insertion of tube and injection of substance into lower spine canal,1,1,17,17,64.409411765,675.0,80.619411765
72196,Mri scan of pelvis with contrast,1,1,17,17,61.042941176,428.0,80.538235294
21080,Preparation of permanent prosthesis to close mouth opening,1,1,17,17,1568.8517647,3028.0,1964.3217647
Q2043,"Sipuleucel-t, minimum of 50 million autologous cd54+ cells activated with pap-gm-csf, including leukapheresis and all other preparatory procedures, per infusion",1,1,11,17,42147.706471,79000.0,52799.051765
38510,Biopsy or removal of deep lymph nodes of neck,1,1,17,17,286.47411765,2990.0,358.90176471
27305,Incision of connective tissue between thigh and knee,1,1,16,17,25.884117647,2400.0,32.434117647
90840,"Psychotherapy for crisis, each additional 30 minutes",1,1,15,17,36.651764706,178.17647059,45.952941176
34848,"Repair of aorta in abdomen between and below kidneys with graft, including 4 or more grafts in abdominal organ arteries with review by radiologist",1,1,17,17,1152.1729412,3986.3529412,1461.1647059
52315,"Complicated removal of foreign body, stone, or stent in urethra or bladder using an endoscope",1,1,17,17,229.58647059,1217.0,287.87647059
78201,Nuclear medicine study of liver,1,1,11,17,14.917647059,60.0,19.870588235
27506,Treatment of broken shaft of thigh bone with implant,1,1,16,17,1086.3429412,5294.1176471,1369.1982353
31573,Injection of drug into side of voice box using an endoscope,1,1,11,17,147.95411765,3764.7058824,198.17941176
87551,"Detection test by nucleic acid for mycobacteria species (bacteria), amplified probe technique",1,1,14,17,47.477647059,76.929411765,47.477647059
64714,Release of upper leg nerve,1,1,17,17,372.91529412,10027.322941,465.72117647
0014M,Molecular pathology test for risk of serious liver disease within 5 years (enhanced liver fibrosis (elf) test),1,1,17,17,171.19235294,490.6,171.19235294
33263,Removal and replacement of dual lead defibrillator,1,1,17,17,166.59647059,1312.2647059,208.74647059
31626,Placement of radiation therapy markers into lung airways using an endoscope,1,1,17,17,127.02235294,2965.0,158.55176471
20665,Removal of stabilizing device from head originally applied by other provider,1,1,15,17,66.680588235,234.0,83.085294118
00404,Anesthesia for removal of all or part of breast,1,1,17,17,134.58235294,1571.8235294,168.39705882
27430,Repair of muscle group above knee joint,1,1,15,17,413.04,1772.9041176,517.14647059
88174,"Pap test, automated thin layer preparation; automated system",1,1,17,17,25.175294118,102.21117647,25.175294118
81005,"Analysis of urine, except immunoassays",1,1,15,17,2.1394117647,5.0,2.1394117647
62327,Insertion of tube and injection of substance into lower spine canal using imaging guidance,1,1,11,17,82.301176471,196.12,103.09117647
78802,"Nuclear medicine study, whole body",1,1,17,17,32.582352941,1302.4117647,43.292941176
28600,Closed treatment of dislocated midfoot joint,1,1,15,17,164.96470588,238.18,205.89470588
27307,Incision of multiple tendons of thigh or hamstring muscle,1,1,17,17,349.8,1200.0,439.41
67010,Partial removal of eye fluid between lens and retina with mechanical removal of eye fluid,1,1,15,16,795.673125,5820.0,997.493125
93654,Comprehensive electrophysiologic evaluation with catheter destruction of abnormality of lower chamber of heart causing ventricular tachycardia (rapid heart rate) or ventricular ectopy (irregular heartbeat),1,1,11,16,880.186875,5667.0,1100.051875
77086,Fracture assessment of spine bones using dxa,1,1,16,16,6.744375,32.0,9.6275
15771,"Graft using patient's fat removed by liposuction and inserted into trunk, breasts, scalp, arms, or legs, 50.0 cc or less",1,1,16,16,232.15625,1605.125,290.2325
19297,Placement of expandable tube in breast for radiation treatment using imaging guidance with partial removal of breast,1,1,12,16,88.56375,239.95,110.43375
49560,Repair of incisional or abdominal hernia,1,1,16,16,468.12875,5999.5,585.68375
85270,Clotting factor xi (pta) measurement,1,1,16,16,17.6525,209.84,17.6525
G2172,All inclusive payment for services related to highly coordinated and integrated opioid use disorder (oud) treatment services furnished for the demonstration project,1,1,14,16,351.126875,375.0,351.126875
54405,Insertion of multicomponent inflatable penile implant,1,1,16,16,596.7075,3168.0,752.755625
64425,Injection of anesthetic agent and/or steroid into lower abdomen and groin nerve,1,1,15,16,58.70125,294.0,73.476875
46260,Removal of multiple hemorrhoid groups,1,1,16,16,301.19,1443.0,377.735625
46607,Biopsy of anus with magnification and chemical agent enhancement using an endoscope,1,1,16,16,85.351875,864.0,134.049375
61798,"Computer-assisted radiosurgery of complex growth of brain, first growth",1,1,16,16,1458.33,10825.0,1822.48
32669,Removal of segment of lung tissue using an endoscope,1,1,15,16,1054.7975,2800.44,1315.338125
44204,Partial removal of large bowel using an endoscope,1,1,16,16,175.963125,759.0,220.393125
37187,"Removal and dissolving of blood clot from vein using fluoroscopic guidance, initial treatment",1,1,15,16,1464.618125,4456.25,1850.84375
33244,Removal of defibrillator electrodes through vein,1,1,16,16,726.305625,2239.0,906.62875
74340,Review by radiologist of placement of long small bowel tube,1,1,16,16,20.901875,150.0,26.161875
49002,Reopening of recent abdominal incision,1,1,16,16,777.24,3230.0,986.7
27702,Reconstruction of ankle joint with prosthesis,1,1,16,16,833.456875,5440.3125,1055.136875
70010,Review by radiologist of lower back portion of brain image,1,1,16,16,39.05375,320.0,56.335
28292,Correction of bunion,1,1,15,16,658.1775,5622.32,824.475
40808,Biopsy of mouth,1,1,15,16,97.50375,629.0,169.025625
60100,Needle biopsy of thyroid through skin,1,1,14,16,71.91375,182.0,98.318125
0465T,Injection of medication into space above choroid membrane of eye,1,1,11,16,181.8325,600.0,228.1625
76100,X-ray of body plane,1,1,11,15,48.118,200.0,60.353333333
35011,Repair of aneurysm or arm artery with graft,1,1,12,15,726.268,1922.6666667,909.906
33257,Partial destruction and reconstruction of right upper heart chamber,1,1,15,15,456.16333333,1811.0,569.09333333
33866,Repair of aortic arch with graft,1,1,15,15,770.932,6635.0,964.352
36819,Relocation of upper arm surface vein with connection to arm artery for hemodialysis,1,1,14,15,493.708,2024.0,617.79466667
36833,Revision of hemodialysis graft with removal of blood clot,1,1,11,15,611.69066667,1680.0,765.572
78597,Nuclear medicine study of lung ventilation and blood flow to lung,1,1,14,15,26.498,105.0,33.228
P9040,"Red blood cells, leukocytes reduced, irradiated, each unit",1,1,11,15,211.76133333,725.66666667,265.508
87507,"Detection test by nucleic acid for digestive tract pathogen, multiple types or subtypes, 12-25 targets",1,1,15,15,409.274,995.0,409.274
50329,Preparation of donor kidney and ureter for transplantation,1,1,15,15,37.426666667,453.0,46.886666667
64489,Continuous infusion of local anesthetic for abdominal wall pain control on both sides using imaging guidance,1,1,15,15,50.661333333,1075.0,79.285333333
33025,Surgical removal of piece of sac covering heart for drainage,1,1,15,15,606.48133333,2700.0,759.73133333
70200,"X-ray of eye socket, minimum of 4 views",1,1,15,15,10.484666667,70.0,13.144666667
38241,Transplantation of patient-derived stem cells,1,1,15,15,143.43466667,2334.0,180.59533333
77772,"High dose radiation therapy, more than 12 channels",1,1,13,15,223.57266667,944.0,279.83266667
29130,Application of nonmoveable finger splint,1,1,12,15,34.302,70.0,42.832666667
31571,Injection into vocal cords using an endoscope with operating microscope or telescope,1,1,12,15,167.684,753.2,224.996
49652,Repair of hernia using an endoscope,1,1,15,15,601.82266667,1784.0,754.70133333
26842,Fusion of thumb at wrist with bone graft,1,1,13,15,2125.252,8290.0,2664.352
A9562,"Technetium tc-99m mertiatide, diagnostic, per study dose, up to 15 millicuries",1,1,15,15,696.006,1150.0,872.476
A9540,"Technetium tc-99m macroaggregated albumin, diagnostic, per study dose, up to 10 millicuries",1,1,14,15,26.720666667,114.2,33.884
27134,Revision of thigh bone and hip joint prosthesis,1,1,14,15,1465.346,7108.3333333,1832.602
20220,Biopsy of bone using needle or trocar,1,1,13,15,60.531333333,375.0,75.868
12054,"Intermediate repair of wound of face, ears, eyelids, nose, lips, or mouth, 7.6-12.5 cm",1,1,15,15,149.51933333,752.54,187.14933333
15789,Chemical peel of deep layer of skin of face,1,1,14,15,433.21333333,1010.8933333,545.508
99492,"Initial psychiatric collaborative care management, first calendar month, first 70 minutes",1,1,15,15,116.78,298.0,146.57
33265,Limited reconstruction of upper heart chamber and alteration of electrical pathway using an endoscope,1,1,15,15,962.93733333,3726.0,1199.36
87280,Detection test by immunofluorescent technique for respiratory syncytial virus (rsv),1,1,14,15,13.15,97.86,13.15
65730,Penetrating transplantation of tissue from 1 cornea to other cornea (except in aphakia or pseudophakia),1,1,14,15,1396.602,6785.0,1749.512
65850,Insertion of eye fluid drainage tube,1,1,13,15,736.17866667,3786.0,922.83866667
61210,Burr hole for insertion of brain tube or monitoring device,1,1,15,15,166.41466667,2048.82,208.53933333
11404,"Removal of noncancer skin growth of body, arms, or legs, 3.1-4.0 cm",1,1,13,15,87.102,709.08,109.166
85635,Blood coagulation screening test,1,1,14,15,9.7166666667,100.0,9.7166666667
86870,Identification of red blood cell antibodies,1,1,13,14,76.98,105.375,103.98
86768,Analysis for antibody to salmonella (intestinal bacteria),1,1,14,14,13.004285714,177.73,13.004285714
A0432,"Paramedic intercept (pi), rural area, transport furnished by a volunteer ambulance company which is prohibited by state law from billing third party payers",1,1,14,14,362.32357143,1205.345,454.22071429
31632,"Biopsy of lobe of lung using an endoscope, each additional lobe",1,1,13,14,38.794285714,340.0,48.624285714
20670,Removal of surface implant from bone,1,1,13,14,88.740714286,928.57142857,121.09
33289,Insertion of wireless pressure sensor into lung artery through tube with review by radiologist,1,1,14,14,271.63071429,987.0,339.52071429
87808,Detection test by immunoassay with direct visual observation for trichomonas vaginal (genital parasite),1,1,14,14,15.07,38.571428571,15.07
87905,Infectious agent enzymatic activity to detect organism,1,1,14,14,12.048571429,38.571428571,12.048571429
31256,Incision of nasal sinus using an endoscope,1,1,14,14,109.19071429,1028.5714286,136.50571429
A4561,"Pessary, rubber, any type",1,1,12,14,16.557142857,50.0,24.227142857
51785,Needle measurement and recording of electrical activity of muscles at bladder and bowel openings,1,1,14,14,41.902857143,276.42857143,52.352857143
51610,Injection procedure through bladder and urethra for x-ray imaging,1,1,13,14,25.297142857,148.0,31.715714286
19499,Other procedure on breast,1,1,14,14,125.81928571,605.0,157.60928571
64716,Release and/or relocation of cranial nerve,1,1,12,14,226.01571429,3580.0,283.08642857
74450,Review by radiologist of urinary bladder and urethra images with contrast,1,1,12,14,14.442142857,174.71428571,18.042142857
J0500,"Injection, dicyclomine hcl, up to 20 mg",1,1,14,14,20.26,105.0,27.115
27335,Incision of knee joint with removal of cartilage of front and back of knee,1,1,14,14,345.8,5475.0,433.63642857
28043,Removal (less than 1.5 centimeters) tissue growth beneath the skin of foot or toe,1,1,14,14,238.68928571,401.42857143,359.45857143
27280,Fusion of sacroiliac joint obtaining bone graft open procedure,1,1,14,14,1145.1392857,3653.2857143,1429.3907143
38572,Removal of lymph nodes of both sides of pelvis and abdominal lymph node biopsy using an endoscope,1,1,14,14,67.172142857,860.4,84.057142857
29821,Removal of entire shoulder joint lining using an endoscope,1,1,14,14,113.0,634.30428571,141.29
29877,Removal or shaving of knee joint cartilage using an endoscope,1,1,14,14,474.41071429,2200.0,595.55714286
19340,Placement of implant on same day of breast reconstruction,1,1,14,14,553.16214286,3672.7857143,690.50785714
22325,Treatment of broken or dislocated lower spine bone,1,1,14,14,850.335,5126.6857143,1065.5464286
95722,"Measurement of brain wave activity with video (veeg), 37-60 hours with review and report by health care professional",1,1,13,14,189.09714286,1057.64,252.765
58262,"Removal of uterus, tubes, and/or ovaries through vagina, 250.0 g or less",1,1,14,14,1409.9778571,4462.0,1769.7535714
52275,Incision of urethra in male using an endoscope,1,1,13,14,482.77571429,1000.0,604.51571429
43247,"Removal of foreign bodies of esophagus, stomach, and/or upper small bowel using a flexible endoscope",1,1,14,14,128.34428571,674.85714286,160.35214286
22868,Placement of device to stabilize or reduce pressure in lower spine in second disc space,1,1,14,14,197.97428571,1734.48,248.12357143
97606,"Therapy procedure using a special bandage and vacuum pump, surface area more than 50.0 sq cm",1,1,13,14,22.339285714,150.0,27.999285714
86631,Analysis for antibody to chlamydia (bacteria),1,1,11,14,11.682857143,231.0,11.682857143
94761,Test to measure oxygen level in blood using ear or finger device multiple times,1,1,13,14,2.8521428571,66.0,3.8407142857
G0432,"Infectious agent antibody detection by enzyme immunoassay (eia) technique, hiv-1 and/or hiv-2, screening",1,1,14,14,19.303571429,104.0,19.303571429
89125,"Fat stain of stool, urine, or respiratory secretions",1,1,13,14,5.8071428571,34.053571429,5.8071428571
43332,Repair of paraesophageal hernia through abdomen,1,1,14,14,866.54285714,2913.4285714,1081.9614286
78300,Nuclear medicine study of bone and/or joint limited area,1,1,14,14,19.599285714,327.0,28.727857143
93318,Ultrasound of heart with probe in esophagus to assess heart pump function,1,1,14,14,92.802857143,560.0,115.92285714
37214,Removal of tube into artery or vein with review by radiologist,1,1,11,13,56.519230769,450.0,70.584615385
A9588,"Fluciclovine f-18, diagnostic, 1 millicurie",1,1,13,13,3620.2153846,5075.0,4537.9076923
G9875,Nine total medicare diabetes prevention program (mdpp) core sessions were attended by an mdpp beneficiary under the mdpp expanded model (em). a core session is an mdpp service that: (1) is furnished by an mdpp supplier during months 1 through 6 of the mdpp,1,1,13,13,92.07,93.0,92.07
A9582,"Iodine i-123 iobenguane, diagnostic, per study dose, up to 15 millicuries",1,1,13,13,5314.1961538,10000.0,6660.3461538
35600,Harvest of arm artery segment for heart byplass procedure,1,1,13,13,135.86153846,634.0,168.83384615
70030,X-ray of eye for detection of foreign body,1,1,13,13,14.313076923,77.92,21.314615385
92260,Measurement of eye artery pressure,1,1,13,13,16.129230769,48.0,20.239230769
23410,Repair of acute torn shoulder rotator cuff,1,1,13,13,83.296153846,957.0,104.20076923
74400,Imaging of urinary tract with injection of contrast into a vein,1,1,13,13,108.63307692,181.0,135.78307692
49465,"Contrast injection for x-ray imaging through existing tube in stomach, small bowel or large bowel",1,1,13,13,28.897692308,90.0,36.097692308
32550,Insertion of indwelling tube for drainage of lung fluid,1,1,13,13,170.82384615,1052.2307692,214.02384615
01756,Anesthesia for extensive procedure on elbow,1,1,13,13,103.47153846,1523.3076923,129.12230769
84143,17-hydroxypregnenolone (hormone) level,1,1,13,13,22.526923077,150.41769231,22.526923077
33362,Replacement of aortic valve by through femoral artery,1,1,13,13,623.63384615,2220.0,779.07384615
01925,Anesthesia for x-ray on artery of neck or heart,1,1,13,13,326.52692308,2884.6153846,409.04615385
49205,"Removal or destruction of cysts or growths of abdominal cavity, more than 10.0 cm",1,1,13,13,1275.5846154,12627.692308,1603.2707692
19371,Removal of capsule around breast implant,1,1,13,13,459.03769231,4875.0769231,575.00153846
G0288,"Reconstruction, computed tomographic angiography of aorta for surgical planning for vascular surgery",1,1,13,13,34.783076923,1047.0,43.613076923
87535,"Detection test by nucleic acid for hiv-1 virus, amplified probe technique",1,1,11,13,34.578461538,258.69230769,34.578461538
95717,"Measurement of brain wave activity (eeg), 2-12 hours with health care professional review and report",1,1,12,13,79.056153846,2928.4615385,98.986153846
52318,"Crushing, fragmenting, and removal of bladder stones, more than 2.5 cm",1,1,13,13,395.33,1645.95,493.61
22802,"Fusion of spine bones for correction of deformity, posterior approach, 7 to 12 vertebral segments",1,1,12,13,1495.0476923,13161.0,1874.6507692
22899,Other procedure on spine,1,1,11,13,824.08692308,2670.0,1031.8907692
81340,Gene analysis (t cell antigen receptor beta) amplification methodology,1,1,12,13,204.90076923,300.0,204.90076923
23130,Partial removal or repair of shoulder bone near collar bone,1,1,13,13,259.69153846,4250.0,324.13153846
48999,Other procedure on pancreas,1,1,13,13,2582.8046154,9701.6923077,3231.0761538
23020,Release of tendon of shoulder joint,1,1,12,13,41.049230769,2303.0,51.489230769
82136,"Amino acid level, 2 to 5 amino acids, quantitative, each specimen",1,1,13,13,19.474615385,20.31,19.474615385
44360,Diagnostic exam of small bowel (excluding lower small intestine) using an endoscope,1,1,13,13,95.630769231,558.69230769,119.46923077
50205,Biopsy of kidney,1,1,13,13,307.15,2775.9230769,384.46
92227,Imaging of retina with remote review by clinical staff,1,1,13,13,14.424615385,46.0,18.074615385
G0499,"Hepatitis b screening in non-pregnant, high risk individual includes hepatitis b surface antigen (hbsag), antibodies to hbsag (anti-hbs) and antibodies to hepatitis b core antigen (anti-hbc), and is followed by a neutralizing confirmatory test, when perfor",1,1,13,13,27.897692308,63.0,27.897692308
32608,Biopsy of growth of lung using an endoscope,1,1,13,13,301.48615385,1290.0,376.45615385
38500,Biopsy or removal of lymph nodes,1,1,13,13,124.15615385,609.0,155.11846154
35656,Bypass of diseased or blocked upper leg to lower thigh artery with other than vein,1,1,11,13,704.62153846,3321.2307692,888.45615385
69631,Repair of eardrum and ear canal with opening to ear bones,1,1,12,13,577.25461538,2144.0,723.03
43193,Biopsy of esophagus using a rigid endoscope,1,1,13,13,85.622307692,1840.0,106.99230769
31257,Exam of nose and sinus with removal of nasal sinus using an endoscope,1,1,13,13,567.73846154,2183.6553846,708.25846154
68130,Removal of growth of eyelid lining and sclera,1,1,12,13,236.98615385,1255.0,295.97076923
37609,Tying or biopsy of artery on side of skull,1,1,13,13,462.65923077,2924.7692308,580.12923077
26483,Transfer of tendon to back of hand with graft,1,1,12,12,637.63833333,1884.0,812.9925
49446,Conversion of stomach tube to stomach-to-small bowel tube using fluoroscopic guidance with contrast,1,1,12,12,75.963333333,501.0,94.79
0449T,Insertion of initial aqueous fluid drainage device into eye,1,1,11,12,651.9425,2685.0,813.5525
52630,Complete removal of remaining or regrown prostate tissue with control of bleeding using an endoscope,1,1,11,12,324.95083333,1145.0833333,405.65166667
86580,Skin test for tuberculosis,1,1,12,12,7.3391666667,19.0,10.02
31205,Removal of nasal sinus from outside nasal passage,1,1,11,12,291.26166667,4986.0,364.7
26600,Closed treatment of broken hand bone,1,1,12,12,233.41,612.0,292.53916667
80400,Hormonal panel for adrenal gland assessment (adrenal gland insufficiency),1,1,12,12,32.346666667,156.9,32.346666667
11624,"Removal of cancer skin growth of scalp, neck, hands, feet, or genitals, 3.1-4.0 cm",1,1,12,12,97.84,720.0,122.55
63044,"Partial removal of spine bone with re-exploration, release of upper or lower spinal cord or nerves and/or removal of disc, each additional interspace",1,1,12,12,34.67,2500.0,43.42
67412,Removal of growth of cavity behind eye,1,1,11,12,735.22083333,1924.1666667,917.81083333
62305,X-ray of multiple regions of spinal canal with review by radiologist,1,1,12,12,105.68166667,562.0,132.12166667
67400,Exploration of cavity behind eye,1,1,11,12,731.89333333,5432.9166667,917.08083333
95961,"Measurement of brain wave activity (eeg) with electrodes on brain to provoke seizures or identify brain structures, first hour",1,1,11,12,127.2075,1024.0,158.7775
50430,Injection procedure for imaging of kidney and ureter through new skin access using imaging guidance with review by radiologist,1,1,12,12,65.808333333,640.0,82.438333333
32652,Removal of chest cavity lining and lung lining using an endoscope,1,1,11,12,1389.5883333,2041.6666667,1741.4408333
G0421,"Face-to-face educational services related to the care of chronic kidney disease; group, per session, per one hour",1,1,12,12,14.6075,58.0,21.994166667
44378,Control of bleeding of small bowel using an endoscope,1,1,11,12,301.63416667,1200.0,373.79416667
64446,Injection by continuous infusion of anesthetic agent and/or steroid into lower back and leg nerve,1,1,12,12,39.698333333,186.25,53.8925
64463,Injection of anesthetic agent through tube into thoracic vertebra using imaging guidance,1,1,12,12,91.174166667,621.25,113.82416667
74261,Diagnostic ct scan of large intestine without contrast,1,1,12,12,141.605,1105.0,233.315
21198,Incision or partial removal of lower jaw bone,1,1,12,12,495.34,1888.33,620.96666667
46060,Incision and drainage of abscess in wall of rectum or between rectum and muscle with incision or removal of abnormal drainage tract,1,1,12,12,881.25083333,4922.3333333,1109.0191667
44361,Biopsy of small bowel (except ileum) using an endoscope,1,1,12,12,88.4775,617.33333333,110.715
20999,Other procedure on muscle or bone,1,1,12,12,21.849166667,211.78,27.364166667
81450,Test for detecting genes associated with blood related cancer,1,1,12,12,751.30083333,2658.36,751.30083333
20225,Deep biopsy of bone using needle or trocar,1,1,12,12,97.363333333,1596.5,121.96666667
81285,Gene analysis (frataxin) for characterization of alleles,1,1,12,12,274.83,549.66,274.83
Q0247,"Injection, sotrovimab, 500 mg",1,1,12,12,0.01,0.01,0.01
92313,Contact lens services for lens covering entire cornea,1,1,12,12,71.780833333,186.0,97.728333333
33229,Removal and replacement of multiple lead permanent pacemaker,1,1,12,12,311.96166667,1848.0,390.7425
33241,Removal of defibrillator,1,1,12,12,95.07,1068.0,118.68
25280,Lengthening or shortening of tendon of forearm and/or wrist,1,1,12,12,215.93166667,1868.8,266.86166667
43752,Insertion of stomach tube through nose or mouth using fluoroscopic guidance,1,1,11,12,25.78,138.0,32.21
44202,Partial removal and reconnection of small bowel using an endoscope,1,1,12,12,769.79916667,4500.0,964.3
44139,Release of large bowel from spleen and abdominal wall with partial removal of large bowel,1,1,12,12,94.34,927.0,118.31
68720,Creation of drainage tract from tear sac to nasal cavity,1,1,11,12,922.6475,3486.0,1141.4008333
27664,Primary repair of tendon on front of leg,1,1,12,12,128.51,1000.0,163.075
G0104,Colorectal cancer screening; flexible sigmoidoscopy,1,1,12,12,200.96833333,1300.0,200.96833333
90867,"Treatment using magnetic field to stimulate nerve cells in brain, initial delivery and management",1,1,12,12,292.315,600.0,377.1575
29700,"Removal or cutting of gauntlet, boot, or body cast",1,1,12,12,45.8775,150.0,57.4875
33233,Removal of permanent pacemaker pulse generator,1,1,12,12,92.1825,1074.9375,115.4825
23585,Treatment of broken shoulder blade,1,1,12,12,56.015,503.0,69.609166667
28289,Correction of rigid deformity of first joint of big toe,1,1,12,12,364.18833333,1706.25,455.27666667
77262,Intermediate radiation therapy planning,1,1,12,12,82.541666667,320.0,103.41916667
31574,Injection of substance to augment voice box using an endoscope,1,1,12,12,927.7075,4587.8333333,1183.345
28080,Removal of fibrous nerve growth from between toes,1,1,11,12,429.4725,5682.51,539.87333333
70482,Ct scan of cranial cavity before and after contrast,1,1,12,12,172.12916667,1521.4166667,214.94416667
27822,Treatment of 3 broken lower leg bones at ankle,1,1,12,12,92.465833333,734.66666667,115.81083333
52330,Manipulation of stone in ureter using an endoscope,1,1,11,12,142.13916667,2170.0,177.78916667
78579,Nuclear medicine study of lung ventilation,1,1,12,12,18.35,73.0,22.97
75809,Review by radiologist of previous placed shunt image,1,1,12,12,17.735,185.0,22.135
31020,Incision of nasal sinus through nose,1,1,11,11,194.21,835.81,264.47545455
Q4021,"Cast supplies, short arm splint, adult (11 years +), plaster",1,1,11,11,5.2872727273,20.0,7.2936363636
87276,Detection test by immunofluorescent technique for influenza a virus,1,1,11,11,14.786363636,15.047272727,14.786363636
20912,Graft of nose cartilage,1,1,11,11,215.96272727,2000.0,270.47636364
49561,Repair of trapped incisional or abdominal hernia,1,1,11,11,62.680909091,315.2,78.635454545
J7626,"Budesonide, inhalation solution, fda-approved final product, non-compounded, administered through dme, unit dose form, up to 0.5 mg",1,1,11,11,0.7881818182,4.0,0.9909090909
27138,Revision of thigh bone prosthesis,1,1,11,11,157.38,1009.61,195.08
27235,Placement of stabilizing device for upper end of broken thigh bone,1,1,11,11,693.6,3396.0,867.0
27132,Total hip replacement after previous hip surgery,1,1,11,11,1459.6445455,11034.2,1829.6745455
80181,Measurement of flecainide,1,1,11,11,18.42,130.95454545,18.42
26525,Repair of joint capsule of finger,1,1,11,11,562.27363636,8534.0,702.57727273
15730,Creation of flap graft to midface,1,1,11,11,758.16454545,3517.0481818,950.15818182
51999,Other procedure on bladder using an endoscope,1,1,11,11,727.21818182,5105.8736364,909.56
86625,Analysis for antibody to campylobacter (intestinal bacteria),1,1,11,11,12.954545455,209.23,12.954545455
20240,Biopsy of surface bone,1,1,11,11,84.369090909,198.37,105.74090909
65860,Laser removal of scar tissue of eye,1,1,11,11,365.15818182,1209.0909091,461.65090909
86015,Measurement of actin (smooth muscle) antibody,1,1,11,11,11.31,29.0,11.31
69632,"Repair of eardrum, ear canal, and bones",1,1,11,11,893.44272727,4599.5454545,1119.8936364
28126,Removal of toe bone at foot,1,1,11,11,96.217272727,905.36,120.69727273
35355,Removal of blood clot and portion of artery of upper thigh,1,1,11,11,339.81636364,985.63636364,424.71363636
34844,"Repair of aorta in abdomen below kidneys with graft, including 4 or more grafts in abdominal organ arteries with review by radiologist",1,1,11,11,1410.9536364,12409.090909,1766.8118182
22856,"Insertion of artificial upper spine disc, anterior approach",1,1,11,11,143.62272727,10400.0,179.93363636
26121,Removal of connective tissue of palm,1,1,11,11,262.60454545,2400.0,350.57818182
92544,Test for abnormal eye movement using a moving target with recording,1,1,11,11,13.463636364,92.0,16.893636364
38780,Removal of lymph nodes of abdominal cavity,1,1,11,11,425.92090909,2348.0,532.08818182
25332,Repair of wrist joint,1,1,11,11,741.59363636,2585.0,929.73363636
81218,"Gene analysis (ccaat/enhancer binding protein [c/ebp], alpha) full gene sequence",1,1,11,11,238.6,241.9,238.6
71048,"X-ray of chest, minimum of 4 views",1,1,11,11,13.024545455,106.0,16.304545455
27329,"Extensive removal of growth of thigh or knee, less than 5.0 cm",1,1,11,11,904.10181818,2349.0909091,1129.8072727
92240,Exam of blood vessels between the white part of eye and retina using a special camera after injection of a dye,1,1,11,11,38.174545455,343.0,47.853636364
33641,Repair of congenital defect between upper heart chambers on heart-lung machine,1,1,11,11,1255.7936364,4974.5090909,1571.49
36252,Insertion of tube into first order main and accessory arteries of both kidneys for imaging with review by radiologist,1,1,11,11,245.87181818,1140.0,308.03090909
93580,Repair of congenital abnormality in wall between upper heart chambers with implant,1,1,11,11,688.98181818,3901.0,848.09454545
46744,"Repair of defect for single channel outlet of rectum, vagina, and urinary tract through region between thighs or below sacrum",1,1,11,11,373.56363636,7000.0,468.16363636
44799,Other procedure on small bowel,1,1,11,11,48.047272727,350.0,60.124545455
61697,Repair of complex aneurysm of neck artery,1,1,11,11,3342.0845455,13667.0,4185.3372727
96931,"Imaging of skin growth using microscope with interpretation and report, first growth",1,1,11,11,169.19636364,884.0,211.32272727
78707,"Nuclear medicine study of kidney, blood flow, and function",1,1,11,11,31.132727273,490.0,39.023636364
G0248,"Demonstration, prior to initiation of home inr monitoring, for patient with either mechanical heart valve(s), chronic atrial fibrillation, or venous thromboembolism who meets medicare coverage criteria, under the direction of a physician; includes: face-to",1,1,11,11,51.627272727,318.0,70.937272727
43497,Incision of muscle of lower esophagus using an endoscope,1,1,11,11,698.99636364,2657.49,876.16636364
72191,Ct scan of blood vessels of pelvis with contrast,1,1,11,11,210.88181818,1020.0,263.41
27606,Incision of achilles tendon under anesthesia,1,1,11,11,108.38,1973.36,135.92
27650,Repair of ruptured achilles tendon,1,1,11,11,600.02,16436.363636,752.33636364
27654,Secondary repair of ruptured achilles tendon,1,1,11,11,291.10818182,1756.0,364.68818182
74248,Follow-through x-ray of small intestines,1,1,11,11,62.689090909,415.0,84.936363636
50320,Removal of donor kidney from living donor,1,1,11,11,221.57818182,5423.0,276.71272727
49654,Repair of incisional hernia using an endoscope,1,1,11,11,699.25272727,2746.0,871.96363636
72198,Mri scan of blood vessels of pelvis,1,1,11,11,69.279090909,463.0,86.857272727
48153,"Near total removal of pancreas, bile duct, and small bowel with connection of pancreas to small bowel",1,1,11,11,2693.4745455,13422.0,3374.2745455
46946,Tying of multiple internal hemorrhoid groups,1,1,11,11,148.36818182,610.0,185.97818182
47379,Other procedure on liver using an endoscope,1,1,11,11,88.415454545,1100.0,110.74545455
47490,Insertion of tube into gallbladder using imaging guidance with review by radiologist,1,1,11,11,286.74727273,2138.0,358.15727273
49020,Drainage of abdominal abscess or infection,1,1,11,11,1128.6463636,4414.75,1414.3381818
